ayah_id,word_count,confusability_total,confusability_max,confusability_top_5,confusability_top_10,length_factor,final_score,probability,top_competitor_id,top_competitor_score
1:1,4,234.8448,165.8022,221.2602,234.8448,0.5,117.4224,9.181e-05,27:30,165.8022
1:2,4,1099.321,146.4522,538.5806,671.6879,0.5,335.8439,0.0002626,10:10,146.4522
1:3,2,67.9234,13.5847,67.9234,67.9234,0.7071,48.0291,3.755e-05,1:1,13.5847
1:4,3,114.1265,12.6807,63.4036,114.1265,0.5774,65.8909,5.152e-05,15:35,12.6807
1:5,4,0,0.0,0,0,0.5,0.0,0.0,,0.0
1:6,3,15.2793,15.2793,15.2793,15.2793,0.5774,8.8215,6.9e-06,37:118,15.2793
1:7,9,167.0386,11.9313,59.6567,119.3133,0.3333,39.7711,3.11e-05,2:38,11.9313
2:1,1,0,0.0,0,0,1.0,0.0,0.0,,0.0
2:2,7,758.8145,151.9108,454.1292,669.8188,0.378,253.1677,0.00019796,10:37,151.9108
2:3,8,535.6008,157.2662,477.5487,535.6008,0.3536,189.3635,0.00014807,8:3,157.2662
2:4,12,2787.2994,1034.7342,1997.3101,2079.8599,0.2887,600.4038,0.00046946,4:162,1034.7342
2:5,8,1658.5044,1070.8793,1275.7263,1350.9759,0.3536,477.6421,0.00037348,31:5,1070.8793
2:6,11,3428.1439,848.5742,1006.5445,1204.0074,0.3015,363.0219,0.00028385,36:10,848.5742
2:7,12,1192.2735,50.9668,254.3149,391.8057,0.2887,113.1045,8.844e-05,3:176,50.9668
2:8,11,1347.1028,610.1974,815.1077,1064.6399,0.3015,321.001,0.000251,29:10,610.1974
2:9,10,917.3258,158.1095,450.3329,530.61,0.3162,167.7936,0.0001312,3:69,158.1095
2:10,12,2002.355,54.0659,254.8524,499.3869,0.2887,144.1606,0.00011272,6:70,54.0659
2:11,11,2234.3901,56.2037,259.1329,497.1046,0.3015,149.8827,0.0001172,37:35,56.2037
2:12,7,451.7761,69.8296,166.9989,232.4092,0.378,87.8424,6.869e-05,2:13,69.8296
2:13,19,1509.3877,154.5493,386.2233,624.1949,0.2294,143.2001,0.00011197,2:91,154.5493
2:14,16,2602.7575,842.9195,1050.6047,1115.3354,0.25,278.8339,0.00021802,2:76,842.9195
2:15,7,222.2878,55.572,222.2878,222.2878,0.378,84.0169,6.569e-05,6:110,55.572
2:16,11,975.2285,390.6946,571.3462,630.3966,0.3015,190.0717,0.00014862,2:175,390.6946
2:17,17,126.4232,15.2793,70.8512,126.4232,0.2425,30.6621,2.398e-05,2:171,15.2793
2:18,6,591.7937,393.9134,448.6177,508.2743,0.4082,207.5021,0.00016225,2:171,393.9134
2:19,19,561.555,60.5418,109.7507,157.815,0.2294,36.2052,2.831e-05,71:7,60.5418
2:20,25,11313.0383,469.0773,2345.3865,4690.7731,0.2,938.1546,0.00073356,2:106,469.0773
2:21,11,851.774,162.794,285.6173,353.0066,0.3015,106.4355,8.322e-05,2:183,162.794
2:22,23,4153.1354,1515.9848,2257.8329,2504.8447,0.2085,522.2962,0.00040839,14:32,1515.9848
2:23,20,6093.3525,580.9346,1413.9992,1683.3378,0.2236,376.4058,0.00029432,10:38,580.9346
2:24,13,327.7475,61.1171,176.4954,241.3212,0.2774,66.9305,5.233e-05,66:6,61.1171
2:25,34,15710.3835,590.5607,2425.1665,4336.7184,0.1715,743.7411,0.00058154,85:11,590.5607
2:26,39,6655.1737,402.7219,743.9386,1005.2961,0.1601,160.9762,0.00012587,74:31,402.7219
2:27,20,7072.5248,3091.2684,3845.1278,4066.6397,0.2236,909.3283,0.00071102,13:25,3091.2684
2:28,13,549.3863,159.958,507.3427,549.3863,0.2774,152.3723,0.00011914,22:66,159.958
2:29,19,4772.1161,164.8533,759.5705,1404.9069,0.2294,322.3077,0.00025202,41:11,164.8533
2:30,28,3115.7741,386.344,709.8107,944.7204,0.189,178.5354,0.0001396,15:28,386.344
2:31,15,1556.4166,40.9134,204.5668,409.1336,0.2582,105.6378,8.26e-05,2:23,40.9134
2:32,12,659.6085,73.3155,132.1312,199.3009,0.2887,57.5332,4.499e-05,5:109,73.3155
2:33,22,2241.2687,618.3117,850.249,1100.2899,0.2132,234.5826,0.00018342,12:96,618.3117
2:34,13,4176.0924,1218.0868,4049.8147,4162.5077,0.2774,1154.4719,0.0009027,20:116,1218.0868
2:35,18,1548.8633,1479.8206,1535.2786,1548.8633,0.2357,365.0706,0.00028545,7:19,1479.8206
2:36,19,3202.3011,1756.1808,1899.8219,1967.2112,0.2294,451.3092,0.00035289,7:24,1756.1808
2:37,11,711.4004,159.5183,302.7921,371.4297,0.3015,111.9903,8.757e-05,2:54,159.5183
2:38,17,5044.6356,526.6837,2534.5547,4125.9988,0.2425,1000.7017,0.00078246,5:69,526.6837
2:39,10,7103.8054,782.31,3005.022,5244.2271,0.3162,1658.3702,0.0012967,64:10,782.31
2:40,13,1711.5188,821.4894,1684.3494,1711.5188,0.2774,474.6899,0.00037117,2:47,821.4894
2:41,18,853.3594,394.2781,510.3551,583.1112,0.2357,137.4406,0.00010747,5:44,394.2781
2:42,8,116.6891,75.0101,116.6891,116.6891,0.3536,41.2558,3.226e-05,3:71,75.0101
2:43,7,1057.6452,143.9766,719.8832,966.8154,0.378,365.4219,0.00028573,2:83,143.9766
2:44,10,146.3807,12.1984,60.992,121.9839,0.3162,38.5747,3.016e-05,2:76,12.1984
2:45,8,248.2494,57.5336,107.9002,166.379,0.3536,58.8239,4.6e-05,2:143,57.5336
2:46,8,243.3178,167.4968,243.3178,243.3178,0.3536,86.0258,6.726e-05,2:249,167.4968
2:47,11,2704.571,1736.0492,2598.9093,2665.3248,0.3015,803.6257,0.00062837,2:122,1736.0492
2:48,19,2618.3452,1893.489,2127.0484,2237.2307,0.2294,513.2559,0.00040132,2:123,1893.489
2:49,18,4254.6011,1857.3456,3817.3005,3881.6572,0.2357,914.9154,0.00071539,7:141,1857.3456
2:50,10,211.0584,58.1845,112.2855,174.0186,0.3162,55.0295,4.303e-05,8:54,58.1845
2:51,12,1076.4993,851.2703,904.2236,961.6488,0.2887,277.6041,0.00021706,2:92,851.2703
2:52,8,1323.5778,44.5012,222.5062,445.0123,0.3536,157.3356,0.00012302,2:64,44.5012
2:53,7,511.4526,50.77,253.85,433.946,0.378,164.0162,0.00012825,2:87,50.77
2:54,26,2290.1523,367.8317,1190.62,1459.601,0.1961,286.2513,0.00022382,5:20,367.8317
2:55,14,421.1241,168.0721,379.4451,421.1241,0.2673,112.5501,8.8e-05,2:61,168.0721
2:56,7,777.8957,21.7697,74.0979,126.3249,0.378,47.7463,3.733e-05,2:52,21.7697
2:57,18,3877.0319,2177.9973,3204.2587,3757.5002,0.2357,885.6513,0.0006925,7:160,2177.9973
2:58,20,333.9532,165.5351,224.3508,293.1991,0.2236,65.5613,5.126e-05,7:161,165.5351
2:59,18,3090.0158,821.4026,1584.9137,1657.5471,0.2357,390.6876,0.00030548,7:162,821.4026
2:60,28,4668.5201,1373.4095,3016.43,3089.057,0.189,583.7769,0.00045646,7:160,1373.4095
2:61,59,4670.8201,1411.1812,2731.9665,2899.9366,0.1302,377.5396,0.0002952,3:112,1411.1812
2:62,24,12634.8292,1487.3229,5775.6967,7488.8365,0.2041,1528.6523,0.00119528,5:69,1487.3229
2:63,15,3034.3119,1533.7663,2924.4012,2993.5579,0.2582,772.9333,0.00060437,2:93,1533.7663
2:64,13,2371.6123,145.2524,726.2619,948.7681,0.2774,263.1409,0.00020575,4:83,145.2524
2:65,12,212.7593,168.0721,212.7593,212.7593,0.2887,61.4183,4.802e-05,7:166,168.0721
2:66,9,145.7436,27.129,81.3869,145.7436,0.3333,48.5812,3.799e-05,5:46,27.129
2:67,20,2895.3593,158.6997,749.5762,1023.4769,0.2236,228.8564,0.00017895,4:58,158.6997
2:68,23,3107.0279,1201.3585,2971.0475,3040.4398,0.2085,633.9755,0.00049571,2:69,1201.3585
2:69,18,2554.615,1201.3585,2513.2444,2554.615,0.2357,602.1285,0.00047081,2:68,1201.3585
2:70,17,2549.1933,1048.4814,2029.3644,2246.0211,0.2425,544.7401,0.00042594,2:68,1048.4814
2:71,24,1176.7426,610.6803,1032.0177,1092.3197,0.2041,222.9688,0.00017434,2:68,610.6803
2:72,11,275.2074,15.2793,63.9198,119.5218,0.3015,36.0372,2.818e-05,2:33,15.2793
2:73,11,168.5165,58.1338,115.246,168.5165,0.3015,50.8096,3.973e-05,2:242,58.1338
2:74,37,3578.0068,579.8532,1792.0152,2046.7367,0.1644,336.4814,0.0002631,2:140,579.8532
2:75,19,2109.0442,56.6263,245.5938,447.8919,0.2294,102.7535,8.034e-05,9:6,56.6263
2:76,23,2867.8674,842.9195,1068.6107,1156.7225,0.2085,241.1933,0.00018859,2:14,842.9195
2:77,9,4020.934,800.3268,1594.7662,2174.5684,0.3333,724.8561,0.00056678,16:23,800.3268
2:78,11,709.7007,59.4225,201.9848,267.3951,0.3015,80.6227,6.304e-05,45:24,59.4225
2:79,24,1399.9443,56.5368,246.7883,469.6461,0.2041,95.8661,7.496e-05,2:174,56.5368
2:80,23,4412.1301,396.686,1740.6953,2246.2817,0.2085,468.3821,0.00036623,3:24,396.686
2:81,13,3620.7398,553.6131,1851.3084,3195.919,0.2774,886.3884,0.00069308,2:275,553.6131
2:82,10,5869.0594,691.8419,2146.378,2764.9987,0.3162,874.3694,0.00068368,7:42,691.8419
2:83,29,2324.566,161.8789,737.7854,1098.901,0.1857,204.0608,0.00015956,5:70,161.8789
2:84,15,201.8477,58.0048,159.8041,201.8477,0.2582,52.1168,4.075e-05,2:63,58.0048
2:85,49,3565.6916,354.6488,1569.1625,1909.78,0.1429,272.8257,0.00021333,2:74,354.6488
2:86,13,2327.699,376.4596,932.7766,1192.2771,0.2774,330.6782,0.00025856,2:162,376.4596
2:87,28,3197.3674,1072.9562,1663.6419,2189.1818,0.189,413.7165,0.00032349,2:253,1072.9562
2:88,10,177.8062,61.1171,163.9132,177.8062,0.3162,56.2273,4.396e-05,4:155,61.1171
2:89,26,4450.8692,623.4583,806.7521,1029.6099,0.1961,201.9231,0.00015789,2:101,623.4583
2:90,27,4418.0801,347.3766,1316.7363,1765.7265,0.1925,339.8142,0.00026571,14:11,347.3766
2:91,30,5426.0565,154.5493,486.8797,779.1501,0.1826,142.2527,0.00011123,2:13,154.5493
2:92,11,1107.0579,851.2703,923.2972,980.7224,0.3015,295.6989,0.00023121,2:51,851.2703
2:93,27,3353.7917,1533.7663,1841.7499,2062.3392,0.1925,396.8974,0.00031034,2:63,1533.7663
2:94,17,4258.6887,1053.5111,1346.2448,1576.7281,0.2425,382.4127,0.00029901,62:6,1053.5111
2:95,9,1422.3568,840.8427,1055.7168,1201.5817,0.3333,400.5272,0.00031318,62:7,840.8427
2:96,25,939.2126,157.4525,444.6756,516.4101,0.2,103.282,8.076e-05,3:163,157.4525
2:97,18,1597.433,145.6268,728.1339,922.5929,0.2357,217.4572,0.00017003,3:3,145.6268
2:98,12,700.3376,57.3229,103.2631,160.6883,0.2887,46.3867,3.627e-05,2:97,57.3229
2:99,10,207.1128,15.2793,73.8594,141.7025,0.3162,44.8103,3.504e-05,24:34,15.2793
2:100,10,1010.1972,50.6336,253.1682,393.0495,0.3162,124.2932,9.719e-05,16:75,50.6336
2:101,22,3852.2096,623.4583,1180.6178,1532.3871,0.2132,326.706,0.00025546,2:89,623.4583
2:102,74,2742.8019,381.1166,706.225,965.9542,0.1162,112.2899,8.78e-05,2:200,381.1166
2:103,12,1808.8623,85.4396,292.4511,548.0887,0.2887,158.2196,0.00012371,3:198,85.4396
2:104,12,5943.1578,108.1073,540.5366,1081.0733,0.2887,312.079,0.00024402,2:264,108.1073
2:105,25,7588.2899,1013.7322,3044.0688,4271.5721,0.2,854.3144,0.000668,3:74,1013.7322
2:106,19,11127.5526,469.0773,2345.3865,4690.7731,0.2294,1076.1371,0.00084145,2:20,469.0773
2:107,17,15482.1026,1716.0943,5566.4752,6693.627,0.2425,1623.443,0.00126939,9:116,1716.0943
2:108,18,1400.0696,159.5047,488.6362,607.6543,0.2357,143.2255,0.00011199,5:12,159.5047
2:109,33,14560.8151,480.4648,2356.774,4702.1605,0.1741,818.5411,0.00064003,3:165,480.4648
2:110,17,7496.7861,1256.3283,2256.2753,2869.4268,0.2425,695.9382,0.00054416,73:20,1256.3283
2:111,18,2985.329,603.4991,820.4133,1024.9801,0.2357,241.5901,0.0001889,27:64,603.4991
2:112,17,5145.0734,526.6837,2503.4208,4094.8649,0.2425,993.1506,0.00077656,2:62,526.6837
2:113,31,5091.0335,769.3058,3197.3171,3452.2232,0.1796,620.0376,0.00048482,10:93,769.3058
2:114,30,4195.5271,1288.1746,1944.4186,2197.1454,0.1826,401.142,0.00031366,5:41,1288.1746
2:115,12,3051.0327,36.2529,181.2646,362.5293,0.2887,104.6532,8.183e-05,2:110,36.2529
2:116,14,6097.8679,598.5797,1489.7936,2117.8748,0.2673,566.0258,0.00044258,30:26,598.5797
2:117,11,3704.7833,791.8794,2579.4427,2721.6371,0.3015,820.6045,0.00064164,3:47,791.8794
2:118,24,2849.7326,120.0939,322.9887,541.4254,0.2041,110.518,8.642e-05,2:113,120.0939
2:119,10,520.1721,395.2181,452.2486,520.1721,0.3162,164.4929,0.00012862,35:24,395.2181
2:120,31,6605.2116,1655.6805,3306.6652,4197.1358,0.1796,753.8278,0.00058943,13:37,1655.6805
2:121,15,1457.4097,620.5245,854.4668,1043.7798,0.2582,269.5028,0.00021073,11:17,620.5245
2:122,11,2704.571,1736.0492,2598.9093,2665.3248,0.3015,803.6257,0.00062837,2:47,1736.0492
2:123,18,2603.066,1893.489,2127.0484,2234.0118,0.2357,526.5616,0.00041173,2:48,1893.489
2:124,19,272.7248,15.2793,70.4298,134.7865,0.2294,30.9221,2.418e-05,14:40,15.2793
2:125,22,161.9422,60.0955,133.427,161.9422,0.2132,34.5262,2.7e-05,2:136,60.0955
2:126,30,1891.5247,164.0276,410.4352,651.2452,0.1826,118.9006,9.297e-05,2:260,164.0276
2:127,14,450.9329,161.6433,210.4369,271.4288,0.2673,72.5424,5.672e-05,3:35,161.6433
2:128,17,214.3042,13.5847,67.9234,128.9154,0.2425,31.2666,2.445e-05,2:37,13.5847
2:129,16,1250.4058,223.4582,674.5927,822.282,0.25,205.5705,0.00016074,62:2,223.4582
2:130,18,2190.7924,832.0317,1286.3061,1381.185,0.2357,325.5484,0.00025455,29:27,832.0317
2:131,9,428.6551,55.0281,113.0803,178.3039,0.3333,59.4346,4.647e-05,28:76,55.0281
2:132,16,1782.5958,168.0721,239.8387,272.2495,0.25,68.0624,5.322e-05,3:102,168.0721
2:133,27,1034.293,168.0721,467.9311,594.1182,0.1925,114.3381,8.94e-05,6:144,168.0721
2:134,15,3367.5901,2672.6747,2855.4014,2924.3159,0.2582,755.0551,0.00059039,2:141,2672.6747
2:135,15,2159.393,356.4562,1271.1406,1439.4602,0.2582,371.667,0.00029061,3:95,356.4562
2:136,31,5125.0753,2753.3463,4280.3028,4637.3302,0.1796,832.8891,0.00065125,3:84,2753.3463
2:137,19,1134.2931,395.2181,604.8914,716.3836,0.2294,164.3497,0.00012851,3:20,395.2181
2:138,10,1154.6821,160.2704,229.6468,297.5703,0.3162,94.1,7.358e-05,5:50,160.2704
2:139,14,437.0935,74.095,216.4014,283.3196,0.2673,75.7203,5.921e-05,42:15,74.095
2:140,30,4503.1878,579.8532,2026.6128,2604.0526,0.1826,475.4328,0.00037175,2:74,579.8532
2:141,15,3367.5901,2672.6747,2855.4014,2924.3159,0.2582,755.0551,0.00059039,2:134,2672.6747
2:142,21,2930.0053,573.3382,1602.8149,1840.9335,0.2182,401.7246,0.00031411,2:213,573.3382
2:143,45,4047.3799,387.078,635.7882,899.4913,0.1491,134.0882,0.00010485,22:65,387.078
2:144,34,5049.2985,1750.7731,2729.7253,3214.3096,0.1715,551.2495,0.00043103,2:150,1750.7731
2:145,32,3808.0648,587.7754,1309.8355,1565.8614,0.1768,276.8078,0.00021644,3:61,587.7754
2:146,14,1147.9981,849.2838,1028.8462,1095.4343,0.2673,292.7671,0.00022892,6:20,849.2838
2:147,7,1967.1802,824.8345,1368.9945,1542.8515,0.378,583.1431,0.00045597,10:94,824.8345
2:148,19,10767.0642,469.0773,2345.3865,4690.7731,0.2294,1076.1371,0.00084145,2:20,469.0773
2:149,17,3733.804,1067.3642,2659.3226,3187.2425,0.2425,773.0198,0.00060444,2:150,1067.3642
2:150,31,3890.956,1750.7731,3092.782,3178.5518,0.1796,570.8848,0.00044638,2:144,1750.7731
2:151,17,542.9766,162.794,231.5044,297.9044,0.2425,72.2524,5.65e-05,2:239,162.794
2:152,6,15.2793,15.2793,15.2793,15.2793,0.4082,6.2377,4.88e-06,9:49,15.2793
2:153,10,5468.9423,152.9025,373.2018,567.7258,0.3162,179.5307,0.00014038,8:46,152.9025
2:154,13,2138.4035,145.9145,377.1274,571.925,0.2774,158.6235,0.00012403,4:74,145.9145
2:155,12,44.6871,15.2793,44.6871,44.6871,0.2887,12.9001,1.009e-05,7:130,15.2793
2:156,10,311.3585,61.1171,117.1505,180.1139,0.3162,56.957,4.454e-05,4:62,61.1171
2:157,9,379.5628,23.5058,85.9111,144.9616,0.3333,48.3205,3.778e-05,2:5,23.5058
2:158,24,676.4832,28.5969,114.5468,180.6886,0.2041,36.8829,2.884e-05,2:173,28.5969
2:159,20,2703.2081,161.3841,340.405,542.7031,0.2236,121.3521,9.489e-05,2:174,161.3841
2:160,11,557.9561,160.0214,332.8054,398.5316,0.3015,120.1618,9.396e-05,4:146,160.0214
2:161,13,3491.7447,623.7344,1379.8555,1577.3184,0.2774,437.4694,0.00034206,3:87,623.7344
2:162,9,2607.6949,1280.9826,1828.3937,1935.8199,0.3333,645.2733,0.00050455,3:88,1280.9826
2:163,9,3873.9494,173.956,634.3911,1209.9351,0.3333,403.3117,0.00031536,59:22,173.956
2:164,43,9714.4002,1054.481,3333.2331,4042.4069,0.1525,616.4613,0.00048202,45:5,1054.481
2:165,31,4420.5611,54.1857,253.8114,503.3436,0.1796,90.4032,7.069e-05,2:9,54.1857
2:166,12,326.9525,15.2793,67.4621,121.5226,0.2887,35.0805,2.743e-05,2:167,15.2793
2:167,23,724.0335,71.1993,186.2748,254.872,0.2085,53.1445,4.155e-05,5:37,71.1993
2:168,16,4440.6883,1033.81,2828.8888,2905.3925,0.25,726.3481,0.00056794,6:142,1033.81
2:169,11,3836.8847,792.6548,1933.1826,2345.2796,0.3015,707.1284,0.00055291,7:33,792.6548
2:170,22,4450.4895,1898.3949,2920.4038,3158.3755,0.2132,673.3679,0.00052652,31:21,1898.3949
2:171,18,1761.2258,393.9134,464.5363,535.3875,0.2357,126.1921,9.867e-05,2:18,393.9134
2:172,14,5768.3815,367.3186,1413.4096,1670.4339,0.2673,446.4422,0.00034908,2:57,367.3186
2:173,25,8080.7959,1940.1986,4600.95,5212.0569,0.2,1042.4114,0.00081508,16:115,1940.1986
2:174,29,5159.9031,961.2047,1312.5657,1583.3852,0.1857,294.0273,0.0002299,3:77,961.2047
2:175,11,777.7772,390.6946,486.6719,549.1956,0.3015,165.5887,0.00012948,2:16,390.6946
2:176,14,855.7274,60.5418,276.8878,476.122,0.2673,127.249,9.95e-05,22:53,60.5418
2:177,51,4058.9672,521.7673,1971.0023,2460.108,0.14,344.484,0.00026936,9:18,521.7673
2:178,37,6016.877,878.2504,1363.1015,1525.2146,0.1644,250.7437,0.00019606,5:94,878.2504
2:179,8,185.942,60.0955,118.0186,185.942,0.3536,65.7404,5.14e-05,5:100,60.0955
2:180,16,547.9048,166.4751,421.0447,492.3328,0.25,123.0832,9.624e-05,5:106,166.4751
2:181,14,2876.0506,141.9294,529.351,701.428,0.2673,187.4645,0.00014658,2:244,141.9294
2:182,16,4672.0967,797.471,1505.529,2116.6359,0.25,529.159,0.00041376,2:173,797.471
2:183,14,5019.9679,367.1806,683.0137,874.8657,0.2673,233.8177,0.00018283,2:178,367.1806
2:184,32,5181.0776,1079.8026,2467.6169,3726.6726,0.1768,658.7889,0.00051512,2:185,1079.8026
2:185,44,2627.0419,1079.8026,1408.7325,1565.0461,0.1508,235.9396,0.00018448,2:184,1079.8026
2:186,17,0,0.0,0,0,0.2425,0.0,0.0,,0.0
2:187,65,1640.3716,162.9568,412.6174,722.8197,0.124,89.6548,7.01e-05,2:229,162.9568
2:188,17,338.5977,168.0721,225.9952,296.9188,0.2425,72.0134,5.631e-05,4:29,168.0721
2:189,27,945.6631,152.2791,472.4563,542.0743,0.1925,104.3223,8.157e-05,3:130,152.2791
2:190,13,6588.1297,810.6669,1354.7366,1978.8625,0.2774,548.8377,0.00042914,5:87,810.6669
2:191,25,500.646,61.1171,209.6784,270.6703,0.2,54.1341,4.233e-05,2:217,61.1171
2:192,6,2305.9348,161.9516,688.1593,1179.2002,0.4082,481.4065,0.00037642,8:39,161.9516
2:193,15,1190.9621,915.031,974.422,1038.9172,0.2582,268.2473,0.00020975,8:39,915.031
2:194,22,4216.1086,363.7037,1775.5691,2112.2163,0.2132,450.326,0.00035212,9:36,363.7037
2:195,14,4306.168,149.919,523.7282,748.7539,0.2673,200.1129,0.00015647,5:13,149.919
2:196,73,6200.7482,614.1909,2070.0954,3063.6121,0.117,358.5687,0.00028037,5:89,614.1909
2:197,29,492.4768,159.5459,363.908,429.9434,0.1857,79.8385,6.243e-05,2:215,159.5459
2:198,26,1186.6032,158.4741,485.2606,558.5921,0.1961,109.5489,8.566e-05,24:29,158.4741
2:199,12,5994.8921,547.8973,1635.1659,2246.2728,0.2887,648.4431,0.00050703,73:20,547.8973
2:200,24,2539.7373,619.6433,1494.2817,1678.877,0.2041,342.6993,0.00026796,2:201,619.6433
2:201,14,1655.2551,619.6433,952.8197,1072.2514,0.2673,286.5712,0.00022407,2:200,619.6433
2:202,8,437.7488,60.0955,174.012,243.3953,0.3536,86.0532,6.729e-05,2:264,60.0955
2:203,25,1164.0174,157.4752,383.0522,585.3419,0.2,117.0684,9.154e-05,2:223,157.4752
2:204,17,3177.612,59.6405,268.3941,515.9057,0.2425,125.1255,9.784e-05,22:11,59.6405
2:205,14,1802.8743,56.968,256.0673,327.1496,0.2673,87.4344,6.837e-05,5:64,56.968
2:206,12,192.4305,15.2793,62.5196,121.57,0.2887,35.0942,2.744e-05,33:1,15.2793
2:207,11,933.8437,61.1171,278.5614,528.0936,0.3015,159.2262,0.0001245,3:30,61.1171
2:208,15,6471.274,1018.5308,2846.0321,3008.1452,0.2582,776.6998,0.00060731,2:168,1018.5308
2:209,12,4138.5478,138.69,693.4502,938.8025,0.2887,271.0089,0.00021191,2:220,138.69
2:210,17,2073.8582,152.2393,750.0615,1190.1618,0.2425,288.6566,0.0002257,6:158,152.2393
2:211,20,4033.0574,149.0009,621.8184,877.0345,0.2236,196.1109,0.00015334,8:13,149.0009
2:212,20,4666.5216,603.4525,1152.3266,1397.0843,0.2236,312.3976,0.00024427,24:38,603.4525
2:213,49,7984.2268,802.5274,2453.9337,2837.5864,0.1429,405.3695,0.00031696,24:46,802.5274
2:214,30,2829.6704,623.5738,1053.8867,1315.1575,0.1826,240.1138,0.00018775,3:142,623.5738
2:215,22,3047.7518,607.201,1678.7061,2170.7207,0.2132,462.7992,0.00036187,4:127,607.201
2:216,25,2199.3401,360.6196,1292.1787,1459.2919,0.2,291.8584,0.00022821,2:232,360.6196
2:217,57,7658.698,598.5051,2382.21,4004.3291,0.1325,530.3863,0.00041472,9:69,598.5051
2:218,16,6065.5368,151.2775,716.4439,1124.8957,0.25,281.2239,0.00021989,49:15,151.2775
2:219,26,2909.1033,800.7258,2005.9158,2466.146,0.1961,483.651,0.00037817,2:266,800.7258
2:220,26,4149.0381,138.69,693.4502,959.0983,0.1961,188.0947,0.00014707,2:209,138.69
2:221,39,536.3792,61.1171,252.662,323.8779,0.1601,51.862,4.055e-05,10:25,61.1171
2:222,27,3601.3514,135.2382,316.6024,538.354,0.1925,103.6063,8.101e-05,3:159,135.2382
2:223,16,700.0557,157.4752,361.8573,432.1332,0.25,108.0333,8.447e-05,2:203,157.4752
2:224,14,566.3548,51.1775,255.8876,402.9297,0.2673,107.6875,8.42e-05,2:256,51.1775
2:225,14,1649.5736,1314.0185,1414.5606,1481.1487,0.2673,395.8536,0.00030952,5:89,1314.0185
2:226,13,2197.8291,131.5519,657.7597,1060.574,0.2774,294.1503,0.00023,2:192,131.5519
2:227,7,864.7809,51.7814,258.9071,321.5613,0.378,121.5388,9.503e-05,2:181,51.7814
2:228,40,2700.0653,152.8046,631.2825,902.2285,0.1581,142.6549,0.00011154,9:99,152.8046
2:229,46,2496.8777,175.6323,674.3849,956.885,0.1474,141.085,0.00011032,65:1,175.6323
2:230,30,1656.331,162.5992,448.7032,525.7272,0.1826,95.9842,7.505e-05,4:128,162.5992
2:231,45,7791.4528,396.2397,1784.7289,3133.0545,0.1491,467.0482,0.00036519,2:232,396.2397
2:232,33,4065.6592,396.2397,1779.1263,2397.6406,0.1741,417.3757,0.00032635,2:231,396.2397
2:233,64,5705.2436,355.9968,1760.1554,2151.4133,0.125,268.9267,0.00021028,2:110,355.9968
2:234,25,2464.7944,512.6365,1065.3989,1524.1394,0.2,304.8279,0.00023835,2:240,512.6365
2:235,47,6808.1615,339.1086,1342.4893,1935.5165,0.1459,282.3241,0.00022075,5:97,339.1086
2:236,25,627.1632,58.8157,245.9843,319.3157,0.2,63.8631,4.994e-05,2:180,58.8157
2:237,35,5861.9039,376.9,1200.5653,1444.6506,0.169,244.1905,0.00019094,33:49,376.9
2:238,8,0,0.0,0,0,0.3536,0.0,0.0,,0.0
2:239,15,512.1867,162.794,222.7604,293.3193,0.2582,75.7347,5.922e-05,2:151,162.794
2:240,27,1255.136,512.6365,727.7564,877.1333,0.1925,168.8044,0.00013199,2:234,512.6365
2:241,6,224.5864,165.7707,224.5864,224.5864,0.4082,91.687,7.169e-05,2:180,165.7707
2:242,7,2446.467,574.4631,1797.5664,2248.6313,0.378,849.9027,0.00066455,3:103,574.4631
2:243,28,9089.4743,1653.9571,3753.0115,4415.407,0.189,834.4335,0.00065246,40:61,1653.9571
2:244,9,5029.4162,152.3967,718.7026,1243.8187,0.3333,414.6062,0.00032419,2:190,152.3967
2:245,16,1750.3393,1302.7888,1524.7981,1673.1113,0.25,418.2778,0.00032706,57:11,1302.7888
2:246,54,5357.8658,213.8358,471.554,747.0838,0.1361,101.6652,7.949e-05,4:77,213.8358
2:247,43,4152.2214,361.2715,1099.3077,1356.5233,0.1525,206.8679,0.00016175,3:73,361.2715
2:248,30,6698.802,1014.1955,1583.8926,2173.0402,0.1826,396.741,0.00031022,3:49,1014.1955
2:249,60,4504.1131,388.7329,734.2933,984.5233,0.1291,127.1014,9.938e-05,8:66,388.7329
2:250,15,1103.9721,632.9855,924.585,989.655,0.2582,255.5278,0.0001998,3:147,632.9855
2:251,27,1248.4407,624.8537,737.962,809.6964,0.1925,155.8262,0.00012184,22:40,624.8537
2:252,9,1534.2755,597.4446,1236.5682,1300.488,0.3333,433.496,0.00033896,3:108,597.4446
2:253,52,7500.1184,1072.9562,2114.464,2667.7408,0.1387,369.9491,0.00028927,2:87,1072.9562
2:254,21,8091.6604,1257.6391,2889.4291,3147.5531,0.2182,686.8524,0.00053706,14:31,1257.6391
2:255,50,26239.8286,1011.7883,3902.5247,7027.6033,0.1414,993.8532,0.00077711,20:110,1011.7883
2:256,24,783.656,168.0721,372.7822,555.487,0.2041,113.3883,8.866e-05,31:22,168.0721
2:257,24,6730.0229,541.5066,2456.288,3907.5347,0.2041,797.6222,0.00062367,2:39,541.5066
2:258,43,5353.692,327.3055,1636.5273,2299.8389,0.1525,350.7221,0.00027423,3:86,327.3055
2:259,67,11625.5987,469.0773,2345.3865,4690.7731,0.1222,573.0691,0.00044809,2:20,469.0773
2:260,39,3339.0742,164.0276,718.7877,1018.8985,0.1601,163.1543,0.00012757,2:126,164.0276
2:261,24,3658.3908,599.1689,1148.0611,1404.8963,0.2041,286.7733,0.00022423,2:262,599.1689
2:262,24,10148.0929,1389.1261,4899.7929,6503.0471,0.2041,1327.4289,0.00103794,2:277,1389.1261
2:263,11,106.8537,15.2793,67.6075,106.8537,0.3015,32.2176,2.519e-05,64:6,15.2793
2:264,38,9560.6247,351.71,969.8525,1665.7791,0.1622,270.2251,0.00021129,9:37,351.71
2:265,27,2110.9447,137.0525,685.2625,972.9003,0.1925,187.2347,0.0001464,3:156,137.0525
2:266,35,7783.433,800.7258,2016.184,2676.6263,0.169,452.4324,0.00035376,2:219,800.7258
2:267,29,7281.6843,139.3776,439.1136,710.491,0.1857,131.9349,0.00010316,2:254,139.3776
2:268,13,283.6761,54.0717,270.3585,283.6761,0.2774,78.6776,6.152e-05,2:247,54.0717
2:269,16,1082.2503,395.2997,494.3226,561.8507,0.25,140.4627,0.00010983,3:7,395.2997
2:270,15,925.1117,159.285,459.9075,516.2792,0.2582,133.3027,0.00010423,3:192,159.285
2:271,20,1900.835,138.1906,690.953,1033.6366,0.2236,231.1282,0.00018072,2:234,138.1906
2:272,28,2612.4965,451.3086,1109.7419,1372.1337,0.189,259.3089,0.00020276,8:60,451.3086
2:273,30,5640.7792,604.8437,1268.421,1655.6488,0.1826,302.2787,0.00023636,2:215,604.8437
2:274,17,7267.7274,1393.5999,4623.3867,6214.8309,0.2425,1507.3179,0.00117859,2:62,1393.5999
2:275,45,4749.5676,553.6131,1851.3084,3203.1641,0.1491,477.4995,0.00037336,2:81,553.6131
2:276,11,791.9416,153.6649,361.0011,498.8001,0.3015,150.3939,0.0001176,57:23,153.6649
2:277,19,15663.8858,1389.1261,4641.4577,6241.4931,0.2294,1431.8967,0.00111962,2:262,1389.1261
2:278,13,6583.8278,324.2574,1621.2871,2181.7674,0.2774,605.1134,0.00047315,3:102,324.2574
2:279,17,1465.4924,57.6091,223.3612,317.333,0.2425,76.9646,6.018e-05,2:24,57.6091
2:280,14,3456.0195,330.7597,1653.7984,2343.8296,0.2673,626.4148,0.0004898,2:184,330.7597
2:281,15,3926.6318,1254.849,2457.0212,2717.3798,0.2582,701.6245,0.00054861,3:161,1254.849
2:282,128,8831.677,191.6249,792.8266,1458.657,0.0884,128.9283,0.00010081,4:29,191.6249
2:283,32,1412.0128,167.4968,463.8603,692.2299,0.1768,122.3701,9.568e-05,2:282,167.4968
2:284,28,24890.3144,1017.0331,3874.4419,7052.1453,0.189,1332.7302,0.00104208,3:129,1017.0331
2:285,27,1125.0037,168.0721,531.5902,604.7926,0.1925,116.3924,9.101e-05,4:136,168.0721
2:286,49,2122.3895,395.2997,627.5769,905.0933,0.1429,129.299,0.0001011,65:7,395.2997
3:1,1,0,0.0,0,0,1.0,0.0,0.0,,0.0
3:2,7,6011.7613,763.9552,1988.5634,2973.0386,0.378,1123.703,0.00087864,2:255,763.9552
3:3,11,1622.3222,602.0437,1184.5508,1291.0768,0.3015,389.2743,0.00030438,5:48,602.0437
3:4,18,4288.9484,163.809,510.2898,773.9012,0.2357,182.4103,0.00014263,5:95,163.809
3:5,11,5867.8396,580.0158,1481.6616,1704.1729,0.3015,513.8275,0.00040177,14:38,580.0158
3:6,13,4808.6214,565.1944,1025.6296,1601.1736,0.2774,444.0856,0.00034724,3:18,565.1944
3:7,46,2250.7201,395.2997,622.9484,850.8321,0.1474,125.4484,9.809e-05,2:269,395.2997
3:8,15,586.6555,72.2939,227.3291,295.8691,0.2582,76.3931,5.973e-05,18:10,72.2939
3:9,13,3844.4911,369.9373,694.7725,947.1144,0.2774,262.6823,0.0002054,13:31,369.9373
3:10,16,6770.6857,2143.1101,3552.7003,3789.6498,0.25,947.4125,0.0007408,3:116,2143.1101
3:11,14,2476.5887,822.9112,1665.8422,1744.5977,0.2673,466.2634,0.00036458,8:54,822.9112
3:12,9,441.717,57.4609,200.4454,268.2885,0.3333,89.4295,6.993e-05,8:38,57.4609
3:13,29,5127.8106,599.4232,866.7369,1061.5346,0.1857,197.122,0.00015413,24:44,599.4232
3:14,24,886.4745,60.5418,264.2767,336.7086,0.2041,68.7303,5.374e-05,3:195,60.5418
3:15,24,16013.6604,673.4185,3158.2435,6253.6506,0.2041,1276.5211,0.00099813,9:72,673.4185
3:16,11,480.3032,73.7778,278.9237,349.4826,0.3015,105.373,8.239e-05,3:193,73.7778
3:17,6,0,0.0,0,0,0.4082,0.0,0.0,,0.0
3:18,18,5165.6059,565.1944,1108.0174,1683.5614,0.2357,396.8192,0.00031028,3:6,565.1944
3:19,26,7411.2835,1012.6544,3058.66,3366.4527,0.1961,660.2157,0.00051623,42:14,1012.6544
3:20,26,1027.7139,395.2181,692.9093,767.7087,0.1961,150.5601,0.00011773,2:137,395.2181
3:21,18,2126.0958,616.5381,970.077,1062.2996,0.2357,250.3864,0.00019578,2:61,616.5381
3:22,11,3666.0167,807.5193,2060.4311,2498.8386,0.3015,753.4282,0.00058912,3:56,807.5193
3:23,20,4481.0642,1008.2456,2459.9849,3122.3804,0.2236,698.1855,0.00054592,4:44,1008.2456
3:24,15,1581.9848,396.686,607.9816,852.0542,0.2582,219.9994,0.00017202,2:80,396.686
3:25,15,3628.0697,796.4704,2065.9216,2462.7681,0.2582,635.884,0.00049721,2:281,796.4704
3:26,25,4858.4968,338.1642,778.1506,1328.1335,0.2,265.6267,0.0002077,66:8,338.1642
3:27,21,934.1405,114.0611,563.2378,827.0654,0.2182,180.4805,0.00014112,6:95,114.0611
3:28,27,3670.1385,372.8862,920.4744,1190.8329,0.1925,229.1759,0.0001792,4:139,372.8862
3:29,22,20350.9231,734.0518,2812.4634,4986.4956,0.2132,1063.1244,0.00083127,2:284,734.0518
3:30,26,1171.8281,152.7326,477.5046,692.0045,0.1961,135.7133,0.00010612,16:111,152.7326
3:31,14,1945.1773,59.8669,271.1455,502.5566,0.2673,134.3139,0.00010502,8:70,59.8669
3:32,11,2054.1163,159.9284,382.6559,612.9353,0.3015,184.8069,0.0001445,3:63,159.9284
3:33,11,1706.0981,52.32,104.6483,156.8588,0.3015,47.2947,3.698e-05,2:132,52.32
3:34,7,499.8141,51.1775,255.8876,402.0371,0.378,151.9558,0.00011882,2:224,51.1775
3:35,18,1242.7319,161.6433,228.2319,291.7294,0.2357,68.7613,5.377e-05,2:127,161.6433
3:36,24,817.6836,59.4225,273.9258,456.3454,0.2041,93.1511,7.284e-05,16:98,59.4225
3:37,34,5835.6015,374.2633,1382.7391,1640.2718,0.1715,281.3043,0.00021996,2:212,374.2633
3:38,15,786.7781,163.809,391.5664,458.9557,0.2582,118.5018,9.266e-05,37:100,163.809
3:39,20,2479.0242,52.32,112.2457,182.2033,0.2236,40.7419,3.186e-05,3:45,52.32
3:40,17,2151.1228,600.7079,1203.647,1453.4593,0.2425,352.5156,0.00027564,19:8,600.7079
3:41,20,1981.999,1536.8149,1596.206,1667.4941,0.2236,372.863,0.00029155,19:10,1536.8149
3:42,12,1980.0757,388.4643,430.8365,463.2473,0.2887,133.728,0.00010456,3:45,388.4643
3:43,7,15.2793,15.2793,15.2793,15.2793,0.378,5.775,4.52e-06,2:43,15.2793
3:44,20,1902.2877,1532.5473,1676.8769,1744.8003,0.2236,390.1492,0.00030506,12:102,1532.5473
3:45,20,3535.941,388.4643,799.7092,1048.8069,0.2236,234.5204,0.00018337,3:42,388.4643
3:46,7,182.2007,167.4968,182.2007,182.2007,0.378,68.8654,5.385e-05,5:110,167.4968
3:47,23,4103.3352,1020.4933,2987.7301,3419.3044,0.2085,712.9743,0.00055749,19:35,1020.4933
3:48,5,255.7636,165.6642,217.1495,255.7636,0.4472,114.3809,8.944e-05,5:110,165.6642
3:49,45,7684.1058,1014.1955,1620.7819,2209.9295,0.1491,329.4368,0.00025759,2:248,1014.1955
3:50,19,1764.3947,391.8701,684.8844,934.1456,0.2294,214.3077,0.00016757,61:6,391.8701
3:51,8,3493.4088,819.8719,1603.4384,1748.6405,0.3536,618.2378,0.00048341,19:36,819.8719
3:52,20,1834.207,1307.0322,1366.1877,1433.2198,0.2236,320.4777,0.00025059,61:14,1307.0322
3:53,9,105.8043,75.8211,105.8043,105.8043,0.3333,35.2681,2.758e-05,5:83,75.8211
3:54,6,424.9353,162.8916,213.6477,269.2497,0.4082,109.9207,8.595e-05,8:30,162.8916
3:55,30,3544.1482,171.7817,531.3231,799.4591,0.1826,145.9606,0.00011413,22:69,171.7817
3:56,13,3899.1087,807.5193,1621.9305,1861.8307,0.2774,516.3789,0.00040376,3:22,807.5193
3:57,11,6628.2343,578.21,1072.2718,1607.0722,0.3015,484.5505,0.00037888,4:173,578.21
3:58,7,106.8537,15.2793,67.6075,106.8537,0.378,40.3869,3.158e-05,44:33,15.2793
3:59,15,1217.5099,67.9234,285.2785,550.4532,0.2582,142.1264,0.00011113,18:37,67.9234
3:60,7,1056.5132,165.0772,492.0441,644.091,0.378,243.4435,0.00019035,2:147,165.0772
3:61,25,3262.4535,587.7754,1120.3455,1332.3778,0.2,266.4756,0.00020836,2:145,587.7754
3:62,15,2873.706,376.0952,691.4669,949.3005,0.2582,245.1083,0.00019165,38:65,376.0952
3:63,6,824.4759,159.9284,220.2113,283.6149,0.4082,115.7853,9.053e-05,3:32,159.9284
3:64,31,3988.0953,142.4193,357.832,608.8047,0.1796,109.3445,8.55e-05,9:31,142.4193
3:65,15,1178.7725,54.0256,242.0336,311.6517,0.2582,80.4681,6.292e-05,3:70,54.0256
3:66,19,1917.6437,360.6196,1395.7041,1466.4985,0.2294,336.4378,0.00026307,2:216,360.6196
3:67,14,1641.2605,142.9563,619.728,699.7837,0.2673,187.0251,0.00014624,2:135,142.9563
3:68,13,411.6392,56.1473,102.355,153.9024,0.2774,42.6848,3.338e-05,66:8,56.1473
3:69,13,1653.7496,392.4455,1018.0301,1259.2235,0.2774,349.2458,0.00027308,4:113,392.4455
3:70,8,1112.511,615.2002,792.5563,854.2893,0.3536,302.0369,0.00023617,3:98,615.2002
3:71,10,419.2177,75.0101,291.1125,357.4846,0.3162,113.0466,8.839e-05,2:42,75.0101
3:72,17,2556.5808,154.172,355.6356,596.8289,0.2425,144.7523,0.00011318,3:69,154.172
3:73,32,4891.9851,809.2313,2661.36,3011.2306,0.1768,532.3154,0.00041623,57:29,809.2313
3:74,8,3691.2336,1013.7322,2828.7222,3054.7572,0.3536,1080.0198,0.00084448,2:105,1013.7322
3:75,36,3023.4326,609.2393,829.1498,1079.1007,0.1667,179.8501,0.00014063,3:78,609.2393
3:76,9,705.7465,56.6185,157.924,220.4575,0.3333,73.4858,5.746e-05,9:4,56.6185
3:77,27,3873.5427,961.2047,1191.261,1429.7895,0.1925,275.1631,0.00021515,2:174,961.2047
3:78,29,3490.4581,609.2393,1016.7375,1257.1301,0.1857,233.4432,0.00018253,3:75,609.2393
3:79,28,3830.1363,136.7699,452.2883,629.6098,0.189,118.9851,9.304e-05,10:37,136.7699
3:80,13,193.163,14.7039,73.0733,140.8348,0.2774,39.0605,3.054e-05,2:67,14.7039
3:81,33,521.8511,164.749,295.6479,369.1675,0.1741,64.2638,5.025e-05,3:187,164.749
3:82,7,1160.8452,377.7364,687.5127,791.6097,0.378,299.2003,0.00023395,24:55,377.7364
3:83,14,3588.8651,584.6365,1089.6684,1477.2799,0.2673,394.8196,0.00030872,13:15,584.6365
3:84,29,4480.1016,2753.3463,3610.762,3906.0721,0.1857,725.3394,0.00056715,2:136,2753.3463
3:85,13,900.2859,385.6881,559.1205,627.1459,0.2774,173.939,0.00013601,5:5,385.6881
3:86,18,3421.0931,327.3055,1636.5273,2314.5428,0.2357,545.543,0.00042657,2:258,327.3055
3:87,9,721.8677,623.7344,681.1137,721.8677,0.3333,240.6226,0.00018815,2:161,623.7344
3:88,9,2607.6949,1280.9826,1828.3937,1935.8199,0.3333,645.2733,0.00050455,2:162,1280.9826
3:89,11,5628.5409,1694.2891,2523.0779,3111.0328,0.3015,938.0117,0.00073345,24:5,1694.2891
3:90,14,2427.2135,69.7083,260.4236,457.8866,0.2673,122.3753,9.569e-05,4:137,69.7083
3:91,24,4953.1567,602.7828,1198.1748,1620.8426,0.2041,330.8531,0.0002587,2:161,602.7828
3:92,15,1515.7709,211.4465,637.9465,719.1478,0.2582,185.6832,0.00014519,2:273,211.4465
3:93,24,3858.518,59.7308,274.6872,487.6653,0.2041,99.5443,7.784e-05,17:2,59.7308
3:94,11,3455.9014,160.08,560.8753,819.1072,0.3015,246.9701,0.00019311,24:55,160.08
3:95,11,2977.4571,795.7887,2148.0204,2269.2201,0.3015,684.1956,0.00053498,6:161,795.7887
3:96,10,0,0.0,0,0,0.3162,0.0,0.0,,0.0
3:97,25,1230.9196,386.1232,536.9365,606.6521,0.2,121.3304,9.487e-05,31:12,386.1232
3:98,12,2025.2362,615.2002,935.3518,1200.5539,0.2887,346.5701,0.00027099,3:70,615.2002
3:99,19,4677.206,368.3796,1786.9748,2253.1639,0.2294,516.9112,0.00040418,7:86,368.3796
3:100,14,6030.8134,351.636,941.2182,1570.2952,0.2673,419.679,0.00032815,3:149,351.636
3:101,17,1058.4676,56.7475,247.2424,485.3609,0.2425,117.7173,9.204e-05,65:11,56.7475
3:102,12,5685.8844,324.2574,1621.2871,2224.7656,0.2887,642.2345,0.00050217,2:278,324.2574
3:103,34,3360.187,574.4631,1818.8113,2443.1707,0.1715,419.0003,0.00032762,2:242,574.4631
3:104,14,1154.9225,388.8642,702.1745,857.869,0.2673,229.2751,0.00017927,3:114,388.8642
3:105,14,2595.2004,140.2631,532.6212,764.3641,0.2673,204.2849,0.00015973,3:19,140.2631
3:106,17,1727.4873,361.5637,1285.8371,1354.7742,0.2425,328.581,0.00025692,6:30,361.5637
3:107,10,912.0065,46.9153,234.5765,469.1529,0.3162,148.3592,0.000116,2:39,46.9153
3:108,11,1752.4787,597.4446,1390.172,1455.5823,0.3015,438.8746,0.00034316,2:252,597.4446
3:109,11,15091.7172,638.5768,3192.8839,5366.9161,0.3015,1618.1861,0.00126528,3:129,638.5768
3:110,23,544.9269,54.9966,233.304,298.9499,0.2085,62.3354,4.874e-05,4:46,54.9966
3:111,11,289.6933,56.2037,107.4939,164.4312,0.3015,49.5779,3.877e-05,59:12,56.2037
3:112,35,3631.8396,1411.1812,2103.7448,2225.537,0.169,376.1844,0.00029414,2:61,1411.1812
3:113,14,857.1516,48.2387,241.1934,482.3867,0.2673,128.9233,0.00010081,2:105,48.2387
3:114,15,2026.4428,388.8642,980.7726,1209.0759,0.2582,312.182,0.0002441,3:104,388.8642
3:115,9,424.7962,56.8766,106.9034,169.4369,0.3333,56.479,4.416e-05,9:44,56.8766
3:116,18,10386.8137,2143.1101,5147.8521,6769.9712,0.2357,1595.6975,0.0012477,3:10,2143.1101
3:117,23,1365.2636,178.7462,356.5907,430.4501,0.2085,89.755,7.018e-05,16:33,178.7462
3:118,30,7558.2363,320.2982,1575.4282,2173.3926,0.1826,396.8054,0.00031027,5:57,320.2982
3:119,27,3330.1224,358.4073,992.8752,1239.8074,0.1925,238.601,0.00018657,5:7,358.4073
3:120,21,2430.9805,61.1171,288.4719,526.1939,0.2182,114.8249,8.978e-05,9:50,61.1171
3:121,11,457.0412,51.1775,255.8876,397.3845,0.3015,119.8159,9.369e-05,2:224,51.1775
3:122,12,977.5979,145.1503,725.7514,964.9171,0.2887,278.5476,0.0002178,3:160,145.1503
3:123,10,363.9107,15.2793,68.5498,134.4312,0.3162,42.5109,3.324e-05,9:25,15.2793
3:124,13,101.4098,59.7308,101.4098,101.4098,0.2774,28.126,2.199e-05,3:125,59.7308
3:125,15,160.2255,59.7308,118.5465,160.2255,0.2582,41.37,3.235e-05,3:124,59.7308
3:126,17,3249.7576,997.1962,1198.7619,1433.2595,0.2425,347.6165,0.00027181,8:10,997.1962
3:127,9,1363.3292,47.0535,162.7846,216.8451,0.3333,72.2817,5.652e-05,3:55,47.0535
3:128,12,361.5007,60.0955,162.2346,229.9734,0.2887,66.3876,5.191e-05,33:24,60.0955
3:129,16,18316.2267,1017.0331,3571.3402,6246.7648,0.25,1561.6912,0.00122111,2:284,1017.0331
3:130,12,6533.1107,337.2966,911.7091,1462.8543,0.2887,422.2897,0.00033019,4:29,337.2966
3:131,5,70.8512,29.1723,70.8512,70.8512,0.4472,31.6856,2.478e-05,2:24,29.1723
3:132,5,203.4012,13.893,69.1566,136.813,0.4472,61.1846,4.784e-05,3:32,13.893
3:133,11,1970.7998,636.4203,690.4402,743.1654,0.3015,224.0728,0.00017521,57:21,636.4203
3:134,13,270.2187,57.1938,159.0748,228.5397,0.2774,63.3855,4.956e-05,3:148,57.1938
3:135,23,757.6118,15.2793,73.3315,142.2211,0.2085,29.6551,2.319e-05,7:28,15.2793
3:136,15,10546.4151,470.5856,2294.1121,4573.5202,0.2582,1180.8779,0.00092335,29:58,470.5856
3:137,13,5137.2725,1013.1373,2443.957,2891.8183,0.2774,802.0461,0.00062713,16:36,1013.1373
3:138,6,118.0186,60.0955,118.0186,118.0186,0.4082,48.1809,3.767e-05,5:46,60.0955
3:139,9,1263.6128,44.1179,220.5893,441.1786,0.3333,147.0595,0.00011499,2:91,44.1179
3:140,24,2531.4696,162.0613,374.3484,606.4611,0.2041,123.7933,9.68e-05,3:57,162.0613
3:141,6,1699.7174,44.1877,220.9384,376.2764,0.4082,153.6142,0.00012011,2:213,44.1877
3:142,13,1605.5279,678.5292,1384.7717,1446.1034,0.2774,401.0769,0.00031361,9:16,678.5292
3:143,12,1669.7727,40.7557,203.7787,407.5573,0.2887,117.6517,9.199e-05,2:91,40.7557
3:144,27,1598.2496,842.8461,1058.0143,1242.0486,0.1925,239.0324,0.0001869,5:75,842.8461
3:145,24,1256.9348,213.5832,457.0715,655.2911,0.2041,133.7607,0.00010459,10:100,213.5832
3:146,21,2198.733,38.9595,194.7976,389.5953,0.2182,85.0167,6.648e-05,2:154,38.9595
3:147,19,2379.8916,632.9855,860.9515,1100.2954,0.2294,252.4251,0.00019737,2:250,632.9855
3:148,10,275.7639,60.5418,220.1919,275.7639,0.3162,87.2042,6.819e-05,4:134,60.5418
3:149,12,5553.3549,351.636,841.4231,1146.8406,0.2887,331.0644,0.00025886,3:100,351.636
3:150,6,164.9059,15.2793,73.3315,138.7418,0.4082,56.6411,4.429e-05,8:40,15.2793
3:151,19,3084.2231,594.6351,1785.5962,1866.16,0.2294,428.1265,0.00033476,7:33,594.6351
3:152,40,2649.4742,58.8472,238.5706,440.8687,0.1581,69.7075,5.451e-05,2:251,58.8472
3:153,25,1517.0704,163.1587,660.6,804.878,0.2,160.9756,0.00012587,57:23,163.1587
3:154,75,4748.643,161.2286,407.3712,674.2168,0.1155,77.8519,6.087e-05,64:4,161.2286
3:155,21,3362.4754,146.996,355.3439,560.6571,0.2182,122.3454,9.566e-05,2:235,146.996
3:156,36,9564.0177,564.7913,1127.252,1696.7338,0.1667,282.789,0.00022112,33:69,564.7913
3:157,14,2848.5876,143.9529,347.1099,541.9076,0.2673,144.8309,0.00011325,3:167,143.9529
3:158,7,0,0.0,0,0,0.378,0.0,0.0,,0.0
3:159,30,4909.2984,135.2382,345.3942,567.5476,0.1826,103.6195,8.102e-05,2:222,135.2382
3:160,18,1364.5468,145.1503,725.7514,967.2801,0.2357,227.9901,0.00017827,3:122,145.1503
3:161,21,4454.6166,1254.849,2457.0212,2722.6465,0.2182,594.1302,0.00046456,2:281,1254.849
3:162,13,1624.5847,612.2929,796.7142,863.5356,0.2774,239.5017,0.00018727,8:16,612.2929
3:163,8,1356.284,157.4525,476.3758,599.5231,0.3536,211.9634,0.00016574,2:96,157.4525
3:164,25,5311.4971,2431.2561,2776.7871,2944.0681,0.2,588.8136,0.0004604,62:2,2431.2561
3:165,20,11098.5961,480.4648,2356.774,4702.1605,0.2236,1051.4351,0.00082213,2:109,480.4648
3:166,9,148.1899,58.8157,148.1899,148.1899,0.3333,49.3966,3.862e-05,3:155,58.8157
3:167,33,3354.6996,161.233,644.8148,902.4436,0.1741,157.0953,0.00012284,48:11,161.233
3:168,16,1926.7285,143.3945,421.8757,626.4426,0.25,156.6106,0.00012246,2:94,143.3945
3:169,13,2294.4076,141.887,427.4168,622.2145,0.2774,172.5712,0.00013494,3:167,141.887
3:170,19,5569.6773,373.2785,1646.4338,3237.8779,0.2294,742.8201,0.00058082,3:180,373.2785
3:171,11,2305.5267,161.2921,673.8178,778.4644,0.3015,234.7158,0.00018353,3:174,161.2921
3:172,15,1760.6649,40.4596,202.2981,404.5963,0.2582,104.4663,8.168e-05,2:75,40.4596
3:173,17,360.2213,61.1171,118.0754,182.6913,0.2425,44.3091,3.465e-05,9:59,61.1171
3:174,15,1317.8239,161.2921,282.0791,363.8082,0.2582,93.9349,7.345e-05,3:171,161.2921
3:175,11,1217.775,44.1179,220.5893,441.1786,0.3015,133.0203,0.00010401,2:91,44.1179
3:176,22,2023.7817,430.5973,862.1265,1037.7361,0.2132,221.2461,0.000173,5:41,430.5973
3:177,12,2095.1039,170.358,502.0053,740.6713,0.2887,213.8134,0.00016718,3:176,170.358
3:178,17,1557.4784,158.2175,270.0055,335.4158,0.2425,81.3503,6.361e-05,8:59,158.2175
3:179,36,2505.577,61.1171,296.0281,543.3428,0.1667,90.5571,7.081e-05,47:36,61.1171
3:180,30,5388.8954,373.2785,1114.1664,1727.3837,0.1826,315.3757,0.0002466,3:170,373.2785
3:181,22,2765.6402,164.9597,731.7706,939.0273,0.2132,200.2013,0.00015654,4:155,164.9597
3:182,9,1410.2526,843.636,994.6203,1058.977,0.3333,352.9923,0.00027601,8:51,843.636
3:183,28,4018.0929,141.7027,620.0708,829.7224,0.189,156.8028,0.00012261,3:181,141.7027
3:184,12,451.5868,54.4074,154.0773,215.2646,0.2887,62.1415,4.859e-05,6:34,54.4074
3:185,23,2474.0839,611.4194,1148.4345,1276.5399,0.2085,266.177,0.00020813,57:20,611.4194
3:186,24,3439.8907,564.628,1788.5219,2236.961,0.2041,456.6178,0.00035704,5:5,564.628
3:187,21,1231.8111,164.749,398.441,633.2893,0.2182,138.195,0.00010806,3:81,164.749
3:188,20,1133.5452,60.5418,244.6016,474.6764,0.2236,106.1409,8.299e-05,24:57,60.5418
3:189,9,9147.242,788.8298,2165.176,3514.29,0.3333,1171.43,0.00091596,85:9,788.8298
3:190,11,3935.5392,1043.8162,1433.9043,1633.0982,0.3015,492.3976,0.00038501,2:164,1043.8162
3:191,21,2429.7269,168.0721,532.3896,731.5835,0.2182,159.6446,0.00012483,4:103,168.0721
3:192,11,525.5924,159.285,402.7136,471.2537,0.3015,142.0883,0.0001111,2:270,159.285
3:193,20,190.1993,73.7778,133.1688,190.1993,0.2236,42.5299,3.325e-05,3:16,73.7778
3:194,14,575.4388,14.7039,57.1721,103.4459,0.2673,27.6471,2.162e-05,27:80,14.7039
3:195,43,10456.2919,321.4156,1463.1264,2847.3463,0.1525,434.2162,0.00033952,3:198,321.4156
3:196,7,1218.9566,49.4051,219.2394,276.3706,0.378,104.4583,8.168e-05,22:55,49.4051
3:197,7,237.8501,57.1938,158.1822,224.7681,0.378,84.9543,6.643e-05,3:12,57.1938
3:198,21,17778.9509,825.838,3518.2418,6613.6489,0.2182,1443.2165,0.00112847,5:119,825.838
3:199,30,4876.3097,159.7792,770.855,1245.0667,0.1826,227.317,0.00017774,9:9,159.7792
3:200,10,4336.1192,184.7017,488.6911,709.5414,0.3162,224.3767,0.00017544,3:130,184.7017
4:1,28,4531.7313,397.0488,955.5709,1233.181,0.189,233.0493,0.00018222,7:189,397.0488
4:2,16,404.9788,14.7039,70.1619,129.1569,0.25,32.2892,2.525e-05,2:188,14.7039
4:3,28,1164.7232,68.0983,308.8277,502.8859,0.189,95.0365,7.431e-05,4:24,68.0983
4:4,14,29.4078,14.7039,29.4078,29.4078,0.2673,7.8596,6.15e-06,18:70,14.7039
4:5,16,576.4761,166.4751,264.4553,329.8656,0.25,82.4664,6.448e-05,4:8,166.4751
4:6,37,705.1928,58.1845,113.7564,181.6799,0.1644,29.868,2.335e-05,33:39,58.1845
4:7,19,344.7276,166.6858,316.9417,344.7276,0.2294,79.0859,6.184e-05,4:33,166.6858
4:8,13,493.3704,166.4751,382.7619,493.3704,0.2774,136.8363,0.00010699,4:5,166.4751
4:9,15,59.9664,15.2793,59.9664,59.9664,0.2582,15.4833,1.211e-05,44:25,15.2793
4:10,13,803.5951,69.133,116.2986,159.2546,0.2774,44.1693,3.454e-05,2:174,69.133
4:11,71,8726.9004,972.3762,2382.4939,2971.9029,0.1187,352.7,0.00027578,4:12,972.3762
4:12,88,3885.4475,972.3762,1385.9013,1597.3141,0.1066,170.2743,0.00013314,4:11,972.3762
4:13,18,17451.3675,1397.2067,4381.5297,7535.7316,0.2357,1776.189,0.00138883,48:17,1397.2067
4:14,13,815.1075,157.0404,376.573,441.9833,0.2774,122.5841,9.585e-05,33:36,157.0404
4:15,22,118.0186,15.2793,75.2457,118.0186,0.2132,25.1616,1.967e-05,6:150,15.2793
4:16,14,2368.7514,39.5673,197.8366,395.6733,0.2673,105.7481,8.269e-05,4:1,39.5673
4:17,20,2051.3717,144.1911,720.9555,925.4445,0.2236,206.9357,0.00016181,4:92,144.1911
4:18,24,1183.0032,160.9863,400.2626,484.9341,0.2041,98.9868,7.74e-05,17:10,160.9863
4:19,34,6853.9597,390.6615,852.8948,1393.4314,0.1715,238.9715,0.00018686,65:1,390.6615
4:20,17,162.3185,58.8157,162.3185,162.3185,0.2425,39.368,3.078e-05,4:112,58.8157
4:21,11,97.3313,14.7039,70.1619,97.3313,0.3015,29.3465,2.295e-05,4:154,14.7039
4:22,17,1203.7313,161.4077,503.5877,573.514,0.2425,139.0976,0.00010876,4:24,161.4077
4:23,54,4782.2018,355.1705,1081.7585,1362.6296,0.1361,185.4304,0.00014499,4:106,355.1705
4:24,42,6236.1912,357.4852,1394.6554,1800.6446,0.1543,277.8455,0.00021725,4:11,357.4852
4:25,58,2438.1323,161.4686,656.1066,930.667,0.1313,122.2026,9.555e-05,30:28,161.4686
4:26,14,1448.2539,57.6216,256.3855,493.2199,0.2673,131.8186,0.00010307,24:59,57.6216
4:27,13,125.7436,15.2793,72.4731,125.7436,0.2774,34.875,2.727e-05,7:157,15.2793
4:28,8,786.4088,51.2024,141.0187,197.4791,0.3536,69.8194,5.459e-05,5:49,51.2024
4:29,23,9226.3011,337.2966,962.0304,1537.7505,0.2085,320.6431,0.00025072,3:130,337.2966
4:30,13,2212.1519,359.9909,1188.116,1443.7062,0.2774,400.412,0.00031309,4:169,359.9909
4:31,12,42.7729,14.2576,42.7729,42.7729,0.2887,12.3475,9.65e-06,5:12,14.2576
4:32,27,5030.1302,385.2723,767.3552,1030.8515,0.1925,198.3875,0.00015512,33:54,385.2723
4:33,19,6028.6017,789.1835,1612.8361,1830.3973,0.2294,419.9219,0.00032834,33:55,789.1835
4:34,40,3066.0566,62.9589,264.198,505.0044,0.1581,79.8482,6.243e-05,4:32,62.9589
4:35,22,2914.4681,136.51,605.56,803.3966,0.2132,171.2847,0.00013393,4:11,136.51
4:36,32,5584.8602,579.4095,1349.9957,1922.9323,0.1768,339.9296,0.0002658,4:107,579.4095
4:37,15,2384.9654,396.686,1236.7033,1533.0881,0.2582,395.8416,0.00030951,57:24,396.686
4:38,18,685.0234,394.2781,498.4853,567.7547,0.2357,133.8211,0.00010464,9:29,394.2781
4:39,15,1523.115,54.1611,245.3042,473.6075,0.2582,122.2849,9.562e-05,4:92,54.1611
4:40,15,3044.9513,143.813,291.2449,475.5348,0.2582,122.7826,9.601e-05,10:44,143.813
4:41,12,634.2042,51.6961,212.9865,280.7479,0.2887,81.0449,6.337e-05,16:84,51.6961
4:42,14,1286.3647,51.8379,153.4455,216.391,0.2673,57.8329,4.522e-05,2:105,51.8379
4:43,48,12957.2813,4774.247,5271.8887,5825.3897,0.1443,840.8226,0.00065745,5:6,4774.247
4:44,14,3928.4112,1008.2456,2413.9285,3076.324,0.2673,822.1822,0.00064288,3:23,1008.2456
4:45,9,238.7834,12.8713,64.3567,127.6639,0.3333,42.5546,3.327e-05,3:36,12.8713
4:46,38,1835.4405,393.1025,768.079,1001.6652,0.1622,162.4915,0.00012705,4:155,393.1025
4:47,28,3798.1773,162.9981,408.917,656.5714,0.189,124.0803,9.702e-05,33:37,162.9981
4:48,20,6364.7913,3107.8632,3303.9892,3488.2791,0.2236,780.0029,0.0006099,4:116,3107.8632
4:49,14,2589.7775,162.1833,692.0997,1354.4952,0.2673,362.0041,0.00028306,24:21,162.1833
4:50,10,1415.3768,144.8445,626.9714,798.1134,0.3162,252.3856,0.00019734,5:103,144.8445
4:51,20,5718.8665,1008.2456,2413.9285,3076.324,0.2236,687.887,0.00053787,3:23,1008.2456
4:52,11,1047.7071,170.7701,562.5154,631.3638,0.3015,190.3633,0.00014885,4:88,170.7701
4:53,10,159.9643,15.2793,71.1993,134.6029,0.3162,42.5652,3.328e-05,12:101,15.2793
4:54,18,2182.5808,371.6815,809.0207,1004.6278,0.2357,236.793,0.00018515,4:37,371.6815
4:55,11,514.3392,68.0787,233.9836,322.3414,0.3015,97.1896,7.599e-05,2:253,68.0787
4:56,20,4594.8145,39.5673,197.8366,395.6733,0.2236,88.4752,6.918e-05,4:1,39.5673
4:57,20,19850.9577,1918.0114,5063.0809,8192.6198,0.2236,1831.9255,0.00143241,4:122,1918.0114
4:58,25,2835.408,158.6997,316.969,514.8056,0.2,102.9611,8.051e-05,2:67,158.6997
4:59,28,7711.4996,804.1708,2086.7156,2380.7626,0.189,449.9218,0.0003518,47:33,804.1708
4:60,30,4546.9935,805.5449,2008.5272,2670.9227,0.1826,487.6415,0.00038129,2:4,805.5449
4:61,15,3095.5034,1507.743,1905.2863,2143.258,0.2582,553.3868,0.0004327,5:104,1507.743
4:62,16,663.683,160.5804,390.0655,540.9818,0.25,135.2454,0.00010575,28:47,160.5804
4:63,16,1899.4642,62.5876,184.9458,272.213,0.25,68.0532,5.321e-05,3:154,62.5876
4:64,23,1348.2433,381.046,660.002,848.7622,0.2085,176.9792,0.00013838,14:4,381.046
4:65,19,739.357,15.2793,67.6075,129.6286,0.2294,29.7388,2.325e-05,3:23,15.2793
4:66,27,571.148,68.3142,261.9009,335.4205,0.1925,64.5517,5.047e-05,4:46,68.3142
4:67,6,186.1734,15.2793,69.618,134.6881,0.4082,54.9862,4.299e-05,7:17,15.2793
4:68,3,42.7729,14.2576,42.7729,42.7729,0.5774,24.6949,1.931e-05,4:175,14.2576
4:69,18,1272.7428,617.4729,839.7608,953.2529,0.2357,224.6839,0.00017568,19:58,617.4729
4:70,7,1041.9622,54.0256,228.4489,290.182,0.378,109.6785,8.576e-05,4:81,54.0256
4:71,10,3534.776,32.4226,162.1131,324.2263,0.3162,102.5293,8.017e-05,2:104,32.4226
4:72,17,604.7507,25.0134,83.3579,152.8229,0.2425,37.065,2.898e-05,3:165,25.0134
4:73,18,942.6634,15.2793,72.4731,138.8731,0.2357,32.7327,2.559e-05,78:40,15.2793
4:74,21,3084.4803,165.6642,560.5249,773.832,0.2182,168.864,0.00013204,4:114,165.6642
4:75,31,2754.4977,167.4968,399.0766,621.5002,0.1796,111.6247,8.728e-05,4:98,167.4968
4:76,20,3887.6348,146.6656,657.0051,887.0904,0.2236,198.3594,0.0001551,8:72,146.6656
4:77,48,3889.7171,213.8358,791.1161,1476.5067,0.1443,213.1154,0.00016664,2:246,213.8358
4:78,36,1644.1302,66.352,297.0609,519.9187,0.1667,86.6531,6.776e-05,7:131,66.352
4:79,18,546.4925,55.3391,154.4728,221.8311,0.2357,52.2861,4.088e-05,4:166,55.3391
4:80,12,363.3679,166.9214,220.1919,279.8486,0.2887,80.7853,6.317e-05,42:48,166.9214
4:81,24,2324.5974,587.9016,1346.8595,1494.7375,0.2041,305.112,0.00023857,33:3,587.9016
4:82,13,716.7904,61.1171,192.1179,260.0414,0.2774,72.1225,5.639e-05,47:24,61.1171
4:83,30,2212.9459,352.7223,1556.1417,1667.6654,0.1826,304.4727,0.00023807,24:10,352.7223
4:84,22,4354.1516,136.3418,424.49,665.8971,0.2132,141.9697,0.00011101,2:273,136.3418
4:85,22,5092.0911,320.6571,1399.351,1982.9635,0.2132,422.7692,0.00033057,18:45,320.6571
4:86,15,5606.3269,559.9942,1265.8044,1483.3656,0.2582,383.0034,0.00029948,4:33,559.9942
4:87,17,9250.6508,809.1433,2307.5535,3693.4538,0.2425,895.7941,0.00070043,6:12,809.1433
4:88,22,1956.2554,836.8316,1291.7106,1549.4214,0.2132,330.3377,0.0002583,4:143,836.8316
4:89,28,2491.6964,60.5418,279.6687,520.504,0.189,98.366,7.691e-05,4:91,60.5418
4:90,36,1728.6538,161.2968,472.6259,710.8037,0.1667,118.4673,9.263e-05,4:92,161.2968
4:91,32,446.5296,60.5418,181.6253,255.1449,0.1768,45.1037,3.527e-05,2:191,60.5418
4:92,60,5030.5562,615.2125,1251.4741,1980.9288,0.1291,255.7368,0.00019996,58:4,615.2125
4:93,16,246.1505,60.5418,121.0835,183.617,0.25,45.9043,3.589e-05,9:63,60.5418
4:94,39,12129.5374,574.0092,1588.3124,2188.1599,0.1601,350.386,0.00027397,33:2,574.0092
4:95,33,3159.6745,373.1421,747.104,989.6495,0.1741,172.2759,0.00013471,9:20,373.1421
4:96,8,1519.1676,137.2509,686.2544,1159.9119,0.3536,410.0908,0.00032066,4:100,137.2509
4:97,27,2271.3229,61.1171,247.5639,323.8901,0.1925,62.3327,4.874e-05,16:28,61.1171
4:98,12,279.532,167.4968,225.1932,279.532,0.2887,80.6939,6.31e-05,4:75,167.4968
4:99,10,1198.5428,50.6021,217.6879,267.9347,0.3162,84.7284,6.625e-05,4:84,50.6021
4:100,31,6173.5367,137.2509,686.2544,1217.421,0.1796,218.6553,0.00017097,4:96,137.2509
4:101,23,2925.169,59.4225,279.8571,507.8283,0.2085,105.8895,8.28e-05,2:282,59.4225
4:102,62,3561.5014,160.4269,400.5259,603.686,0.127,76.6682,5.995e-05,60:10,160.4269
4:103,20,422.3523,168.0721,287.5587,356.942,0.2236,79.8147,6.241e-05,3:191,168.0721
4:104,22,3438.3966,152.6903,729.4547,1234.6969,0.2132,263.2383,0.00020583,4:92,152.6903
4:105,15,1043.9285,388.8394,555.605,625.0699,0.2582,161.3924,0.0001262,39:2,388.8394
4:106,7,4744.3153,355.1705,1112.9084,1411.5893,0.378,533.5306,0.00041718,4:23,355.1705
4:107,14,4373.8976,579.4095,1092.9678,1549.9419,0.2673,414.2394,0.0003239,4:36,579.4095
4:108,21,2183.5345,54.3396,240.9371,357.9485,0.2182,78.1108,6.108e-05,3:120,54.3396
4:109,18,1919.8096,52.8671,236.5711,454.6327,0.2357,107.1579,8.379e-05,7:32,52.8671
4:110,13,598.0288,65.2528,265.1467,480.32,0.2774,133.2168,0.00010416,4:100,65.2528
4:111,11,1236.5124,144.1911,720.9555,826.9911,0.3015,249.3472,0.00019497,4:17,144.1911
4:112,14,148.1899,58.8157,148.1899,148.1899,0.2673,39.6054,3.097e-05,4:20,58.8157
4:113,33,1912.2375,392.4455,609.9477,817.5094,0.1741,142.3101,0.00011127,3:69,392.4455
4:114,26,1321.0891,165.6642,397.4627,637.4187,0.1961,125.0081,9.775e-05,4:74,165.6642
4:115,20,2435.1988,365.9749,835.1476,1066.52,0.2236,238.4811,0.00018647,47:32,365.9749
4:116,20,6655.3869,3107.8632,3451.5995,3635.8894,0.2236,813.0096,0.0006357,4:48,3107.8632
4:117,11,708.7102,56.0392,252.772,388.1782,0.3015,117.0401,9.152e-05,12:40,56.0392
4:118,8,83.2027,15.2793,69.618,83.2027,0.3536,29.4166,2.3e-05,4:7,15.2793
4:119,21,2870.199,47.3956,189.2528,366.5744,0.2182,79.9931,6.255e-05,42:46,47.3956
4:120,7,452.2486,395.2181,452.2486,452.2486,0.378,170.9339,0.00013366,17:64,395.2181
4:121,7,116.1044,15.2793,73.3315,116.1044,0.378,43.8833,3.431e-05,10:8,15.2793
4:122,21,20923.3649,1918.0114,5063.0809,8220.7387,0.2182,1793.9123,0.00140269,4:57,1918.0114
4:123,20,4687.3032,575.0324,1313.0811,1559.9906,0.2236,348.8245,0.00027275,4:173,575.0324
4:124,16,2896.995,1278.4837,2601.0904,2774.3186,0.25,693.5797,0.00054232,40:40,1278.4837
4:125,17,625.2545,396.686,582.4816,625.2545,0.2425,151.6465,0.00011857,2:112,396.686
4:126,12,15881.7876,1091.7254,3646.0325,5930.1737,0.2887,1711.8937,0.00133855,4:131,1091.7254
4:127,40,2473.5587,607.201,1040.4764,1285.6648,0.1581,203.2815,0.00015895,2:215,607.201
4:128,29,3014.1286,581.4853,1621.0368,1888.0935,0.1857,350.6102,0.00027415,4:135,581.4853
4:129,22,1633.2104,153.4231,665.2365,907.0207,0.2132,193.3775,0.0001512,4:128,153.4231
4:130,11,407.2045,15.2793,55.4767,105.7236,0.3015,31.8769,2.493e-05,65:7,15.2793
4:131,32,19533.5247,1091.7254,3829.4004,6990.3153,0.1768,1235.7248,0.00096623,4:126,1091.7254
4:132,10,15227.3356,1115.2827,3669.5898,6047.3923,0.3162,1912.3534,0.0014953,4:171,1115.2827
4:133,12,1187.0625,56.3576,262.9785,438.8998,0.2887,126.6995,9.907e-05,6:133,56.3576
4:134,14,1154.1317,61.1171,283.8742,442.9052,0.2673,118.3714,9.256e-05,4:94,61.1171
4:135,37,6643.4029,581.4853,1847.3276,2102.544,0.1644,345.6561,0.00027027,4:128,581.4853
4:136,28,6000.3621,168.0721,517.6711,788.3202,0.189,148.9785,0.00011649,2:285,168.0721
4:137,20,3464.2811,860.6109,1069.9742,1266.3188,0.2236,283.1575,0.00022141,4:168,860.6109
4:138,6,341.2401,54.0313,191.5017,255.8514,0.4082,104.4509,8.167e-05,4:18,54.0313
4:139,14,1628.8927,372.8862,908.0183,980.9806,0.2673,262.1781,0.000205,3:28,372.8862
4:140,33,2600.8325,397.2614,505.4897,578.563,0.1741,100.7149,7.875e-05,6:68,397.2614
4:141,36,2331.7062,161.4722,389.8805,495.818,0.1667,82.6363,6.461e-05,22:69,161.4722
4:142,19,698.0973,27.3397,87.3061,158.5943,0.2294,36.384,2.845e-05,4:108,27.3397
4:143,16,1548.2843,836.8316,1167.6189,1399.8789,0.25,349.9697,0.00027365,4:88,836.8316
4:144,17,8148.9399,372.8862,1680.6041,2628.1473,0.2425,637.4194,0.00049841,3:28,372.8862
4:145,11,227.7506,15.2793,71.9452,138.9856,0.3015,41.9057,3.277e-05,17:97,15.2793
4:146,18,668.2491,160.0214,334.5,407.3378,0.2357,96.0104,7.507e-05,2:160,160.0214
4:147,11,407.2045,15.2793,55.4767,105.7236,0.3015,31.8769,2.493e-05,46:9,15.2793
4:148,14,1262.2137,55.8872,168.8224,235.4105,0.2673,62.9161,4.92e-05,4:134,55.8872
4:149,14,1011.1092,76.4513,274.0937,408.2626,0.2673,109.1128,8.532e-05,33:54,76.4513
4:150,22,998.4129,59.1555,173.0071,240.6635,0.2132,51.3096,4.012e-05,17:110,59.1555
4:151,8,497.0861,164.3027,266.4667,326.2742,0.3536,115.3553,9.02e-05,4:37,164.3027
4:152,17,2361.8716,157.6584,706.662,1313.5886,0.2425,318.592,0.00024911,57:19,157.6584
4:153,37,3423.6165,360.8219,974.3932,1176.6914,0.1644,193.4469,0.00015126,2:213,360.8219
4:154,19,283.7893,167.4968,226.3124,283.7893,0.2294,65.1057,5.091e-05,33:7,167.4968
4:155,22,1316.4453,393.1025,760.5421,843.4786,0.2132,179.8302,0.00014061,4:46,393.1025
4:156,6,0,0.0,0,0,0.4082,0.0,0.0,,0.0
4:157,34,3059.9025,607.542,1367.7933,1660.124,0.1715,284.7089,0.00022262,4:171,607.542
4:158,8,832.4533,152.2611,480.7255,530.9723,0.3536,187.7271,0.00014679,4:165,152.2611
4:159,14,1133.6877,152.9964,357.4237,598.6171,0.2673,159.9871,0.0001251,3:199,152.9964
4:160,14,1879.1725,72.9757,270.5444,482.8364,0.2673,129.0434,0.0001009,6:146,72.9757
4:161,14,353.0101,60.0955,161.7972,231.0261,0.2673,61.7443,4.828e-05,9:34,60.0955
4:162,26,3730.4992,1034.7342,1997.3101,2225.6134,0.1961,436.4787,0.00034129,2:4,1034.7342
4:163,25,1245.5908,384.9856,772.9748,843.2254,0.2,168.6451,0.00013187,3:84,384.9856
4:164,14,887.5622,52.0519,112.7915,164.1895,0.2673,43.8815,3.431e-05,16:118,52.0519
4:165,15,1562.2299,152.2611,536.9292,614.0103,0.2582,158.5368,0.00012396,4:158,152.2611
4:166,13,666.2938,55.3391,267.2573,372.551,0.2774,103.327,8.079e-05,4:79,55.3391
4:167,11,5969.7496,758.2374,2698.4735,2974.7918,0.3015,896.9335,0.00070133,47:32,758.2374
4:168,12,3085.6991,860.6109,1018.5813,1216.0442,0.2887,351.0417,0.00027448,4:137,860.6109
4:169,11,2996.4363,359.9909,1278.6143,1526.1927,0.3015,460.1644,0.00035981,4:30,359.9909
4:170,23,8880.6311,821.9447,2358.3781,3299.9453,0.2085,688.0862,0.00053802,4:131,821.9447
4:171,53,19899.0705,1115.2827,3624.3251,6745.636,0.1374,926.5844,0.00072451,4:132,1115.2827
4:172,18,154.4748,14.7039,66.9279,129.4614,0.2357,30.5143,2.386e-05,7:206,14.7039
4:173,26,12131.1834,1250.7144,3050.4713,3752.657,0.1961,735.9566,0.00057546,33:17,1250.7144
4:174,11,930.1835,165.8819,433.8602,496.588,0.3015,149.7269,0.00011707,4:170,165.8819
4:175,15,1743.1026,49.1461,239.0151,381.0839,0.2582,98.3954,7.694e-05,24:62,49.1461
4:176,50,2914.615,145.8247,711.7582,1157.7485,0.1414,163.7304,0.00012802,4:11,145.8247
5:1,23,6070.8524,391.1409,629.3395,823.8635,0.2085,171.7874,0.00013432,22:30,391.1409
5:2,52,11561.0846,563.6951,1454.8142,2169.4205,0.1387,300.8445,0.00023523,59:7,563.6951
5:3,61,6669.5979,1647.6643,2989.1797,3568.447,0.128,456.8928,0.00035725,16:115,1647.6643
5:4,31,4783.388,146.789,702.0412,1320.5824,0.1796,237.1836,0.00018546,3:199,146.789
5:5,43,4115.6915,564.628,2008.9104,2501.1457,0.1525,381.4211,0.00029824,3:186,564.628
5:6,61,9941.1386,4774.247,5254.125,5853.9725,0.128,749.5244,0.00058606,4:43,4774.247
5:7,19,5671.5357,358.4073,1087.9394,1706.4807,0.2294,391.4935,0.00030611,3:119,358.4073
5:8,26,9727.6168,815.9901,2031.6202,2718.1898,0.1961,533.0809,0.00041682,59:18,815.9901
5:9,10,8466.0772,575.1639,2096.972,3153.6497,0.3162,997.2716,0.00077978,35:7,575.1639
5:10,7,3261.9643,778.9488,2824.396,2981.4724,0.378,1126.8906,0.00088113,5:86,778.9488
5:11,23,6292.0718,372.7666,1242.3338,1958.285,0.2085,408.3306,0.00031928,58:10,372.7666
5:12,45,9875.0606,388.6939,1510.3275,2894.5475,0.1491,431.4937,0.00033739,60:1,388.6939
5:13,32,2943.7486,178.6172,629.5385,877.4512,0.1768,155.1129,0.00012129,4:46,178.6172
5:14,25,2472.8339,167.0505,581.1503,806.4923,0.2,161.2985,0.00012612,5:13,167.0505
5:15,23,2065.3868,850.7456,955.9745,1026.7215,0.2085,214.0862,0.0001674,5:19,850.7456
5:16,18,2297.3837,158.304,744.2795,1081.2682,0.2357,254.8574,0.00019928,14:1,158.304
5:17,42,20944.3793,1483.9752,3685.6662,5721.8684,0.1543,882.9035,0.00069036,5:72,1483.9752
5:18,30,7419.6713,720.8462,2534.122,3399.9722,0.1826,620.7472,0.00048537,48:14,720.8462
5:19,28,7605.0555,850.7456,2047.727,3368.0166,0.189,636.4953,0.00049769,5:15,850.7456
5:20,22,2757.5213,522.167,1779.9973,2052.237,0.2132,437.5384,0.00034212,14:6,522.167
5:21,14,507.2384,56.3829,152.1659,212.4679,0.2673,56.7844,4.44e-05,5:87,56.3829
5:22,17,158.4484,28.864,89.4057,158.4484,0.2425,38.4294,3.005e-05,5:24,28.864
5:23,21,1683.8673,54.93,231.4014,451.9907,0.2182,98.6325,7.712e-05,5:57,54.93
5:24,16,83.2027,28.864,83.2027,83.2027,0.25,20.8007,1.626e-05,5:22,28.864
5:25,13,910.6731,59.0738,252.2202,460.6458,0.2774,127.7601,9.99e-05,72:21,59.0738
5:26,14,1543.2178,166.3775,222.4109,288.3238,0.2673,77.0578,6.025e-05,5:68,166.3775
5:27,24,892.1632,57.0305,201.6502,268.2383,0.2041,54.7539,4.281e-05,7:175,57.0305
5:28,16,1149.1389,381.0321,587.2033,727.541,0.25,181.8852,0.00014222,59:16,381.0321
5:29,13,519.3269,61.1171,204.9916,274.3997,0.2774,76.1048,5.951e-05,59:17,61.1171
5:30,9,129.4058,15.2793,66.0022,129.4058,0.3333,43.1353,3.373e-05,5:31,15.2793
5:31,25,1329.4091,15.2793,73.0072,128.1477,0.2,25.6295,2.004e-05,2:213,15.2793
5:32,40,2296.7762,54.9239,176.9961,259.1528,0.1581,40.9757,3.204e-05,7:137,54.9239
5:33,34,3968.9659,607.0916,1558.8292,1671.0944,0.1715,286.5903,0.00022409,59:3,607.0916
5:34,13,5978.715,198.5084,763.681,1374.7879,0.2774,381.2976,0.00029814,3:89,198.5084
5:35,13,5560.8203,324.2574,1621.2871,2126.6362,0.2774,589.8228,0.00046119,2:278,324.2574
5:36,24,8749.5204,1258.6238,2284.2047,2583.4581,0.2041,527.3462,0.00041234,13:18,1258.6238
5:37,12,758.787,71.1993,169.5442,239.0091,0.2887,68.996,5.395e-05,2:167,71.1993
5:38,13,1486.9644,53.302,261.3429,403.8676,0.2774,112.0127,8.758e-05,2:228,53.302
5:39,14,5306.5734,341.3939,1049.4519,1660.5588,0.2673,443.803,0.00034702,2:173,341.3939
5:40,19,13552.6098,1010.5726,3183.5111,4721.8739,0.2294,1083.2722,0.00084703,2:107,1010.5726
5:41,67,7098.3006,1288.1746,2418.0672,2697.7577,0.1222,329.5836,0.00025771,2:114,1288.1746
5:42,26,2217.2348,147.2777,427.6064,620.2869,0.1961,121.6483,9.512e-05,49:9,147.2777
5:43,15,1989.7674,609.2594,787.2643,1009.7705,0.2582,260.7216,0.00020386,24:47,609.2594
5:44,41,3729.4183,1026.9618,2564.3314,2814.3579,0.1562,439.5289,0.00034367,5:45,1026.9618
5:45,31,3249.7954,1026.9618,2325.8669,2579.0311,0.1796,463.2077,0.00036219,5:44,1026.9618
5:46,26,1739.4488,374.816,957.3231,1281.9648,0.1961,251.414,0.00019658,5:48,374.816
5:47,16,3072.7167,1026.9618,2215.4709,2465.4975,0.25,616.3744,0.00048195,5:44,1026.9618
5:48,51,8046.0255,838.0243,3494.9756,4484.3181,0.14,627.9301,0.00049099,16:93,838.0243
5:49,33,3989.2333,835.8578,1407.3176,1678.3651,0.1741,292.1659,0.00022845,5:48,835.8578
5:50,10,962.4929,160.2704,217.301,265.5555,0.3162,83.976,6.566e-05,2:138,160.2704
5:51,22,13276.8211,523.2719,2263.6097,3831.6936,0.2132,816.9198,0.00063876,6:144,523.2719
5:52,28,2268.4263,144.9659,631.3892,875.9236,0.189,165.534,0.00012943,9:125,144.9659
5:53,15,1669.0353,55.572,273.7969,344.3399,0.2582,88.9082,6.952e-05,6:109,55.572
5:54,37,10438.3221,789.1516,3090.8961,3718.3201,0.1644,611.2881,0.00047798,3:73,789.1516
5:55,13,2242.1677,598.4795,1478.4808,1542.5297,0.2774,427.8208,0.00033452,27:3,598.4795
5:56,11,1032.2651,157.8242,280.3303,342.6282,0.3015,103.3063,8.078e-05,5:55,157.8242
5:57,23,12149.5508,564.628,2124.5289,3384.0737,0.2085,705.6281,0.00055174,3:186,564.628
5:58,12,1152.4638,377.1494,785.5175,855.9473,0.2887,247.0907,0.0001932,59:14,377.1494
5:59,20,3341.2676,827.05,1270.9785,1536.9568,0.2236,343.674,0.00026872,2:136,827.05
5:60,27,1746.7431,167.0505,271.1601,340.4295,0.1925,65.5157,5.123e-05,25:34,167.0505
5:61,16,994.0131,51.5258,257.6288,324.0288,0.25,81.0072,6.334e-05,3:36,51.5258
5:62,13,1814.9332,389.3083,571.4221,786.3385,0.2774,218.0911,0.00017053,5:63,389.3083
5:63,13,961.0648,389.3083,486.1378,533.6305,0.2774,148.0025,0.00011573,5:62,389.3083
5:64,47,6480.6397,1501.9554,2316.6698,2773.0266,0.1459,404.4875,0.00031627,5:68,1501.9554
5:65,12,685.7854,166.6858,327.276,396.7409,0.2887,114.5292,8.955e-05,3:195,166.6858
5:66,24,1285.1032,395.8751,664.1567,736.1019,0.2041,150.2562,0.00011749,29:55,395.8751
5:67,24,7793.9181,372.845,1729.6896,2982.4362,0.2041,608.7872,0.00047602,5:68,372.845
5:68,30,5033.9777,1501.9554,2376.6069,3032.8624,0.1826,553.7224,0.00043296,5:64,1501.9554
5:69,20,10278.5043,1487.3229,3602.6488,5346.4663,0.2236,1195.5062,0.00093478,2:62,1487.3229
5:70,19,727.4308,166.6858,412.0038,478.7525,0.2294,109.8334,8.588e-05,2:87,166.6858
5:71,19,743.6198,157.4525,428.3747,502.0233,0.2294,115.1721,9.005e-05,2:96,157.4525
5:72,33,6371.7622,1483.9752,2543.5397,3016.1969,0.1741,525.0525,0.00041055,5:17,1483.9752
5:73,25,6099.2486,582.8203,1852.693,2283.0946,0.2,456.6189,0.00035704,5:17,582.8203
5:74,8,1226.8321,46.2822,231.4111,462.8223,0.3536,163.6324,0.00012795,2:218,46.2822
5:75,25,1820.3814,842.8461,1055.6724,1290.8025,0.2,258.1605,0.00020186,3:144,842.8461
5:76,16,6326.1106,542.1758,1796.4236,2662.4557,0.25,665.6139,0.00052045,16:73,542.1758
5:77,23,2066.2297,621.248,848.3839,1022.8117,0.2085,213.271,0.00016676,4:171,621.248
5:78,17,3094.1706,381.1827,1043.4346,1272.3869,0.2425,308.5992,0.0002413,2:61,381.1827
5:79,10,748.7499,54.3147,189.158,256.6862,0.3162,81.1713,6.347e-05,83:36,54.3147
5:80,19,1343.4369,27.8423,86.7871,156.6167,0.2294,35.9303,2.809e-05,5:62,27.8423
5:81,15,493.3163,26.456,96.6592,166.6015,0.2582,43.0163,3.364e-05,58:22,26.456
5:82,26,816.5984,161.7915,220.1361,286.5361,0.1961,56.1943,4.394e-05,5:14,161.7915
5:83,21,654.2248,75.8211,225.8413,295.6461,0.2182,64.5153,5.045e-05,3:53,75.8211
5:84,16,287.762,15.2793,74.095,144.0372,0.25,36.0093,2.816e-05,38:62,15.2793
5:85,14,15297.8504,903.7155,3599.2611,6694.6683,0.2673,1789.2254,0.00139902,20:76,903.7155
5:86,7,3261.9643,778.9488,2824.396,2981.4724,0.378,1126.8906,0.00088113,5:10,778.9488
5:87,17,10302.795,810.6669,1337.1653,1951.0555,0.2425,473.2005,0.00037,2:190,810.6669
5:88,12,2046.6811,613.6362,1277.8544,1494.7643,0.2887,431.5013,0.0003374,60:11,613.6362
5:89,45,4743.8075,1314.0185,3431.486,4166.6121,0.1491,621.1219,0.00048566,2:225,1314.0185
5:90,15,3945.0144,139.3776,332.8748,520.0013,0.2582,134.2638,0.00010498,9:28,139.3776
5:91,20,490.731,55.4062,154.9241,225.2,0.2236,50.3563,3.937e-05,24:37,55.4062
5:92,13,686.9035,341.3384,535.7263,606.4636,0.2774,168.2027,0.00013152,64:12,341.3384
5:93,24,5934.6082,106.9601,534.8004,1069.6008,0.2041,218.3313,0.00017072,2:25,106.9601
5:94,23,5625.898,878.2504,1037.3231,1199.4362,0.2085,250.0997,0.00019556,2:178,878.2504
5:95,50,6221.7374,163.809,610.496,1151.0326,0.1414,162.7806,0.00012728,3:4,163.809
5:96,20,1234.7831,381.9099,586.5487,679.5818,0.2236,151.9591,0.00011882,58:9,381.9099
5:97,27,19920.7185,1199.5683,3910.2208,6101.5473,0.1925,1174.2433,0.00091816,58:7,1199.5683
5:98,9,3892.3229,140.8833,615.8534,868.5984,0.3333,289.5328,0.00022639,2:196,140.8833
5:99,11,1649.3796,612.8236,1041.7861,1220.6977,0.3015,368.0542,0.00028779,24:29,612.8236
5:100,15,743.18,163.5813,267.4713,333.5067,0.2582,86.1111,6.733e-05,65:10,163.5813
5:101,25,5785.7212,122.365,554.7943,1095.3309,0.2,219.0662,0.00017129,5:95,122.365
5:102,9,202.4115,15.2793,62.0623,120.5412,0.3333,40.1804,3.142e-05,49:11,15.2793
5:103,21,3167.3379,144.8445,638.2978,850.7335,0.2182,185.6453,0.00014516,4:50,144.8445
5:104,24,5024.3906,1507.743,3200.2339,3468.0256,0.2041,707.9078,0.00055352,4:61,1507.743
5:105,19,6132.0303,837.8237,1400.6395,1641.1703,0.2294,376.5103,0.0002944,5:48,837.8237
5:106,51,6507.53,166.4751,653.4186,857.4618,0.14,120.0687,9.388e-05,2:180,166.4751
5:107,26,539.685,73.6238,216.8914,280.1946,0.1961,54.9507,4.297e-05,5:106,73.6238
5:108,22,3146.2114,341.5597,1312.3754,1967.6684,0.2132,419.5083,0.00032802,9:24,341.5597
5:109,15,544.0865,163.9696,327.9392,395.4673,0.2582,102.1092,7.984e-05,5:116,163.9696
5:110,63,5628.0537,387.7738,1800.4736,2635.3105,0.126,332.0179,0.00025961,5:116,387.7738
5:111,13,154.4748,14.7039,66.9279,129.4614,0.2774,35.9061,2.808e-05,3:193,14.7039
5:112,21,3526.3317,173.6112,492.9132,722.9384,0.2182,157.7581,0.00012335,5:114,173.6112
5:113,15,87.46,15.2793,73.2024,87.46,0.2582,22.5821,1.766e-05,16:61,15.2793
5:114,22,1564.9555,173.6112,578.7443,791.9154,0.2132,168.8369,0.00013202,5:112,173.6112
5:115,17,310.7213,59.7308,116.6891,183.2772,0.2425,44.4513,3.476e-05,5:20,59.7308
5:116,44,5198.291,387.7738,831.3211,1061.0293,0.1508,159.9562,0.00012507,5:110,387.7738
5:117,29,3880.8761,158.1741,686.6657,1036.3425,0.1857,192.444,0.00015047,5:72,158.1741
5:118,11,439.993,53.0824,183.8142,237.1848,0.3015,71.5139,5.592e-05,2:129,53.0824
5:119,24,19250.8881,2000.4813,5564.1837,9438.6959,0.2041,1926.6657,0.00150649,98:8,2000.4813
5:120,11,8786.7022,347.1045,1566.9786,2566.4667,0.3015,773.8188,0.00060506,57:2,347.1045
6:1,14,4652.3431,132.939,633.7904,1259.8548,0.2673,336.7104,0.00026328,11:7,132.939
6:2,14,962.6532,151.8122,463.2318,535.4125,0.2673,143.095,0.00011189,7:189,151.8122
6:3,12,1006.2005,51.0973,131.8441,200.3597,0.2887,57.8389,4.523e-05,10:6,51.0973
6:4,11,2085.3797,1762.579,1818.037,1885.9604,0.3015,568.6385,0.00044463,36:46,1762.579
6:5,12,2273.7067,378.2299,945.6243,1614.4309,0.2887,466.0461,0.00036441,26:6,378.2299
6:6,31,4356.6224,596.0367,1365.1145,1633.0939,0.1796,293.3123,0.00022935,38:3,596.0367
6:7,16,4547.76,771.8463,2177.5321,2807.2378,0.25,701.8094,0.00054876,11:7,771.8463
6:8,13,674.2335,159.4048,374.7493,444.7896,0.2774,123.3625,9.646e-05,29:50,159.4048
6:9,9,44.6871,15.2793,44.6871,44.6871,0.3333,14.8957,1.165e-05,41:44,15.2793
6:10,13,4578.3159,2174.6979,2954.3218,3623.1285,0.2774,1004.875,0.00078573,21:41,2174.6979
6:11,10,2915.7349,194.8583,843.657,1197.8508,0.3162,378.7937,0.00029618,27:69,194.8583
6:12,25,8627.9602,809.1433,2231.3081,2817.8198,0.2,563.564,0.00044066,4:87,809.1433
6:13,9,653.1263,52.4183,262.0917,331.7097,0.3333,110.5699,8.646e-05,2:137,52.4183
6:14,24,2465.8088,164.6425,592.1415,836.7824,0.2041,170.8075,0.00013356,39:11,164.6425
6:15,9,3029.348,1255.9871,2473.9108,2732.0585,0.3333,910.6862,0.00071208,39:13,1255.9871
6:16,9,45.8379,15.2793,45.8379,45.8379,0.3333,15.2793,1.195e-05,45:30,15.2793
6:17,17,6468.3461,1537.5544,1977.5408,2527.5237,0.2425,613.0145,0.00047933,10:107,1537.5544
6:18,7,314.3478,168.0721,314.3478,314.3478,0.378,118.8123,9.29e-05,6:61,168.0721
6:19,37,1631.1973,159.5459,458.8015,553.2729,0.1644,90.9575,7.112e-05,14:52,159.5459
6:20,13,2557.0471,849.2838,1621.173,1886.3477,0.2774,523.1787,0.00040908,2:146,849.2838
6:21,14,9322.8028,1839.9095,5804.0461,7678.0684,0.2673,2052.0501,0.00160453,10:17,1839.9095
6:22,12,1052.6456,853.9453,998.3068,1052.6456,0.2887,303.8726,0.0002376,10:28,853.9453
6:23,12,1063.9843,47.8688,239.3439,420.3556,0.2887,121.3462,9.488e-05,3:147,47.8688
6:24,10,3202.2955,562.5046,2150.8465,2478.445,0.3162,783.7531,0.00061283,7:53,562.5046
6:25,32,8475.5967,1270.6621,4104.3764,5688.7786,0.1768,1005.6435,0.00078633,17:46,1270.6621
6:26,11,441.0602,158.1095,400.3061,441.0602,0.3015,132.9847,0.00010398,2:9,158.1095
6:27,16,991.5387,389.4148,606.5492,755.5388,0.25,188.8847,0.00014769,6:30,389.4148
6:28,16,1506.7777,60.0955,125.8984,194.479,0.25,48.6198,3.802e-05,58:8,60.0955
6:29,9,988.4508,443.4235,780.9685,853.1492,0.3333,284.3831,0.00022236,23:37,443.4235
6:30,19,3925.8652,1963.9269,3225.262,3502.2887,0.2294,803.4801,0.00062825,46:34,1963.9269
6:31,26,2051.3111,620.4576,955.0769,1030.3225,0.1961,202.0629,0.000158,10:45,620.4576
6:32,13,1856.9608,617.9785,1064.7158,1228.8869,0.2774,340.8319,0.0002665,7:169,617.9785
6:33,14,304.6152,56.3829,104.448,160.05,0.2673,42.7752,3.345e-05,40:63,56.3829
6:34,22,923.8499,161.3624,258.8914,323.9721,0.2132,69.0711,5.401e-05,35:4,161.3624
6:35,28,2641.4465,55.4903,265.7513,503.9291,0.189,95.2337,7.446e-05,2:147,55.4903
6:36,10,277.4103,15.2793,72.4731,135.6893,0.3162,42.9087,3.355e-05,21:58,15.2793
6:37,19,5430.4708,825.0924,1401.0272,2071.0453,0.2294,475.1304,0.00037151,13:27,825.0924
6:38,22,3054.5881,384.8057,585.8637,808.9388,0.2132,172.4663,0.00013485,11:6,384.8057
6:39,17,856.8119,53.2666,264.9409,487.718,0.2425,118.289,9.249e-05,6:49,53.2666
6:40,15,2390.5257,624.489,804.9983,1009.5651,0.2582,260.6686,0.00020382,6:47,624.489
6:41,12,225.892,15.2793,72.3098,138.3452,0.2887,39.9368,3.123e-05,6:80,15.2793
6:42,11,1009.4833,390.187,552.4582,639.1438,0.3015,192.7091,0.00015068,16:63,390.187
6:43,14,1483.6309,59.7308,261.7069,476.6233,0.2673,127.3829,9.96e-05,7:5,59.7308
6:44,20,1746.0847,396.2397,465.1857,534.8969,0.2236,119.6066,9.352e-05,7:165,396.2397
6:45,9,1048.3047,156.567,355.015,494.1918,0.3333,164.7306,0.00012881,37:182,156.567
6:46,23,1825.252,428.0132,1128.4147,1361.4861,0.2085,283.8895,0.00022198,28:71,428.0132
6:47,14,784.7619,624.489,728.8253,784.7619,0.2673,209.7365,0.000164,6:40,624.489
6:48,15,5528.2062,755.873,2960.2023,4551.6464,0.2582,1175.2301,0.00091893,7:35,755.873
6:49,8,1088.9301,53.2666,265.5104,524.4867,0.3536,185.4341,0.00014499,6:39,53.2666
6:50,28,4452.3478,1582.5036,3215.4746,3442.9543,0.189,650.6572,0.00050876,11:31,1582.5036
6:51,17,1203.9047,66.2134,257.7722,332.1253,0.2425,80.5522,6.298e-05,32:4,66.2134
6:52,25,1852.1083,853.37,1068.9513,1138.2207,0.2,227.6441,0.000178,18:28,853.37
6:53,15,1186.7425,54.1011,152.8892,225.07,0.2582,58.1128,4.544e-05,4:69,54.1011
6:54,27,1231.2101,59.4225,138.8509,211.4779,0.1925,40.6989,3.182e-05,6:12,59.4225
6:55,6,101.4098,59.7308,101.4098,101.4098,0.4082,41.4004,3.237e-05,7:174,59.7308
6:56,21,5966.3309,1475.1706,2614.2334,3099.0438,0.2182,676.2668,0.00052878,40:66,1475.1706
6:57,22,1493.1429,168.0721,795.6435,1096.276,0.2132,233.7268,0.00018275,6:58,168.0721
6:58,14,537.122,168.0721,224.1055,291.2277,0.2673,77.8339,6.086e-05,6:57,168.0721
6:59,31,2337.4211,177.2103,608.324,877.0583,0.1796,157.5243,0.00012317,34:3,177.2103
6:60,22,1639.0358,56.3102,248.1577,474.0532,0.2132,101.0685,7.903e-05,22:5,56.3102
6:61,17,1065.9644,168.0721,308.3292,376.7974,0.2425,91.3868,7.146e-05,6:18,168.0721
6:62,12,601.0807,163.0475,223.0139,283.1858,0.2887,81.7487,6.392e-05,10:30,163.0475
6:63,17,839.4537,406.0803,593.4122,663.6881,0.2425,160.968,0.00012586,10:22,406.0803
6:64,10,274.1334,14.7039,72.1807,139.9511,0.3162,44.2564,3.46e-05,2:85,14.7039
6:65,27,652.6846,164.8533,224.8197,292.5811,0.1925,56.3073,4.403e-05,6:46,164.8533
6:66,9,59.9664,15.2793,59.9664,59.9664,0.3333,19.9888,1.563e-05,10:108,15.2793
6:67,5,0,0.0,0,0,0.4472,0.0,0.0,,0.0
6:68,23,876.2435,397.2614,538.121,610.3017,0.2085,127.2567,9.95e-05,4:140,397.2614
6:69,12,822.5747,163.0475,220.2413,281.9106,0.2887,81.3806,6.363e-05,6:52,163.0475
6:70,45,6503.6441,1303.0439,1898.0794,2170.8984,0.1491,323.6184,0.00025304,10:4,1303.0439
6:71,39,7983.5885,615.7756,1877.2165,2995.259,0.1601,479.6253,0.00037503,2:120,615.7756
6:72,8,433.8273,58.0048,154.5374,208.247,0.3536,73.6264,5.757e-05,5:96,58.0048
6:73,24,5129.4174,347.8215,935.3108,1581.6767,0.2041,322.8584,0.00025245,11:7,347.8215
6:74,14,1105.9364,161.8552,359.8927,596.7521,0.2673,159.4887,0.00012471,43:26,161.8552
6:75,9,1059.7074,53.5187,84.242,122.6461,0.3333,40.882,3.197e-05,7:185,53.5187
6:76,15,848.1022,622.5274,718.9674,783.7455,0.2582,202.3622,0.00015823,6:77,622.5274
6:77,18,986.3325,622.5274,737.7734,803.1837,0.2357,189.3122,0.00014803,6:76,622.5274
6:78,17,836.1991,162.1144,405.3417,520.5877,0.2425,126.2611,9.873e-05,11:54,162.1144
6:79,12,1626.7856,157.9781,318.3689,416.0924,0.2887,120.1155,9.392e-05,12:108,157.9781
6:80,25,1933.3872,100.7342,312.6082,529.4374,0.2,105.8875,8.279e-05,7:89,100.7342
6:81,22,2190.087,374.0763,994.6113,1225.8485,0.2132,261.3518,0.00020435,3:151,374.0763
6:82,11,1475.0114,22.3368,80.4676,140.1243,0.3015,42.2491,3.304e-05,8:72,22.3368
6:83,14,728.6956,166.3775,371.4418,440.2902,0.2673,117.6725,9.201e-05,12:76,166.3775
6:84,21,1566.1814,158.8387,485.9016,668.3182,0.2182,145.839,0.00011403,21:72,158.8387
6:85,7,192.9904,13.5847,67.9234,130.4569,0.378,49.3081,3.855e-05,3:7,13.5847
6:86,8,106.8537,15.2793,67.6075,106.8537,0.3536,37.7785,2.954e-05,27:15,15.2793
6:87,9,693.4255,47.6237,238.1185,476.237,0.3333,158.7457,0.00012413,2:142,47.6237
6:88,16,4947.8259,838.0441,1817.3471,2328.0974,0.25,582.0244,0.00045509,39:23,838.0441
6:89,17,677.4504,58.8157,281.9145,392.2474,0.2425,95.134,7.439e-05,3:79,58.8157
6:90,16,2008.3162,386.95,934.7474,1184.0809,0.25,296.0202,0.00023146,11:51,386.95
6:91,44,3317.9813,388.1598,808.1056,1042.2207,0.1508,157.1207,0.00012285,39:67,388.1598
6:92,22,971.9769,167.4968,506.5998,581.8455,0.2132,124.0499,9.7e-05,42:7,167.4968
6:93,49,9081.2921,932.3934,4042.9123,6165.69,0.1429,880.8129,0.00068872,6:21,932.3934
6:94,29,601.2375,165.6642,223.7164,292.2319,0.1857,54.2661,4.243e-05,18:48,165.6642
6:95,17,2280.479,216.9885,590.0817,659.465,0.2425,159.9438,0.00012506,10:31,216.9885
6:96,12,441.9076,160.6239,362.0019,428.59,0.2887,123.7233,9.674e-05,36:38,160.6239
6:97,16,1944.3793,170.4618,709.2966,976.0037,0.25,244.0009,0.00019079,6:98,170.4618
6:98,13,927.3804,170.4618,501.2734,572.0063,0.2774,158.646,0.00012405,6:97,170.4618
6:99,44,5065.661,581.1536,1599.5843,2099.0065,0.1508,316.4371,0.00024743,35:27,581.1536
6:100,15,590.1516,59.5201,275.8069,386.6825,0.2582,99.841,7.807e-05,13:33,59.5201
6:101,18,3332.664,148.8717,481.5953,764.3295,0.2357,180.1542,0.00014087,2:29,148.8717
6:102,16,7495.834,393.031,1045.8887,1673.1937,0.25,418.2984,0.00032707,39:62,393.031
6:103,9,61.1171,61.1171,61.1171,61.1171,0.3333,20.3724,1.593e-05,67:14,61.1171
6:104,15,908.6159,163.5734,428.7429,518.3012,0.2582,133.8248,0.00010464,11:86,163.5734
6:105,8,134.3473,14.2576,68.937,134.3473,0.3536,47.499,3.714e-05,6:46,14.2576
6:106,13,4800.2461,171.3486,674.1307,1249.6746,0.2774,346.5974,0.00027101,18:27,171.3486
6:107,13,1882.5724,158.207,658.5734,897.2467,0.2774,248.8514,0.00019458,39:41,158.207
6:108,25,4645.7273,359.7007,738.7115,966.8366,0.2,193.3673,0.0001512,10:66,359.7007
6:109,21,2835.8526,387.8343,1355.2901,1580.6683,0.2182,344.9301,0.00026971,29:50,387.8343
6:110,13,368.0315,55.572,236.5455,303.6748,0.2774,84.2242,6.586e-05,2:15,55.572
6:111,22,2928.6544,149.6552,714.0049,1012.0865,0.2132,215.7776,0.00016872,7:89,149.6552
6:112,23,1339.9688,408.4961,974.2549,1128.5885,0.2085,235.327,0.00018401,6:137,408.4961
6:113,12,1857.5273,134.3257,671.6286,1082.0845,0.2887,312.3709,0.00024425,17:10,134.3257
6:114,23,1523.1505,168.3373,507.2885,657.1092,0.2085,137.0167,0.00010714,2:147,168.3373
6:115,11,545.3182,61.1171,278.103,424.6186,0.3015,128.0273,0.00010011,18:27,61.1171
6:116,18,5299.8099,1076.6909,1816.7965,2065.2148,0.2357,486.7758,0.00038062,10:66,1076.6909
6:117,11,2074.7738,520.2765,1544.0384,1731.7068,0.3015,522.1292,0.00040826,16:125,520.2765
6:118,10,1519.8448,390.0376,621.0285,698.1843,0.3162,220.7852,0.00017264,6:119,390.0376
6:119,30,2708.6471,390.0376,974.3221,1260.9553,0.1826,230.2179,0.00018001,6:118,390.0376
6:120,12,1121.1886,18.5453,58.3618,108.1323,0.2887,31.2151,2.441e-05,6:159,18.5453
6:121,20,358.2706,69.1726,206.367,270.7237,0.2236,60.5357,4.733e-05,6:119,69.1726
6:122,24,1344.2299,58.2626,230.1957,445.112,0.2041,90.8581,7.104e-05,10:12,58.2626
6:123,15,275.5477,58.7092,117.5249,185.4483,0.2582,47.8825,3.744e-05,25:51,58.7092
6:124,29,1381.8932,56.6185,168.3962,240.5769,0.1857,44.674,3.493e-05,28:48,56.6185
6:125,28,2397.2938,158.2658,367.8702,591.0576,0.189,111.6994,8.734e-05,10:100,158.2658
6:126,9,423.4842,159.7199,360.0806,423.4842,0.3333,141.1614,0.00011038,6:97,159.7199
6:127,10,1208.9035,45.625,228.1251,425.9044,0.3162,134.6828,0.00010531,6:108,45.625
6:128,35,2811.9173,162.2914,672.3551,887.1296,0.169,149.9523,0.00011725,6:83,162.2914
6:129,8,727.08,48.4648,242.3242,376.2937,0.3536,133.0399,0.00010403,7:96,48.4648
6:130,27,2810.5892,620.5041,1691.6398,1903.7349,0.1925,366.374,0.00028647,7:37,620.5041
6:131,10,366.0277,61.1171,249.4767,315.3048,0.3162,99.7081,7.796e-05,11:117,61.1171
6:132,9,624.3242,168.0721,559.9675,624.3242,0.3333,208.1081,0.00016272,46:19,168.0721
6:133,18,446.7249,56.3576,199.6313,269.5736,0.2357,63.5391,4.968e-05,4:133,56.3576
6:134,7,302.1936,54.9966,233.8794,302.1936,0.378,114.2184,8.931e-05,10:53,54.9966
6:135,18,2629.3593,1067.5109,2177.645,2411.7244,0.2357,568.4489,0.00044448,28:37,1067.5109
6:136,31,1560.1252,62.2939,278.0773,393.8651,0.1796,70.7403,5.531e-05,28:81,62.2939
6:137,20,2007.7255,408.4961,790.9772,1029.3202,0.2236,230.163,0.00017997,6:112,408.4961
6:138,26,1221.6795,57.6875,121.2124,189.1359,0.1961,37.0926,2.9e-05,22:36,57.6875
6:139,22,821.9693,59.7308,119.6973,190.9854,0.2132,40.7182,3.184e-05,15:25,59.7308
6:140,20,1330.6474,114.7375,309.2021,383.4261,0.2236,85.7367,6.704e-05,10:45,114.7375
6:141,31,1689.419,615.1084,873.6554,1015.9305,0.1796,182.4665,0.00014267,7:31,615.1084
6:142,16,3427.9566,1033.81,2828.8888,3066.4559,0.25,766.614,0.00059943,2:168,1033.81
6:143,23,3359.3722,1787.6763,1951.3297,2155.8966,0.2085,449.5355,0.0003515,6:144,1787.6763
6:144,40,14396.8403,1787.6763,4502.4912,7105.041,0.1581,1123.4056,0.00087841,6:143,1787.6763
6:145,39,4115.6732,1748.6069,2588.3676,2659.4544,0.1601,425.8535,0.00033298,16:115,1748.6069
6:146,28,813.6946,164.0761,291.5045,364.1316,0.189,68.8144,5.381e-05,16:118,164.0761
6:147,13,148.5772,74.7994,134.3195,148.5772,0.2774,41.2079,3.222e-05,12:110,74.7994
6:148,37,4893.0237,1102.7969,1901.2568,2286.4759,0.1644,375.8943,0.00029392,16:35,1102.7969
6:149,8,61.1171,61.1171,61.1171,61.1171,0.3536,21.6082,1.69e-05,16:9,61.1171
6:150,27,3332.4339,166.1105,366.9157,611.5054,0.1925,117.6843,9.202e-05,45:18,166.1105
6:151,42,3745.1662,1053.9494,2845.1079,3197.6914,0.1543,493.4145,0.00038581,17:33,1053.9494
6:152,35,3837.66,1988.47,2874.8094,3461.5878,0.169,585.1151,0.00045751,17:34,1988.47
6:153,17,550.9076,161.7431,364.2403,432.1638,0.2425,104.8151,8.196e-05,6:151,161.7431
6:154,17,948.4448,162.9164,440.2442,694.0943,0.2425,168.3426,0.00013163,16:89,162.9164
6:155,8,289.6001,166.4751,223.0119,289.6001,0.3536,102.3891,8.006e-05,6:92,166.4751
6:156,14,217.127,28.1506,88.117,161.1903,0.2673,43.0799,3.368e-05,7:172,28.1506
6:157,35,2247.4601,160.9299,478.9042,741.8484,0.169,125.3953,9.805e-05,7:203,160.9299
6:158,37,2955.2589,1065.5757,1416.8597,1519.6724,0.1644,249.8326,0.00019535,16:33,1065.5757
6:159,19,2248.9298,397.2614,590.7308,685.1839,0.2294,157.192,0.00012291,30:32,397.2614
6:160,16,1649.1003,555.6814,991.3558,1231.6815,0.25,307.9204,0.00024077,28:84,555.6814
6:161,16,3655.6033,795.7887,2148.0204,2386.4179,0.25,596.6045,0.00046649,3:95,795.7887
6:162,9,879.8427,49.612,248.06,380.1649,0.3333,126.7216,9.909e-05,1:2,49.612
6:163,8,30.5586,15.2793,30.5586,30.5586,0.3536,10.8041,8.45e-06,39:12,15.2793
6:164,29,5369.8367,1954.587,3451.2,3748.2257,0.1857,696.028,0.00054423,39:7,1954.587
6:165,21,1209.0739,176.9953,488.1562,577.9003,0.2182,126.1082,9.861e-05,7:167,176.9953
7:1,1,0,0.0,0,0,1.0,0.0,0.0,,0.0
7:2,13,151.092,15.2793,64.6657,126.3988,0.2774,35.0567,2.741e-05,11:120,15.2793
7:3,14,2011.9552,381.6245,718.3581,977.2327,0.2673,261.1764,0.00020422,39:55,381.6245
7:4,10,272.4934,56.1722,158.1822,222.4666,0.3162,70.3501,5.501e-05,21:6,56.1722
7:5,12,1607.3798,61.7618,303.713,566.722,0.2887,163.5986,0.00012792,17:94,61.7618
7:6,6,0,0.0,0,0,0.4082,0.0,0.0,,0.0
7:7,6,114.1265,12.6807,63.4036,114.1265,0.4082,46.5919,3.643e-05,7:43,12.6807
7:8,9,1084.7613,615.8928,750.764,818.6764,0.3333,272.8921,0.00021338,23:102,615.8928
7:9,11,1648.8866,845.9607,1059.8358,1209.1249,0.3015,364.5649,0.00028506,23:103,845.9607
7:10,11,1702.7007,165.6642,345.4682,409.8249,0.3015,123.5669,9.662e-05,15:20,165.6642
7:11,16,3265.7694,777.4321,3125.0076,3189.685,0.25,797.4213,0.00062352,2:34,777.4321
7:12,17,1811.5481,1537.3543,1595.359,1664.824,0.2425,403.7791,0.00031572,38:76,1537.3543
7:13,13,101.4098,15.2793,73.6238,101.4098,0.2774,28.126,2.199e-05,12:32,15.2793
7:14,5,423.7162,52.4911,223.549,279.151,0.4472,124.8401,9.761e-05,15:36,52.4911
7:15,4,114.3876,14.7039,72.7087,114.3876,0.5,57.1938,4.472e-05,15:37,14.7039
7:16,7,0,0.0,0,0,0.378,0.0,0.0,,0.0
7:17,15,667.6847,390.3548,503.2745,567.6312,0.2582,146.5617,0.0001146,41:14,390.3548
7:18,12,87.46,28.9616,87.46,87.46,0.2887,25.2475,1.974e-05,38:85,28.9616
7:19,16,1705.6486,1479.8206,1535.2786,1597.105,0.25,399.2762,0.0003122,2:35,1479.8206
7:20,25,590.718,15.2793,63.1966,109.4705,0.2,21.8941,1.712e-05,66:10,15.2793
7:21,5,0,0.0,0,0,0.4472,0.0,0.0,,0.0
7:22,28,1220.3069,1084.8292,1153.7188,1220.3069,0.189,230.6163,0.00018032,20:121,1084.8292
7:23,12,283.4597,57.1323,114.0905,182.014,0.2887,52.5429,4.108e-05,7:149,57.1323
7:24,12,3202.3011,1756.1808,1899.8219,1967.2112,0.2887,567.885,0.00044404,2:36,1756.1808
7:25,7,0,0.0,0,0,0.378,0.0,0.0,,0.0
7:26,19,657.2718,159.2353,257.0137,326.4787,0.2294,74.8994,5.856e-05,18:17,159.2353
7:27,30,1145.7121,53.209,262.4578,447.6699,0.1826,81.733,6.391e-05,11:121,53.209
7:28,22,6714.2416,565.1916,1705.7194,2119.5703,0.2132,451.8939,0.00035334,10:68,565.1916
7:29,16,419.0844,61.1171,272.414,419.0844,0.25,104.7711,8.192e-05,7:31,61.1171
7:30,16,2833.0281,60.5418,248.2224,425.5439,0.25,106.386,8.318e-05,43:37,60.5418
7:31,15,1284.5284,615.1084,825.55,932.283,0.2582,240.7144,0.00018822,6:141,615.1084
7:32,26,2821.3266,168.1638,586.1961,833.433,0.1961,163.4497,0.0001278,10:24,168.1638
7:33,29,6495.0461,792.6548,2768.1626,4041.2114,0.1857,750.4341,0.00058678,2:169,792.6548
7:34,11,509.2941,221.4966,407.4896,471.774,0.3015,142.2452,0.00011122,16:61,221.4966
7:35,18,5312.9668,755.873,2732.61,4324.0542,0.2357,1019.1893,0.00079692,6:48,755.873
7:36,11,4858.5028,530.1192,2444.9005,3906.9763,0.3015,1177.9977,0.00092109,2:39,530.1192
7:37,37,13609.7137,1373.3325,4936.7759,7729.4169,0.1644,1270.7083,0.00099359,10:17,1373.3325
7:38,40,2764.5187,427.5758,1115.1601,1373.8761,0.1581,217.2289,0.00016985,41:25,427.5758
7:39,14,1428.6166,164.9597,760.1321,873.4981,0.2673,233.4522,0.00018254,11:27,164.9597
7:40,23,1619.0211,164.3805,360.0522,577.6328,0.2085,120.4448,9.418e-05,7:36,164.3805
7:41,10,425.6647,14.7039,69.3607,130.4037,0.3162,41.2373,3.224e-05,12:75,14.7039
7:42,15,6254.8432,691.8419,2414.0985,3032.7192,0.2582,783.0447,0.00061227,2:82,691.8419
7:43,36,4206.3979,617.1867,1248.9912,1721.8576,0.1667,286.9763,0.00022439,15:47,617.1867
7:44,28,1219.7104,160.257,267.9705,341.4901,0.189,64.5356,5.046e-05,11:18,160.257
7:45,10,2946.6696,1280.4318,1773.7516,1986.0437,0.3162,628.0421,0.00049108,11:19,1280.4318
7:46,18,260.142,58.0362,112.375,174.7533,0.2357,41.1897,3.221e-05,7:50,58.0362
7:47,13,782.6032,58.0048,240.5682,306.3963,0.2774,84.979,6.645e-05,10:85,58.0048
7:48,14,200.0706,15.2793,74.6703,145.7318,0.2673,38.9485,3.045e-05,12:67,15.2793
7:49,15,237.9514,120.6373,180.0283,237.9514,0.2582,61.4388,4.804e-05,43:68,120.6373
7:50,20,2778.5031,58.0362,280.3241,510.3149,0.2236,114.1099,8.922e-05,7:46,58.0362
7:51,19,1089.0234,112.7891,306.1631,387.501,0.2294,88.8988,6.951e-05,6:70,112.7891
7:52,10,372.4783,54.6067,193.2278,262.6927,0.3162,83.0707,6.495e-05,7:203,54.6067
7:53,38,4914.6726,789.4966,2377.8385,2993.2586,0.1622,485.5707,0.00037967,11:21,789.4966
7:54,32,11275.7024,2256.6548,6611.5973,8140.1244,0.1768,1438.9843,0.00112516,10:3,2256.6548
7:55,8,706.0086,55.2322,259.7888,401.3821,0.3536,141.91,0.00011096,2:190,55.2322
7:56,15,2151.7452,612.701,766.5099,838.8197,0.2582,216.5823,0.00016935,7:85,612.701
7:57,29,2746.4337,609.0833,1176.0458,1317.7705,0.1857,244.7038,0.00019134,27:63,609.0833
7:58,17,172.1787,15.2793,70.7329,134.1365,0.2425,32.5329,2.544e-05,34:12,15.2793
7:59,20,12387.9237,2029.1648,5790.0853,9450.5399,0.2236,2113.205,0.00165235,23:23,2029.1648
7:60,9,1374.4827,408.5558,618.7764,855.6358,0.3333,285.2119,0.00022301,7:66,408.5558
7:61,10,1449.0932,544.9572,845.4925,948.6091,0.3162,299.9765,0.00023456,7:67,544.9572
7:62,11,3533.5755,572.0407,1316.518,1821.6045,0.3015,549.2344,0.00042945,12:86,572.0407
7:63,13,1940.323,1534.9148,1592.8379,1655.607,0.2774,459.1828,0.00035904,7:69,1534.9148
7:64,14,1665.1029,381.0773,814.33,1071.0861,0.2673,286.2598,0.00022383,21:77,381.0773
7:65,15,11291.6231,2021.8067,6723.6785,10018.7689,0.2582,2586.835,0.00202268,11:50,2021.8067
7:66,14,2856.5688,408.5558,1344.4046,1590.0111,0.2673,424.9483,0.00033227,7:60,408.5558
7:67,10,1449.0932,544.9572,845.4925,948.6091,0.3162,299.9765,0.00023456,7:61,544.9572
7:68,7,75.2457,60.5418,75.2457,75.2457,0.378,28.4402,2.224e-05,7:62,60.5418
7:69,27,3771.4197,1534.9148,2377.8881,2450.9614,0.1925,471.6877,0.00036882,7:63,1534.9148
7:70,17,3361.5297,804.9533,2236.0949,2850.9654,0.2425,691.4607,0.00054066,46:22,804.9533
7:71,25,2687.8091,539.7797,1898.0557,2046.477,0.2,409.2954,0.00032003,12:40,539.7797
7:72,13,1052.0538,109.0134,329.023,573.6127,0.2774,159.0915,0.0001244,7:64,109.0134
7:73,34,15965.0738,2663.4938,9135.226,13137.1157,0.1715,2252.9968,0.00176165,11:64,2663.4938
7:74,25,4501.6245,679.9545,2322.975,2407.949,0.2,481.5898,0.00037656,7:69,679.9545
7:75,23,1333.4691,618.5425,801.3568,899.7667,0.2085,187.6143,0.0001467,7:88,618.5425
7:76,8,503.9664,161.2946,259.4287,329.623,0.3536,116.5393,9.112e-05,40:48,161.2946
7:77,15,1644.8303,362.7708,1197.5107,1443.0249,0.2582,372.5874,0.00029133,7:70,362.7708
7:78,6,1231.8856,602.0498,1231.8856,1231.8856,0.4082,502.9152,0.00039324,7:91,602.0498
7:79,14,793.2708,686.9924,740.9425,793.2708,0.2673,212.0105,0.00016577,7:93,686.9924
7:80,13,2498.7381,1230.7695,2003.0668,2120.3515,0.2774,588.0797,0.00045983,29:28,1230.7695
7:81,11,2332.0202,1300.4465,1586.9639,1649.5528,0.3015,497.3589,0.00038889,27:55,1300.4465
7:82,13,3305.8318,972.6626,2228.8154,2410.157,0.2774,668.4573,0.00052268,27:56,972.6626
7:83,7,886.5293,620.5089,886.5293,886.5293,0.378,335.0766,0.000262,29:32,620.5089
7:84,8,1871.7278,152.0438,692.7965,1291.9185,0.3536,456.7622,0.00035715,27:69,152.0438
7:85,37,18643.5141,2242.1277,7572.7543,11089.4886,0.1644,1823.1007,0.00142551,7:73,2242.1277
7:86,24,3608.4106,368.3796,776.8249,1008.0741,0.2041,205.7723,0.0001609,3:99,368.3796
7:87,19,499.403,117.2893,233.4279,305.6086,0.2294,70.1114,5.482e-05,10:109,117.2893
7:88,21,1408.3064,618.5425,909.6366,993.1685,0.2182,216.7271,0.00016946,7:75,618.5425
7:89,42,3939.2103,161.7724,734.6898,1230.7278,0.1543,189.9054,0.00014849,10:85,161.7724
7:90,12,2436.7742,361.9074,969.4274,1189.0923,0.2887,343.2614,0.0002684,7:66,361.9074
7:91,6,1231.8856,602.0498,1231.8856,1231.8856,0.4082,502.9152,0.00039324,7:78,602.0498
7:92,13,649.6108,159.9105,372.066,438.466,0.2774,121.6086,9.509e-05,11:68,159.9105
7:93,15,801.9554,686.9924,746.3835,801.9554,0.2582,207.064,0.00016191,7:79,686.9924
7:94,13,727.4197,392.1874,598.8509,664.8863,0.2774,184.4063,0.00014419,34:34,392.1874
7:95,18,1100.6464,145.0887,628.1928,831.4753,0.2357,195.9806,0.00015324,12:107,145.0887
7:96,18,1677.9615,74.4348,271.7554,514.0796,0.2357,121.1697,9.474e-05,5:65,74.4348
7:97,9,495.6063,394.8535,453.9273,495.6063,0.3333,165.2021,0.00012917,7:98,394.8535
7:98,9,480.327,394.8535,452.541,480.327,0.3333,160.109,0.00012519,7:97,394.8535
7:99,10,357.6167,56.2037,111.8883,175.4173,0.3162,55.4718,4.337e-05,12:87,56.2037
7:100,19,1803.7337,152.0838,563.3489,637.4438,0.2294,146.2396,0.00011435,9:87,152.0838
7:101,23,3015.3807,692.5495,1347.0295,1626.3066,0.2085,339.1084,0.00026515,10:74,692.5495
7:102,9,15.2793,15.2793,15.2793,15.2793,0.3333,5.0931,3.98e-06,9:75,15.2793
7:103,16,3355.078,443.8826,1474.839,2150.7798,0.25,537.695,0.00042043,10:75,443.8826
7:104,8,995.858,151.49,452.0253,567.6449,0.3536,200.6928,0.00015692,7:61,151.49
7:105,18,2074.0526,165.5736,433.5107,511.5337,0.2357,120.5697,9.428e-05,7:169,165.5736
7:106,11,1422.1877,138.8376,694.1879,1175.0828,0.3015,354.3008,0.00027703,7:70,138.8376
7:107,6,756.5278,622.3166,717.9137,756.5278,0.4082,308.8512,0.0002415,26:32,622.3166
7:108,6,714.1421,624.0427,675.5281,714.1421,0.4082,291.5473,0.00022797,26:33,624.0427
7:109,9,980.8027,163.7025,488.0848,558.279,0.3333,186.093,0.00014551,7:127,163.7025
7:110,7,491.2957,410.0037,464.6605,491.2957,0.378,185.6923,0.0001452,26:35,410.0037
7:111,7,178.7485,119.9328,178.7485,178.7485,0.378,67.5606,5.283e-05,26:36,119.9328
7:112,4,76.3964,61.1171,76.3964,76.3964,0.5,38.1982,2.987e-05,10:79,61.1171
7:113,11,844.3154,624.7561,681.3333,745.5425,0.3015,224.7895,0.00017577,26:41,624.7561
7:114,5,76.3964,76.3964,76.3964,76.3964,0.4472,34.1655,2.671e-05,26:42,76.3964
7:115,10,1191.8946,1081.173,1151.1405,1191.8946,0.3162,376.9102,0.00029471,20:65,1081.173
7:116,11,30.5586,15.2793,30.5586,30.5586,0.3015,9.2138,7.2e-06,10:81,15.2793
7:117,11,974.3044,394.2781,718.6314,844.2521,0.3015,254.5516,0.00019904,26:45,394.2781
7:118,6,1444.2805,145.9107,420.7713,635.6876,0.4082,259.5184,0.00020292,7:139,145.9107
7:119,4,0,0.0,0,0,0.5,0.0,0.0,,0.0
7:120,3,15.2793,15.2793,15.2793,15.2793,0.5774,8.8215,6.9e-06,26:46,15.2793
7:121,4,347.7391,162.5518,260.1922,322.7257,0.5,161.3628,0.00012617,26:47,162.5518
7:122,3,113.7613,59.4225,113.7613,113.7613,0.5774,65.6801,5.136e-05,26:48,59.4225
7:123,19,1522.0579,157.463,443.783,522.3845,0.2294,119.8432,9.371e-05,20:71,157.463
7:124,8,566.0406,390.4861,566.0406,566.0406,0.3536,200.1256,0.00015648,26:49,390.4861
7:125,5,418.3551,164.8781,263.2478,322.9045,0.4472,144.4073,0.00011291,26:50,164.8781
7:126,16,882.1752,168.0721,363.9085,410.1824,0.25,102.5456,8.018e-05,2:250,168.0721
7:127,21,1576.0991,163.7025,266.0772,333.8161,0.2182,72.8446,5.696e-05,7:109,163.7025
7:128,16,1984.3678,137.3032,686.5159,1120.6254,0.25,280.1564,0.00021906,2:90,137.3032
7:129,22,3408.6151,58.0048,245.4699,449.2485,0.2132,95.7801,7.489e-05,17:8,58.0048
7:130,10,281.9097,59.7308,118.311,183.1368,0.3162,57.9129,4.528e-05,14:37,59.7308
7:131,22,2705.6455,134.0036,670.0181,1201.2511,0.2132,256.1076,0.00020025,6:37,134.0036
7:132,12,422.1375,61.1171,114.3876,173.4592,0.2887,50.0734,3.915e-05,11:53,61.1171
7:133,13,307.6519,164.749,265.973,307.6519,0.2774,85.3273,6.672e-05,10:75,164.749
7:134,22,1163.1395,620.0218,800.5167,868.4402,0.2132,185.1521,0.00014477,43:49,620.0218
7:135,11,438.0635,118.1509,172.2519,233.985,0.3015,70.5491,5.516e-05,43:50,118.1509
7:136,11,934.9002,622.1837,681.5747,749.4981,0.3015,225.9822,0.0001767,7:146,622.1837
7:137,29,1253.047,59.7308,285.7463,399.2503,0.1857,74.1389,5.797e-05,6:115,59.7308
7:138,23,397.3718,168.0721,273.8764,343.033,0.2085,71.5273,5.593e-05,10:90,168.0721
7:139,10,1689.9089,145.9107,435.8242,650.7406,0.3162,205.7822,0.0001609,7:118,145.9107
7:140,9,134.3473,14.2576,68.937,134.3473,0.3333,44.7824,3.502e-05,6:14,14.2576
7:141,18,4269.8803,1857.3456,3818.6868,3884.0651,0.2357,915.4829,0.00071583,2:49,1857.3456
7:142,23,175.0908,15.2793,68.5498,135.1379,0.2085,28.1782,2.203e-05,2:51,15.2793
7:143,41,520.5541,56.3213,127.922,202.2751,0.1562,31.5901,2.47e-05,3:38,56.3213
7:144,14,274.352,59.1555,118.5465,185.5869,0.2673,49.6002,3.878e-05,39:66,59.1555
7:145,20,1371.1271,60.0955,259.4904,328.7597,0.2236,73.5129,5.748e-05,6:154,60.0955
7:146,36,4089.7883,854.0429,1895.996,2397.7118,0.1667,399.6186,0.00031247,6:25,854.0429
7:147,13,2655.4023,599.8948,901.2109,1126.4106,0.2774,312.4101,0.00024428,34:33,599.8948
7:148,22,741.7592,168.0721,269.5068,339.7827,0.2132,72.4419,5.664e-05,20:88,168.0721
7:149,18,451.4722,57.1323,200.1643,270.7231,0.2357,63.8101,4.989e-05,7:23,57.1323
7:150,39,1042.1694,624.489,763.3053,831.7735,0.1601,133.1903,0.00010414,20:86,624.489
7:151,11,649.6363,160.0823,306.6162,366.5819,0.3015,110.5286,8.642e-05,38:35,160.0823
7:152,15,2258.5921,43.6123,218.0616,436.1231,0.2582,112.6065,8.805e-05,2:85,43.6123
7:153,14,1666.1195,655.9999,1315.9532,1384.2674,0.2673,369.961,0.00028928,16:119,655.9999
7:154,15,44.6871,15.2793,44.6871,44.6871,0.2582,11.5382,9.02e-06,9:61,15.2793
7:155,41,2020.7344,393.7027,626.7712,709.9819,0.1562,110.8805,8.67e-05,23:109,393.7027
7:156,30,2058.8326,164.6829,586.5006,700.8727,0.1826,127.9613,0.00010005,2:201,164.6829
7:157,43,860.5622,61.1171,175.9516,248.5786,0.1525,37.9079,2.964e-05,7:158,61.1171
7:158,31,8999.4052,569.3533,1955.4936,2688.8948,0.1796,482.9398,0.00037762,44:8,569.3533
7:159,8,426.6692,397.2614,426.6692,426.6692,0.3536,150.8504,0.00011795,7:181,397.2614
7:160,43,5572.6153,2177.9973,4431.8562,5088.9637,0.1525,776.0597,0.00060681,2:57,2177.9973
7:161,20,452.9837,165.5351,222.7289,282.1718,0.2236,63.0955,4.934e-05,2:58,165.5351
7:162,17,2673.1347,821.4026,1325.4025,1401.9277,0.2425,340.0174,0.00026586,2:59,821.4026
7:163,27,706.9815,59.5201,266.0524,338.6795,0.1925,65.1789,5.096e-05,21:74,59.5201
7:164,19,177.237,14.7039,70.1619,137.2842,0.2294,31.4951,2.463e-05,3:42,14.7039
7:165,18,1259.5175,396.2397,613.8925,710.9564,0.2357,167.574,0.00013103,6:44,396.2397
7:166,11,210.845,168.0721,210.845,210.845,0.3015,63.5722,4.971e-05,2:65,168.0721
7:167,19,1999.2482,176.9953,567.4053,792.7472,0.2294,181.8687,0.00014221,6:165,176.9953
7:168,14,1398.7966,13.0821,65.4103,130.8206,0.2673,34.9633,2.734e-05,3:72,13.0821
7:169,40,2542.0478,617.9785,1169.2426,1294.4898,0.1581,204.6768,0.00016004,6:32,617.9785
7:170,10,287.9037,166.9214,222.4934,287.9037,0.3162,91.0431,7.119e-05,18:30,166.9214
7:171,19,1591.7773,1304.0332,1509.6525,1578.1926,0.2294,362.0622,0.0002831,2:63,1304.0332
7:172,26,1255.4368,28.1506,88.117,161.1903,0.1961,31.612,2.472e-05,6:156,28.1506
7:173,15,1073.645,54.2492,123.2022,184.6892,0.2582,47.6866,3.729e-05,21:51,54.2492
7:174,5,101.4098,59.7308,101.4098,101.4098,0.4472,45.3518,3.546e-05,6:55,59.7308
7:175,13,215.7787,57.0305,201.0748,215.7787,0.2774,59.8463,4.679e-05,5:27,57.0305
7:176,30,1238.2972,159.6462,649.7204,860.6715,0.1826,157.1364,0.00012287,62:5,159.6462
7:177,9,977.3414,147.0521,542.7654,753.7165,0.3333,251.2388,0.00019645,7:176,147.0521
7:178,10,788.0131,177.0202,368.1089,433.937,0.3162,137.2229,0.0001073,18:17,177.0202
7:179,30,1296.9449,165.1395,375.3291,517.0152,0.1826,94.3936,7.381e-05,25:44,165.1395
7:180,14,1342.3157,61.1171,233.0502,447.9666,0.2673,119.7241,9.361e-05,41:40,61.1171
7:181,7,397.2614,397.2614,397.2614,397.2614,0.378,150.1507,0.00011741,7:159,397.2614
7:182,8,1497.2146,382.7864,595.8528,855.9192,0.3536,302.6131,0.00023662,68:44,382.7864
7:183,5,476.0164,394.7244,449.3812,476.0164,0.4472,212.881,0.00016645,68:45,394.7244
7:184,11,1328.1532,613.5056,824.2375,1073.571,0.3015,323.6938,0.0002531,34:46,613.5056
7:185,22,3729.0082,167.4968,492.4473,739.0474,0.2132,157.5654,0.0001232,77:50,167.4968
7:186,10,393.182,55.572,235.8725,303.0826,0.3162,95.8431,7.494e-05,2:15,55.572
7:187,37,8706.9823,401.9629,1744.6761,3311.4111,0.1644,544.3926,0.00042567,33:63,401.9629
7:188,28,2108.2186,310.0211,835.0575,1104.5983,0.189,208.7495,0.00016322,10:49,310.0211
7:189,29,1587.2077,397.0488,955.9067,1191.2782,0.1857,221.2148,0.00017297,4:1,397.0488
7:190,12,330.6721,54.1795,191.9464,256.5924,0.2887,74.0719,5.792e-05,27:63,54.1795
7:191,7,431.7859,58.8157,154.2589,207.6294,0.378,78.4766,6.136e-05,16:20,58.8157
7:192,7,76.3964,61.1171,76.3964,76.3964,0.378,28.8751,2.258e-05,7:197,61.1171
7:193,12,455.3136,396.2397,455.3136,455.3136,0.2887,131.4377,0.00010277,7:198,396.2397
7:194,14,7117.0073,556.0951,1722.9891,2251.3416,0.2673,601.6963,0.00047048,22:73,556.0951
7:195,26,292.1115,60.5418,135.2121,203.3464,0.1961,39.8795,3.118e-05,22:46,60.5418
7:196,9,383.0405,15.2793,68.5357,120.9531,0.3333,40.3177,3.153e-05,2:176,15.2793
7:197,10,847.0928,160.2216,343.5496,410.3951,0.3162,129.7783,0.00010148,35:13,160.2216
7:198,12,856.6445,396.2397,456.2062,526.4004,0.2887,151.9587,0.00011882,7:193,396.2397
7:199,7,42.7729,14.2576,42.7729,42.7729,0.378,16.1666,1.264e-05,6:106,14.2576
7:200,10,1415.8347,1079.5759,1194.149,1260.7274,0.3162,398.677,0.00031173,41:36,1079.5759
7:201,12,986.6945,13.5847,67.9234,133.3337,0.2887,38.4901,3.01e-05,3:36,13.5847
7:202,7,216.3618,11.3875,56.9373,113.8746,0.378,43.0406,3.365e-05,2:262,11.3875
7:203,23,1691.614,160.9299,582.2103,824.9044,0.2085,172.0045,0.00013449,6:157,160.9299
7:204,8,110.4643,15.2793,70.5114,110.4643,0.3536,39.055,3.054e-05,22:73,15.2793
7:205,16,327.5913,59.1555,118.5465,191.1736,0.25,47.7934,3.737e-05,21:110,59.1555
7:206,11,1119.3905,165.5351,239.9113,309.3763,0.3015,93.2805,7.294e-05,21:19,165.5351
8:1,18,2004.9149,52.9937,238.341,458.9303,0.2357,108.1709,8.458e-05,8:46,52.9937
8:2,17,1160.6341,622.1575,850.0402,1004.8496,0.2425,243.7118,0.00019056,22:35,622.1575
8:3,6,648.6403,157.2662,485.624,648.6403,0.4082,264.8063,0.00020706,2:3,157.2662
8:4,11,875.926,407.2626,473.2003,533.0335,0.3015,160.7157,0.00012567,8:74,407.2626
8:5,11,404.6552,56.3012,115.246,182.7741,0.3015,55.1085,4.309e-05,34:20,56.3012
8:6,12,552.6108,51.1779,255.8893,312.8637,0.2887,90.316,7.062e-05,2:109,51.1779
8:7,23,654.0302,14.7039,56.1774,100.7933,0.2085,21.0168,1.643e-05,10:82,14.7039
8:8,7,125.7436,59.1555,112.426,125.7436,0.378,47.5266,3.716e-05,10:82,59.1555
8:9,11,98.3449,14.2576,70.5589,98.3449,0.3015,29.6521,2.319e-05,2:33,14.2576
8:10,18,7148.0761,997.1962,2177.2088,2690.2529,0.2357,634.0987,0.00049581,3:126,997.1962
8:11,22,1238.3655,43.7753,218.8763,437.7525,0.2132,93.3291,7.298e-05,2:22,43.7753
8:12,23,2887.9553,385.4766,493.7706,566.1108,0.2085,118.0423,9.23e-05,3:151,385.4766
8:13,13,2397.0406,766.2816,1073.659,1302.0907,0.2774,361.135,0.00028238,59:4,766.2816
8:14,6,91.5744,13.0821,65.4103,91.5744,0.4082,37.3851,2.923e-05,2:126,13.0821
8:15,11,5681.9406,349.1588,829.0368,1428.8842,0.3015,430.8248,0.00033687,8:45,349.1588
8:16,20,1683.4004,612.2929,826.122,930.8505,0.2236,208.1445,0.00016275,3:162,612.2929
8:17,21,2512.38,141.9294,529.351,742.768,0.2182,162.0853,0.00012674,2:181,141.9294
8:18,6,374.1929,15.2793,56.298,107.5713,0.4082,43.9158,3.434e-05,40:25,15.2793
8:19,24,951.8726,160.3546,270.5017,340.7776,0.2041,69.5609,5.439e-05,9:3,160.3546
8:20,11,4711.4622,355.0979,860.8456,1022.9587,0.3015,308.4336,0.00024117,4:59,355.0979
8:21,8,718.2942,55.182,194.0613,261.6524,0.3536,92.5081,7.233e-05,3:105,55.182
8:22,10,1365.6364,391.3035,483.1935,546.5971,0.3162,172.8492,0.00013515,8:55,391.3035
8:23,11,74.095,15.2793,74.095,74.095,0.3015,22.3405,1.747e-05,24:33,15.2793
8:24,20,5575.539,76.2648,286.5296,505.7404,0.2236,113.087,8.842e-05,2:267,76.2648
8:25,13,3159.7205,361.5948,835.288,1068.901,0.2774,296.4598,0.00023181,2:196,361.5948
8:26,19,1560.8973,57.4294,164.8249,234.233,0.2294,53.7367,4.202e-05,16:72,57.4294
8:27,11,5613.7221,108.1073,540.5366,1081.0733,0.3015,325.9559,0.00025487,2:104,108.1073
8:28,10,820.5091,226.0769,433.8095,492.3595,0.3162,155.6978,0.00012174,64:15,226.0769
8:29,18,5412.7979,148.9289,744.6447,1356.8785,0.2357,319.8193,0.00025007,2:105,148.9289
8:30,16,1421.6041,162.8916,213.6477,269.2497,0.25,67.3124,5.263e-05,3:54,162.8916
8:31,17,2925.8735,354.5047,1405.704,2048.0617,0.2425,496.7279,0.0003884,6:25,354.5047
8:32,19,1173.2951,55.3364,114.4102,184.7584,0.2294,42.3865,3.314e-05,32:3,55.3364
8:33,12,736.2827,49.463,247.3148,313.3169,0.2887,90.4468,7.072e-05,2:143,49.463
8:34,21,2401.3525,134.0036,670.0181,1184.6492,0.2182,258.5117,0.00020213,6:37,134.0036
8:35,13,2041.618,361.5637,1285.8371,1346.4316,0.2774,373.4329,0.00029199,3:106,361.5637
8:36,21,3819.7093,81.951,394.6855,631.021,0.2182,137.7001,0.00010767,4:167,81.951
8:37,18,771.1372,61.1171,234.1468,299.5571,0.2357,70.6063,5.521e-05,3:179,61.1171
8:38,16,604.6153,58.0048,203.4536,269.2817,0.25,67.3204,5.264e-05,4:22,58.0048
8:39,16,1921.0491,915.031,1213.237,1285.9931,0.25,321.4983,0.00025138,2:193,915.031
8:40,10,1776.0786,61.1171,191.8419,239.8037,0.3162,75.8326,5.929e-05,22:78,61.1171
8:41,33,9554.4763,828.2792,2095.9159,3592.1427,0.1741,625.3118,0.00048894,59:7,828.2792
8:42,35,843.635,397.2614,456.2062,515.4854,0.169,87.1329,6.813e-05,8:44,397.2614
8:43,20,1406.2726,144.2122,721.061,967.9932,0.2236,216.4499,0.00016925,11:5,144.2122
8:44,19,1190.6223,397.2614,991.3718,1190.6223,0.2294,273.1475,0.00021358,8:42,397.2614
8:45,12,5225.2381,391.9518,1101.019,1700.8665,0.2887,490.9979,0.00038392,62:10,391.9518
8:46,13,2549.1758,152.9025,367.1158,575.7323,0.2774,159.6794,0.00012486,2:153,152.9025
8:47,17,2571.102,142.2618,544.0748,794.5377,0.2425,192.7037,0.00015068,9:34,142.2618
8:48,36,1550.43,69.8148,297.8488,422.481,0.1667,70.4135,5.506e-05,59:16,69.8148
8:49,18,3335.758,600.5608,1238.3065,1496.8315,0.2357,352.8066,0.00027586,33:12,600.5608
8:50,13,1599.9023,168.0721,394.7652,583.1737,0.2774,161.7433,0.00012647,47:27,168.0721
8:51,9,1773.8905,843.636,1331.0888,1396.8722,0.3333,465.6241,0.00036408,3:182,843.636
8:52,17,4105.4371,664.2898,1452.0967,1711.7595,0.2425,415.1627,0.00032462,3:11,664.2898
8:53,18,1384.4849,168.0721,452.43,712.9516,0.2357,168.0443,0.0001314,13:11,168.0721
8:54,17,2143.4767,822.9112,1552.3325,1623.9694,0.2425,393.8704,0.00030797,3:11,822.9112
8:55,10,2853.876,391.3035,590.8892,712.9794,0.3162,225.4639,0.00017629,8:22,391.3035
8:56,12,434.6011,15.2793,66.7646,128.795,0.2887,37.1799,2.907e-05,9:117,15.2793
8:57,10,118.7821,59.9664,118.7821,118.7821,0.3162,37.5622,2.937e-05,3:170,59.9664
8:58,14,3731.7925,138.1428,637.4435,1094.4176,0.2673,292.4954,0.00022871,28:76,138.1428
8:59,8,1248.7487,158.2175,259.8061,298.4367,0.3536,105.5133,8.25e-05,3:178,158.2175
8:60,33,3245.7928,451.3086,814.0999,1019.1522,0.1741,177.4116,0.00013872,2:272,451.3086
8:61,12,1946.5749,144.9396,634.8839,892.1576,0.2887,257.5437,0.00020138,12:34,144.9396
8:62,12,565.2392,15.2793,63.9198,119.5218,0.2887,34.503,2.698e-05,8:71,15.2793
8:63,20,2763.9,137.1421,603.5035,826.8375,0.2236,184.8865,0.00014457,2:29,137.1421
8:64,8,595.3959,56.7475,123.0589,184.0508,0.3536,65.0718,5.088e-05,26:215,56.7475
8:65,26,2599.7524,442.0776,859.1904,1069.2555,0.1961,209.6983,0.00016397,8:66,442.0776
8:66,26,1291.7561,442.0776,874.6051,938.9143,0.1961,184.1362,0.00014398,8:65,442.0776
8:67,20,2127.6023,64.5161,285.5392,408.1829,0.2236,91.2725,7.137e-05,4:171,64.5161
8:68,10,925.6267,20.5596,82.5875,142.8896,0.3162,45.1857,3.533e-05,5:41,20.5596
8:69,11,6779.7601,318.708,1437.2118,2077.447,0.3015,626.3738,0.00048977,2:199,318.708
8:70,24,2176.4753,370.1507,777.897,1046.7421,0.2041,213.6653,0.00016707,57:28,370.1507
8:71,13,2250.5195,56.3012,254.1801,491.0145,0.2774,136.1829,0.00010648,2:246,56.3012
8:72,45,10548.6038,895.8548,2224.8972,2951.0747,0.1491,439.9202,0.00034398,8:74,895.8548
8:73,13,1669.5767,55.572,237.5671,294.5044,0.2774,81.6808,6.387e-05,5:51,55.572
8:74,18,5041.0242,895.8548,2209.609,2776.325,0.2357,654.3861,0.00051167,8:72,895.8548
8:75,22,7545.3978,1076.3482,2437.6576,2794.3862,0.2132,595.7651,0.00046584,33:6,1076.3482
9:1,9,1842.8201,165.6664,442.1114,511.497,0.3333,170.499,0.00013332,9:3,165.6664
9:2,14,1923.5821,168.0721,277.1384,349.0361,0.2673,93.2838,7.294e-05,9:3,168.0721
9:3,32,4934.1099,168.0721,595.8947,749.564,0.1768,132.5055,0.00010361,9:2,168.0721
9:4,22,2769.6517,206.2292,515.4615,737.213,0.2132,157.1743,0.0001229,9:7,206.2292
9:5,26,4935.2393,609.0706,1175.8132,1786.9201,0.1961,350.4439,0.00027402,9:11,609.0706
9:6,18,1701.4201,150.5587,561.9277,671.2377,0.2357,158.2123,0.00012371,5:58,150.5587
9:7,23,3255.7742,206.2292,425.2508,651.8597,0.2085,135.9221,0.00010628,9:4,206.2292
9:8,16,105.8043,61.1171,105.8043,105.8043,0.25,26.4511,2.068e-05,9:10,61.1171
9:9,13,2618.6178,379.1502,1003.3421,1218.2585,0.2774,337.8841,0.0002642,63:2,379.1502
9:10,10,248.2494,61.1171,107.9002,166.379,0.3162,52.6137,4.114e-05,9:8,61.1171
9:11,13,1709.7061,609.0706,935.0076,1191.723,0.2774,330.5245,0.00025844,9:5,609.0706
9:12,18,804.3399,15.2793,75.2457,135.3938,0.2357,31.9126,2.495e-05,9:13,15.2793
9:13,20,1391.5969,44.1179,220.5893,441.1786,0.2236,98.6505,7.714e-05,2:91,44.1179
9:14,11,29.4078,14.7039,29.4078,29.4078,0.3015,8.8668,6.93e-06,8:34,14.7039
9:15,11,2637.7291,152.7386,456.7884,696.639,0.3015,210.0445,0.00016424,59:6,152.7386
9:16,24,4801.8226,678.5292,1185.2785,1434.6848,0.2041,292.8538,0.00022899,3:142,678.5292
9:17,18,617.3126,59.4225,141.2398,208.6291,0.2357,49.1744,3.845e-05,9:69,59.4225
9:18,23,3126.5656,521.7673,1431.9717,1670.7417,0.2085,348.3737,0.0002724,2:177,521.7673
9:19,24,8348.6532,552.3359,1861.5577,2617.6302,0.2041,534.3215,0.00041779,62:5,552.3359
9:20,16,5241.5385,596.7068,1386.697,1656.619,0.25,414.1547,0.00032383,8:74,596.7068
9:21,10,91.5744,13.0821,65.4103,91.5744,0.3162,28.9584,2.264e-05,4:57,13.0821
9:22,8,2674.0224,163.9381,368.3801,606.2274,0.3536,214.3337,0.00016759,8:28,163.9381
9:23,19,7077.247,372.1524,1618.5948,2237.251,0.2294,513.2606,0.00040133,5:51,372.1524
9:24,33,4662.2916,341.5597,1333.5343,1997.3265,0.1741,347.6899,0.00027186,5:108,341.5597
9:25,23,273.3862,61.1171,111.1593,169.0975,0.2085,35.2593,2.757e-05,9:118,61.1171
9:26,18,2033.1578,631.9068,724.2228,795.5039,0.2357,187.5021,0.00014661,48:26,631.9068
9:27,12,4697.4828,366.5163,764.3325,1018.1612,0.2887,293.9178,0.00022982,3:129,366.5163
9:28,27,7322.5112,156.9369,447.6401,673.769,0.1925,129.6669,0.00010139,4:32,156.9369
9:29,29,3980.216,394.2781,960.1816,1409.5759,0.1857,261.7517,0.00020467,4:38,394.2781
9:30,23,2823.8094,164.8982,440.7172,660.3821,0.2085,137.6992,0.00010767,63:4,164.8982
9:31,23,6871.4615,168.0721,668.1644,1243.7084,0.2085,259.3311,0.00020277,98:5,168.0721
9:32,15,1228.2611,225.5015,398.3103,467.1999,0.2582,120.6305,9.432e-05,61:8,225.5015
9:33,14,4476.0084,2385.7334,4127.2877,4194.1428,0.2673,1120.9318,0.00087647,61:9,2385.7334
9:34,28,7667.0673,142.2618,671.679,1249.316,0.189,236.0985,0.00018461,8:47,142.2618
9:35,19,515.7488,56.9831,165.0395,230.735,0.2294,52.9342,4.139e-05,9:109,56.9831
9:36,36,5685.2911,363.7037,904.157,1150.3367,0.1667,191.7228,0.00014991,2:194,363.7037
9:37,31,3632.9096,351.71,901.6493,1556.9423,0.1796,279.6351,0.00021865,2:264,351.71
9:38,28,7205.46,399.9742,715.7644,981.1207,0.189,185.4144,0.00014498,13:26,399.9742
9:39,16,6596.2487,299.2454,1496.2268,2640.5791,0.25,660.1448,0.00051618,2:284,299.2454
9:40,43,3050.2114,68.2679,281.4759,403.4708,0.1525,61.5287,4.811e-05,48:26,68.2679
9:41,15,6085.6085,591.6673,2337.3409,3235.1244,0.2582,835.3055,0.00065314,61:11,591.6673
9:42,23,311.4986,14.2576,68.937,134.3473,0.2085,28.0134,2.19e-05,9:107,14.2576
9:43,13,101.5886,14.7039,73.0733,101.5886,0.2774,28.1756,2.203e-05,2:177,14.7039
9:44,14,1836.1551,166.1105,671.3107,910.8299,0.2673,243.4295,0.00019034,9:81,166.1105
9:45,14,2472.668,159.3571,647.7338,876.037,0.2673,234.1307,0.00018307,9:44,159.3571
9:46,15,15.2793,15.2793,15.2793,15.2793,0.2582,3.9451,3.08e-06,9:86,15.2793
9:47,17,426.8972,53.8117,191.4182,250.2771,0.2425,60.7011,4.746e-05,2:95,53.8117
9:48,16,1007.7136,27.2106,98.4545,163.6563,0.25,40.9141,3.199e-05,57:14,27.2106
9:49,15,650.1329,167.4968,266.9037,331.5204,0.2582,85.5982,6.693e-05,29:54,167.4968
9:50,16,826.5464,61.1171,94.7624,136.8189,0.25,34.2047,2.675e-05,3:120,61.1171
9:51,14,1544.8716,145.1503,725.7514,1017.2253,0.2673,271.8649,0.00021258,3:122,145.1503
9:52,22,235.1179,15.2793,74.6703,145.0185,0.2132,30.918,2.418e-05,20:134,15.2793
9:53,12,188.8698,61.1171,119.0402,188.8698,0.2887,54.522,4.263e-05,41:11,61.1171
9:54,22,243.2165,60.5418,121.6589,190.8883,0.2132,40.6975,3.182e-05,9:84,60.5418
9:55,17,2087.5413,481.9488,706.3012,936.0301,0.2425,227.0206,0.00017751,9:85,481.9488
9:56,10,129.4058,15.2793,66.0022,129.4058,0.3162,40.9217,3.2e-05,58:14,15.2793
9:57,11,0,0.0,0,0,0.3015,0.0,0.0,,0.0
9:58,16,406.1477,15.2793,69.618,132.5892,0.25,33.1473,2.592e-05,9:79,15.2793
9:59,19,2210.8978,102.7843,384.9232,611.0522,0.2294,140.185,0.00010961,4:37,102.7843
9:60,22,2609.9078,150.8494,357.3224,594.1568,0.2132,126.6746,9.905e-05,4:12,150.8494
9:61,26,1804.408,60.0955,263.1476,479.938,0.1961,94.1236,7.36e-05,58:11,60.0955
9:62,12,171.1103,15.2793,73.8594,143.3244,0.2887,41.3742,3.235e-05,9:95,15.2793
9:63,16,1473.0006,615.5706,780.8021,863.8766,0.25,215.9692,0.00016887,72:23,615.5706
9:64,17,2014.512,60.5418,161.2946,225.0511,0.2425,54.5829,4.268e-05,4:153,60.5418
9:65,13,79.9058,13.3176,66.5881,79.9058,0.2774,22.1619,1.733e-05,29:61,13.3176
9:66,16,189.0486,15.2793,74.095,146.2757,0.25,36.5689,2.859e-05,44:37,15.2793
9:67,19,242.08,29.5369,102.1954,173.4836,0.2294,39.7999,3.112e-05,9:71,29.5369
9:68,16,1649.9577,151.0971,473.5401,728.7812,0.25,182.1953,0.00014246,72:23,151.0971
9:69,32,2699.1479,598.5051,1128.1748,1366.4357,0.1768,241.554,0.00018887,2:217,598.5051
9:70,26,5579.8627,1528.2137,3074.6657,3819.5792,0.1961,749.0811,0.00058572,30:9,1528.2137
9:71,24,5401.3556,344.9078,1147.8557,1610.6228,0.2041,328.767,0.00025707,8:10,344.9078
9:72,24,17403.7255,1075.7654,3850.872,6995.0727,0.2041,1427.8632,0.00111647,48:5,1075.7654
9:73,11,2203.8211,1759.766,1977.7317,2043.8961,0.3015,616.2579,0.00048186,66:9,1759.766
9:74,46,5899.58,368.0777,1180.8562,1723.9596,0.1474,254.184,0.00019875,3:22,368.0777
9:75,12,642.3723,15.2793,70.5589,133.0924,0.2887,38.4205,3.004e-05,7:102,15.2793
9:76,9,316.808,26.1641,77.3416,131.7658,0.3333,43.9219,3.434e-05,3:180,26.1641
9:77,15,961.1448,26.318,84.6961,140.2981,0.2582,36.2248,2.832e-05,2:10,26.318
9:78,11,2580.9052,167.2282,359.6034,578.8142,0.3015,174.5191,0.00013646,9:104,167.2282
9:79,20,1351.2622,152.97,337.0298,567.1046,0.2236,126.8084,9.915e-05,5:36,152.97
9:80,25,3589.9474,341.5597,1413.7798,2069.0728,0.2,413.8146,0.00032357,5:108,341.5597
9:81,27,3116.6965,361.0595,992.7837,1199.2771,0.1925,230.801,0.00018047,8:72,361.0595
9:82,8,1003.9498,150.069,351.8334,594.1576,0.3536,210.0664,0.00016425,9:95,150.069
9:83,25,200.302,14.7039,70.1619,135.9453,0.2,27.1891,2.126e-05,30:56,14.7039
9:84,18,342.4421,60.5418,161.9454,231.3226,0.2357,54.5233,4.263e-05,9:54,60.5418
9:85,16,1734.7525,481.9488,762.8236,838.6609,0.25,209.6652,0.00016394,9:55,481.9488
9:86,18,201.5865,15.2793,73.2024,138.1829,0.2357,32.57,2.547e-05,9:46,15.2793
9:87,11,1643.1096,778.5345,1336.6691,1402.0794,0.3015,422.7428,0.00033055,9:93,778.5345
9:88,14,1292.2477,156.9818,361.8288,613.1477,0.2673,163.8706,0.00012813,2:214,156.9818
9:89,13,16113.8086,879.4071,3869.0692,6976.6747,0.2774,1934.9814,0.00151299,5:119,879.4071
9:90,17,2480.9883,381.5653,518.4183,601.1727,0.2425,145.8058,0.00011401,5:73,381.5653
9:91,26,1820.8164,70.8145,298.9902,530.4014,0.1961,104.0203,8.133e-05,9:92,70.8145
9:92,23,564.5221,70.8145,186.2914,255.5607,0.2085,53.2881,4.167e-05,9:91,70.8145
9:93,19,2681.042,778.5345,1297.2371,1454.0826,0.2294,333.5894,0.00026084,9:87,778.5345
9:94,30,4939.4581,1472.7426,2880.2587,3131.8479,0.1826,571.7946,0.00044709,62:8,1472.7426
9:95,18,1077.2813,150.069,351.8334,594.1576,0.2357,140.0443,0.0001095,9:82,150.069
9:96,14,1278.2957,46.6788,208.9561,287.8154,0.2673,76.9219,6.015e-05,3:32,46.6788
9:97,16,2142.89,148.2328,358.154,594.9884,0.25,148.7471,0.00011631,6:91,148.2328
9:98,16,594.5547,76.3964,291.0461,511.0354,0.25,127.7589,9.99e-05,9:99,76.3964
9:99,27,5987.1647,152.8046,707.9984,1319.1053,0.1925,253.8619,0.0001985,2:228,152.8046
9:100,25,6713.2039,1011.0094,3328.6158,4537.4185,0.2,907.4837,0.00070957,64:9,1011.0094
9:101,22,344.3257,15.2793,76.3964,145.8614,0.2132,31.0977,2.432e-05,2:85,15.2793
9:102,17,4706.9137,156.8671,681.4453,1301.4754,0.2425,315.6541,0.00024681,33:24,156.8671
9:103,16,542.021,51.1775,255.8876,402.9297,0.25,100.7324,7.876e-05,2:224,51.1775
9:104,16,3124.6139,190.9973,639.0129,877.1006,0.25,219.2752,0.00017145,9:118,190.9973
9:105,16,3584.02,1075.4812,2421.8801,2673.4693,0.25,668.3673,0.00052261,9:94,1075.4812
9:106,12,756.4644,47.3669,236.8344,473.6688,0.2887,136.7364,0.00010692,4:26,47.3669
9:107,24,1526.8124,166.4751,321.8258,389.7501,0.2041,79.5574,6.221e-05,59:11,166.4751
9:108,23,171.1103,15.2793,73.8594,143.3244,0.2085,29.8852,2.337e-05,24:19,15.2793
9:109,27,4478.8472,327.3055,1636.5273,2316.8374,0.1925,445.8756,0.00034864,2:258,327.3055
9:110,15,1556.3868,47.3669,236.8344,473.6688,0.2582,122.3008,9.563e-05,4:26,47.3669
9:111,37,5258.7081,159.6404,571.3057,838.6536,0.1644,137.8738,0.00010781,40:9,159.6404
9:112,16,162.4257,15.2793,70.8512,136.2615,0.25,34.0654,2.664e-05,9:3,15.2793
9:113,20,3597.6095,350.6502,1239.914,1442.2121,0.2236,322.4884,0.00025216,2:109,350.6502
9:114,22,679.5736,60.5418,121.6589,194.2859,0.2132,41.4219,3.239e-05,2:259,60.5418
9:115,18,4648.5047,340.3274,1507.135,1761.2661,0.2357,415.1344,0.0003246,2:231,340.3274
9:116,17,14130.5175,1716.0943,5172.7439,6480.903,0.2425,1571.8499,0.00122905,2:107,1716.0943
9:117,27,2375.0019,60.0955,254.2736,456.5717,0.1925,87.8673,6.87e-05,9:118,60.0955
9:118,31,3967.454,190.9973,424.9251,648.2444,0.1796,116.4281,9.104e-05,9:104,190.9973
9:119,8,5350.7736,324.2574,1621.2871,2089.1161,0.3536,738.6141,0.00057753,2:278,324.2574
9:120,52,6814.357,371.8476,1178.3561,1471.7833,0.1387,204.0996,0.00015959,11:115,371.8476
9:121,18,1585.6335,166.4751,374.6759,589.5923,0.2357,138.9682,0.00010866,24:38,166.4751
9:122,22,973.0325,15.2793,66.7646,128.3487,0.2132,27.364,2.14e-05,72:1,15.2793
9:123,16,6294.4686,363.7037,959.3287,1184.7936,0.25,296.1984,0.0002316,2:194,363.7037
9:124,18,1884.911,166.4751,354.1056,464.8747,0.2357,109.572,8.568e-05,9:127,166.4751
9:125,12,1220.4033,144.9659,631.3892,875.9236,0.2887,252.8574,0.00019771,5:52,144.9659
9:126,16,659.6001,21.871,84.7639,149.1206,0.25,37.2801,2.915e-05,2:262,21.871
9:127,21,1101.6812,166.4751,589.0523,820.99,0.2182,179.1547,0.00014008,9:124,166.4751
9:128,14,226.2347,15.2793,74.224,144.4183,0.2673,38.5974,3.018e-05,3:118,15.2793
9:129,15,6343.9867,572.101,1855.8647,3030.5722,0.2582,782.4904,0.00061184,13:30,572.101
10:1,5,677.5941,159.4146,575.1077,677.5941,0.4472,303.0293,0.00023694,31:2,159.4146
10:2,26,2838.469,159.9826,375.251,594.3068,0.1961,116.5532,9.113e-05,10:76,159.9826
10:3,29,11817.8939,2256.6548,6620.285,7894.7089,0.1857,1466.0106,0.0011463,7:54,2256.6548
10:4,28,8969.4539,1303.0439,2259.8343,2916.9881,0.189,551.2589,0.00043104,6:70,1303.0439
10:5,23,1357.0663,67.652,304.5399,532.5374,0.2085,111.0417,8.683e-05,30:8,67.652
10:6,14,3820.4908,153.5843,419.966,639.4375,0.2673,170.8969,0.00013363,45:3,153.5843
10:7,15,1918.7679,151.7986,559.737,719.0539,0.2582,185.6589,0.00014517,10:11,151.7986
10:8,6,742.3593,48.4648,242.3242,379.2264,0.4082,154.8185,0.00012105,6:129,48.4648
10:9,15,8807.3711,304.6577,1480.1167,2801.2761,0.2582,723.2864,0.00056555,31:8,304.6577
10:10,14,1114.6003,146.4522,538.5806,675.6728,0.2673,180.5811,0.0001412,1:2,146.4522
10:11,18,1047.27,151.7986,566.5396,719.9627,0.2357,169.6968,0.00013269,10:7,151.7986
10:12,27,1475.4577,59.9664,247.1788,462.0952,0.1925,88.9303,6.954e-05,39:8,59.9664
10:13,17,1018.0611,164.1178,330.6704,404.8944,0.2425,98.2013,7.679e-05,46:25,164.1178
10:14,10,1719.7261,54.9351,250.9457,365.3285,0.3162,115.527,9.033e-05,14:14,54.9351
10:15,39,6199.5726,1029.2058,3424.1955,4097.5344,0.1601,656.1306,0.00051304,6:15,1029.2058
10:16,18,1508.7854,149.9172,443.2365,524.9535,0.2357,123.7327,9.675e-05,6:148,149.9172
10:17,14,8764.662,1839.9095,5615.1986,7452.3003,0.2673,1991.711,0.00155735,6:21,1839.9095
10:18,29,10745.4832,527.4264,2160.569,3758.386,0.1857,697.9148,0.00054571,16:73,527.4264
10:19,17,3373.7803,797.6889,2352.186,2434.8142,0.2425,590.5292,0.00046174,11:110,797.6889
10:20,16,2526.5278,590.1019,2094.2944,2296.7272,0.25,574.1818,0.00044896,13:7,590.1019
10:21,22,1196.5532,168.0721,261.4194,323.1524,0.2132,68.8963,5.387e-05,30:36,168.0721
10:22,41,3255.3056,406.0803,1460.1907,1764.8661,0.1562,275.6258,0.00021552,6:63,406.0803
10:23,25,4325.908,155.7163,736.7572,1186.2692,0.2,237.2538,0.00018551,28:61,155.7163
10:24,43,3805.5995,1760.1307,2126.7995,2194.5384,0.1525,334.664,0.00026168,18:45,1760.1307
10:25,11,2351.2411,356.4244,1181.4597,1429.9153,0.3015,431.1357,0.00033711,2:142,356.4244
10:26,16,2665.5362,568.1177,1821.8039,2103.6519,0.25,525.913,0.00041122,2:82,568.1177
10:27,27,6808.3583,538.6184,2461.899,3909.7707,0.1925,752.4357,0.00058834,58:17,538.6184
10:28,18,1152.9329,853.9453,908.2841,963.8861,0.2357,227.1901,0.00017764,6:22,853.9453
10:29,10,221.3927,14.2576,71.2882,139.8846,0.3162,44.2354,3.459e-05,6:156,14.2576
10:30,16,3616.8464,352.2004,1719.9836,2182.3147,0.25,545.5787,0.0004266,16:87,352.2004
10:31,27,2814.633,1072.6284,1757.3574,2015.4935,0.1925,387.8819,0.00030329,30:19,1072.6284
10:32,11,147.6578,28.1506,83.3011,147.6578,0.3015,44.5205,3.481e-05,39:6,28.1506
10:33,10,1122.3569,391.8902,466.4308,534.0265,0.3162,168.874,0.00013205,40:6,391.8902
10:34,17,1769.9053,399.6036,1243.3846,1515.9487,0.2425,367.6716,0.00028749,10:35,399.6036
10:35,29,1999.6103,399.6036,737.5081,821.9688,0.1857,152.6358,0.00011935,10:34,399.6036
10:36,17,3278.5919,621.9994,1127.4248,1356.2132,0.2425,328.93,0.0002572,53:28,621.9994
10:37,22,6397.867,825.1106,1871.9377,2128.3911,0.2132,453.7745,0.00035481,32:2,825.1106
10:38,16,7432.0926,1619.6992,2638.8932,2956.3503,0.25,739.0876,0.0005779,11:13,1619.6992
10:39,19,3812.4345,368.9737,1152.7045,1828.6454,0.2294,419.52,0.00032803,6:148,368.9737
10:40,12,478.1151,59.4225,205.5669,275.5092,0.2887,79.5327,6.219e-05,29:47,59.4225
10:41,15,189.007,59.4225,161.8376,189.007,0.2582,48.8014,3.816e-05,11:35,59.4225
10:42,11,598.8158,84.4359,188.326,255.9824,0.3015,77.1816,6.035e-05,10:43,84.4359
10:43,11,451.6506,84.4359,141.3942,209.6259,0.3015,63.2046,4.942e-05,10:42,84.4359
10:44,10,2961.7486,143.813,291.2449,475.5348,0.3162,150.3773,0.00011758,4:40,143.813
10:45,20,1955.4578,620.4576,1244.8926,1335.5221,0.2236,298.6318,0.0002335,6:31,620.4576
10:46,15,1976.6627,830.4281,1559.3536,1629.1584,0.2582,420.6469,0.00032891,40:77,830.4281
10:47,12,1196.2996,383.634,575.8945,816.2201,0.2887,235.6225,0.00018424,10:54,383.634
10:48,7,5148.0336,746.0134,3730.0668,3987.6686,0.378,1507.1971,0.0011785,21:38,746.0134
10:49,22,2096.9809,310.0211,869.8885,1142.1272,0.2132,243.5023,0.0001904,7:188,310.0211
10:50,12,493.2492,51.1775,255.8876,403.5051,0.2887,116.4819,9.108e-05,6:46,51.1775
10:51,11,287.0389,58.9199,116.9721,182.3824,0.3015,54.9904,4.3e-05,51:14,58.9199
10:52,13,755.6287,165.3559,322.6207,395.2477,0.2774,109.622,8.572e-05,34:42,165.3559
10:53,11,292.4595,54.9966,235.2657,292.4595,0.3015,88.1799,6.895e-05,6:134,54.9966
10:54,21,3544.4519,394.5137,956.1353,1196.4609,0.2182,261.0892,0.00020415,34:33,394.5137
10:55,16,10610.5977,1019.8668,2732.6821,3422.7693,0.25,855.6923,0.00066908,28:13,1019.8668
10:56,5,294.1649,56.9831,152.5802,216.9369,0.4472,97.0171,7.586e-05,7:158,56.9831
10:57,14,880.3042,64.3408,243.5202,335.0401,0.2673,89.5432,7.002e-05,4:170,64.3408
10:58,10,186.5684,58.3694,158.7824,186.5684,0.3162,58.9981,4.613e-05,3:157,58.3694
10:59,20,2299.9565,58.3445,254.6161,488.7312,0.2236,109.2836,8.545e-05,46:4,58.3445
10:60,19,7540.0317,1041.5875,3401.5231,4039.9084,0.2294,926.8185,0.00072469,27:73,1041.5875
10:61,42,5523.8212,1636.3107,2883.67,3410.1848,0.1543,526.2029,0.00041145,34:3,1636.3107
10:62,10,4941.7963,318.2888,1591.4441,3182.8883,0.3162,1006.5177,0.00078701,2:38,318.2888
10:63,4,1624.9528,152.3116,375.7688,411.0565,0.5,205.5282,0.00016071,27:53,152.3116
10:64,15,2810.1454,365.9793,1181.9845,1440.5145,0.2582,371.9392,0.00029082,14:27,365.9793
10:65,10,560.1459,60.0955,265.0847,412.3955,0.3162,130.4109,0.00010197,4:139,60.0955
10:66,25,10064.165,1076.6909,3140.4196,4012.4317,0.2,802.4863,0.00062748,6:116,1076.6909
10:67,15,9475.3463,1288.5981,3395.7557,4875.406,0.2582,1258.8244,0.00098429,40:61,1288.5981
10:68,25,19136.2716,633.9952,3134.0581,6009.1033,0.2,1201.8207,0.00093972,4:171,633.9952
10:69,9,3398.047,1046.283,1748.9687,1922.6495,0.3333,640.8832,0.00050112,16:116,1046.283
10:70,13,961.115,59.5201,196.5886,268.98,0.2774,74.6016,5.833e-05,10:23,59.5201
10:71,33,1378.3147,57.0305,274.3694,459.8447,0.1741,80.0487,6.259e-05,5:27,57.0305
10:72,16,5158.281,546.2447,2731.2233,4184.0252,0.25,1046.0063,0.00081789,26:109,546.2447
10:73,17,2873.2362,364.3774,1011.5883,1687.5291,0.2425,409.2859,0.00032003,37:73,364.3774
10:74,22,2609.0673,692.5495,1255.7563,1347.0225,0.2132,287.1862,0.00022456,7:101,692.5495
10:75,14,1309.1481,443.8826,831.2753,980.3994,0.2673,262.0228,0.00020488,7:103,443.8826
10:76,10,1739.1045,615.9605,952.5097,1020.9778,0.3162,322.8615,0.00025245,28:48,615.9605
10:77,11,158.8136,15.2793,70.0486,133.4522,0.3015,40.2373,3.146e-05,20:69,15.2793
10:78,16,1926.278,58.3694,250.8786,474.4449,0.25,118.6112,9.274e-05,5:104,58.3694
10:79,6,103.89,61.1171,103.89,103.89,0.4082,42.4129,3.316e-05,7:112,61.1171
10:80,10,1163.2782,849.6207,993.0051,1060.9285,0.3162,335.4951,0.00026233,26:43,849.6207
10:81,17,2881.2286,36.858,184.2899,368.5799,0.2425,89.3937,6.99e-05,2:26,36.858
10:82,7,170.4307,59.1555,117.1602,170.4307,0.378,64.4168,5.037e-05,8:8,59.1555
10:83,22,1403.8692,15.2793,74.095,137.4986,0.2132,29.3148,2.292e-05,12:51,15.2793
10:84,12,934.2991,161.4805,216.7126,274.0407,0.2887,79.1087,6.186e-05,8:41,161.4805
10:85,10,1043.5584,164.9597,414.1447,468.8692,0.3162,148.2695,0.00011593,60:5,164.9597
10:86,5,194.5451,13.0821,65.4103,130.1884,0.4472,58.222,4.552e-05,6:77,13.0821
10:87,16,380.5214,55.4176,194.0387,262.3117,0.25,65.5779,5.128e-05,7:117,55.4176
10:88,29,1847.3454,160.6239,452.0847,670.1463,0.1857,124.443,9.73e-05,10:97,160.6239
10:89,11,890.5048,48.3026,207.1036,269.9996,0.3015,81.4079,6.365e-05,2:113,48.3026
10:90,27,2682.536,168.0721,710.8952,915.209,0.1925,176.1321,0.00013772,7:138,168.0721
10:91,7,45.8379,15.2793,45.8379,45.8379,0.378,17.3251,1.355e-05,10:51,15.2793
10:92,14,626.9372,155.0197,434.6046,504.0696,0.2673,134.7183,0.00010534,5:49,155.0197
10:93,24,5441.2699,1476.2624,3952.9887,4238.1741,0.2041,865.1137,0.00067645,45:17,1476.2624
10:94,22,2689.9588,824.8345,1373.4771,1607.281,0.2132,342.6735,0.00026794,2:147,824.8345
10:95,10,1292.8099,158.0492,380.4,460.9233,0.3162,145.7568,0.00011397,62:5,158.0492
10:96,8,1240.3555,23.8011,101.7833,180.461,0.3536,63.8026,4.989e-05,10:33,23.8011
10:97,8,391.4097,160.6239,364.2403,391.4097,0.3536,138.3842,0.0001082,10:88,160.6239
10:98,21,1720.2121,375.729,653.1057,871.1673,0.2182,190.1043,0.00014865,41:16,375.729
10:99,15,1769.3863,55.1109,196.945,281.8592,0.2582,72.7757,5.69e-05,6:112,55.1109
10:100,14,1909.5765,213.5832,554.2201,812.9113,0.2673,217.2597,0.00016988,3:145,213.5832
10:101,14,3595.1339,52.1873,233.5993,437.2679,0.2673,116.8648,9.138e-05,12:37,52.1873
10:102,15,1431.171,380.0635,926.8428,1036.7535,0.2582,267.6886,0.00020931,7:71,380.0635
10:103,10,442.1977,56.1473,112.2947,163.842,0.3162,51.8114,4.051e-05,40:51,56.1473
10:104,26,6231.4664,381.334,1197.1105,1794.7259,0.1961,351.9747,0.00027521,22:5,381.334
10:105,9,658.7181,155.7742,442.6492,506.6732,0.3333,168.8911,0.00013206,6:14,155.7742
10:106,16,5464.7318,313.5619,1567.8096,2405.2148,0.25,601.3037,0.00047017,5:76,313.5619
10:107,24,4418.26,1537.5544,2516.8574,3036.7675,0.2041,619.8776,0.00048469,6:17,1537.5544
10:108,22,4437.7935,1274.7872,3062.5173,3519.5851,0.2132,750.3781,0.00058673,17:15,1274.7872
10:109,11,660.1011,163.7025,423.4485,490.0343,0.3015,147.7509,0.00011553,33:2,163.7025
11:1,10,76.3964,61.1171,76.3964,76.3964,0.3162,24.1587,1.889e-05,27:6,61.1171
11:2,9,790.823,154.0797,480.1618,630.0324,0.3333,210.0108,0.00016421,41:14,154.0797
11:3,25,2115.6691,388.5719,990.7439,1440.87,0.2,288.174,0.00022533,11:52,388.5719
11:4,8,6450.7164,304.9685,1524.8426,2326.4454,0.3536,822.5226,0.00064314,5:120,304.9685
11:5,19,2555.2171,602.0173,1419.4307,1961.6523,0.2294,450.0339,0.00035189,16:23,602.0173
11:6,16,3187.7662,384.8057,627.4672,870.3992,0.25,217.5998,0.00017014,6:38,384.8057
11:7,31,11087.1367,771.8463,3424.7794,5170.5606,0.1796,928.6601,0.00072613,6:7,771.8463
11:8,22,3930.5786,541.302,2706.5099,3290.0817,0.2132,701.4478,0.00054847,16:34,541.302
11:9,11,183.3514,168.0721,183.3514,183.3514,0.3015,55.2825,4.323e-05,42:48,168.0721
11:10,13,197.48,182.7761,197.48,197.48,0.2774,54.7711,4.283e-05,41:50,182.7761
11:11,10,1876.4648,382.5066,826.3514,1028.4688,0.3162,325.2304,0.0002543,34:4,382.5066
11:12,27,4106.3008,139.9575,649.8394,1266.3801,0.1925,243.715,0.00019056,6:102,139.9575
11:13,18,7401.534,1619.6992,2608.3347,2925.7917,0.2357,689.6157,0.00053922,10:38,1619.6992
11:14,16,3900.4232,115.1088,575.544,1151.0879,0.25,287.772,0.00022501,2:163,115.1088
11:15,14,1164.6829,58.3445,271.4056,420.7989,0.2673,112.4632,8.794e-05,21:100,58.3445
11:16,16,2265.3771,145.9107,456.5911,671.5075,0.25,167.8769,0.00013127,7:118,145.9107
11:17,39,6957.044,625.8753,2557.7386,3260.6032,0.1601,522.1144,0.00040825,46:12,625.8753
11:18,23,7104.5915,723.9985,3223.7983,5071.8439,0.2085,1057.5526,0.00082692,6:21,723.9985
11:19,11,3332.6054,1280.4318,2017.1297,2242.227,0.3015,676.0569,0.00052862,7:45,1280.4318
11:20,24,7680.095,351.1038,1019.5675,1658.6795,0.2041,338.5765,0.00026474,11:113,351.1038
11:21,9,3818.7301,789.4966,2377.8385,2729.5918,0.3333,909.8639,0.00071144,7:53,789.4966
11:22,7,1095.5548,617.6298,832.7361,896.8572,0.378,338.9802,0.00026505,16:109,617.6298
11:23,14,10469.8771,606.4922,2363.7823,3820.4827,0.2673,1021.0669,0.00079839,2:82,606.4922
11:24,11,141.0229,61.1171,114.3876,141.0229,0.3015,42.52,3.325e-05,39:29,61.1171
11:25,9,1672.548,368.8329,1202.5191,1376.8613,0.3333,458.9538,0.00035886,23:23,368.8329
11:26,11,2966.088,1034.9128,2044.6736,2320.5126,0.3015,699.6609,0.00054708,46:21,1034.9128
11:27,29,3159.9424,371.3488,1304.0563,1523.7212,0.1857,282.9479,0.00022124,23:24,371.3488
11:28,19,3667.26,1476.2834,2983.1173,3086.0095,0.2294,707.9791,0.00055358,11:63,1476.2834
11:29,22,4482.6353,354.351,1225.3787,1899.3792,0.2132,404.949,0.00031664,10:72,354.351
11:30,9,1662.0606,152.1634,305.211,375.9039,0.3333,125.3013,9.797e-05,11:63,152.1634
11:31,31,2555.4352,1582.5036,1808.343,1922.5199,0.1796,345.2948,0.00026999,6:50,1582.5036
11:32,13,2932.7182,790.6957,2221.8373,2789.6943,0.2774,773.722,0.00060498,7:70,790.6957
11:33,10,1147.068,54.9966,235.2657,304.1553,0.3162,96.1823,7.521e-05,6:134,54.9966
11:34,18,749.289,14.7039,69.3607,135.0563,0.2357,31.8331,2.489e-05,3:108,14.7039
11:35,12,1400.1608,608.2227,1030.3312,1097.3506,0.2887,316.7778,0.00024769,46:8,608.2227
11:36,17,1135.2895,162.747,267.8062,336.8341,0.2425,81.6943,6.388e-05,12:69,162.747
11:37,11,1186.4193,911.2119,964.0113,1019.6133,0.3015,307.425,0.00024038,23:27,911.2119
11:38,19,205.7009,13.0821,65.4103,129.6166,0.2294,29.7361,2.325e-05,2:247,13.0821
11:39,10,1622.3358,1077.1139,1554.1041,1622.3358,0.3162,513.0276,0.00040114,39:40,1077.1139
11:40,26,3773.8295,1918.5408,2119.0685,2356.7544,0.1961,462.1976,0.0003614,23:27,1918.5408
11:41,11,255.6943,14.7039,69.3607,133.7104,0.3015,40.3152,3.152e-05,1:1,14.7039
11:42,19,86.1305,15.2793,72.2375,86.1305,0.2294,19.7597,1.545e-05,11:45,15.2793
11:43,23,1230.5006,55.2322,241.9095,328.3486,0.2085,68.4654,5.353e-05,11:73,55.2322
11:44,17,44.6871,15.2793,44.6871,44.6871,0.2425,10.8382,8.47e-06,2:210,15.2793
11:45,15,75.2457,15.2793,75.2457,75.2457,0.2582,19.4284,1.519e-05,28:24,15.2793
11:46,23,1508.1651,366.4306,1183.2448,1279.1651,0.2085,266.7244,0.00020856,17:36,366.4306
11:47,19,1458.5858,390.5288,592.181,833.6139,0.2294,191.2441,0.00014954,40:42,390.5288
11:48,18,442.4938,56.0392,105.8497,156.8564,0.2357,36.9714,2.891e-05,36:18,56.0392
11:49,19,1194.2148,57.6965,237.1272,308.4154,0.2294,70.7553,5.532e-05,3:44,57.6965
11:50,17,10678.8821,2021.8067,6442.0053,9151.3123,0.2425,2219.5192,0.00173547,7:65,2021.8067
11:51,13,2123.8307,386.95,1046.2312,1785.7971,0.2774,495.291,0.00038728,6:90,386.95
11:52,17,788.3364,388.5719,788.3364,788.3364,0.2425,191.1997,0.0001495,11:3,388.5719
11:53,15,222.7772,61.1171,112.9916,173.9836,0.2582,44.9224,3.513e-05,7:132,61.1171
11:54,16,471.998,162.1144,318.3754,384.4511,0.25,96.1128,7.515e-05,6:78,162.1144
11:55,7,651.5334,13.5847,67.9234,124.8608,0.378,47.1929,3.69e-05,2:29,13.5847
11:56,18,1995.7163,65.8087,299.0302,558.4026,0.2357,131.6167,0.00010291,3:51,65.8087
11:57,21,2875.5953,143.9851,410.0363,595.1867,0.2182,129.8804,0.00010156,34:21,143.9851
11:58,14,1843.419,535.3577,1128.4656,1307.0612,0.2673,349.3268,0.00027314,11:94,535.3577
11:59,12,129.0406,61.1171,115.4559,129.0406,0.2887,37.2508,2.913e-05,14:15,61.1171
11:60,17,1879.3112,615.9605,1015.5185,1176.906,0.2425,285.4416,0.00022319,28:42,615.9605
11:61,27,11325.2811,2019.5053,6439.7038,9474.5022,0.1925,1823.3688,0.00142572,7:73,2019.5053
11:62,21,364.3143,73.6802,224.4297,295.7179,0.2182,64.5309,5.046e-05,14:9,73.6802
11:63,22,5086.1086,1476.2834,3081.6552,3295.2622,0.2132,702.5523,0.00054934,11:28,1476.2834
11:64,17,3580.9925,2663.4938,3089.9074,3149.093,0.2425,763.7672,0.0005972,7:73,2663.4938
11:65,11,88.6108,60.0955,88.6108,88.6108,0.3015,26.7171,2.089e-05,5:89,60.0955
11:66,18,2163.3314,429.4243,1023.6339,1272.5054,0.2357,299.9324,0.00023452,11:58,429.4243
11:67,8,1125.3022,850.0948,902.8941,958.4961,0.3536,338.8796,0.00026497,11:94,850.0948
11:68,12,1501.6164,402.4174,812.9254,879.9576,0.2887,254.0219,0.00019862,11:95,402.4174
11:69,15,544.6878,396.2397,501.4686,544.6878,0.2582,140.6378,0.00010997,29:31,396.2397
11:70,18,1138.4961,391.9518,789.3749,859.9338,0.2357,202.6883,0.00015848,51:28,391.9518
11:71,9,0,0.0,0,0,0.3333,0.0,0.0,,0.0
11:72,12,447.1371,54.3664,139.4969,190.7703,0.2887,55.0706,4.306e-05,38:5,54.3664
11:73,14,339.4785,55.2322,154.2589,220.1652,0.2673,58.8416,4.601e-05,11:43,55.2322
11:74,11,55.572,13.893,55.572,55.572,0.3015,16.7556,1.31e-05,11:70,13.893
11:75,5,29.4078,14.7039,29.4078,29.4078,0.4472,13.1516,1.028e-05,9:114,14.7039
11:76,14,192.1136,59.9664,163.5983,192.1136,0.2673,51.3445,4.015e-05,12:29,59.9664
11:77,13,1238.0664,1083.8076,1184.7959,1238.0664,0.2774,343.3778,0.00026849,29:33,1083.8076
11:78,26,1094.0997,56.8766,124.6629,186.6072,0.1961,36.5967,2.862e-05,15:69,56.8766
11:79,13,162.3185,58.8157,162.3185,162.3185,0.2774,45.019,3.52e-05,17:102,58.8157
11:80,11,178.2164,58.1338,113.8597,178.2164,0.3015,53.7343,4.202e-05,39:58,58.1338
11:81,29,680.8719,563.9472,624.489,680.8719,0.1857,126.4347,9.886e-05,15:65,563.9472
11:82,12,330.2619,120.6373,221.5844,289.5078,0.2887,83.5737,6.535e-05,15:74,120.6373
11:83,8,325.2191,58.5186,115.0958,183.0192,0.3536,64.7071,5.06e-05,51:34,58.5186
11:84,26,11413.5879,2015.4777,6435.6763,9457.191,0.1961,1854.7077,0.00145022,7:85,2015.4777
11:85,14,3949.0127,1256.3155,2709.3645,2776.5241,0.2673,742.0573,0.00058023,26:183,1256.3155
11:86,11,3244.9897,348.0834,919.3172,1586.2589,0.3015,478.2751,0.00037397,7:85,348.0834
11:87,20,146.6629,60.0955,118.1477,146.6629,0.2236,32.7948,2.564e-05,11:62,60.0955
11:88,35,3829.4535,1247.0942,2870.0063,3117.9877,0.169,527.0361,0.0004121,11:28,1247.0942
11:89,22,380.9516,15.2793,75.2457,143.3244,0.2132,30.5569,2.389e-05,9:52,15.2793
11:90,9,871.6858,389.0723,737.5035,798.4954,0.3333,266.1651,0.00020812,11:61,389.0723
11:91,18,169.7541,15.2793,69.7005,132.234,0.2357,31.1679,2.437e-05,11:87,15.2793
11:92,15,1595.5626,23.6834,87.9108,152.2675,0.2582,39.3153,3.074e-05,11:61,23.6834
11:93,19,1314.9582,390.357,1172.9398,1247.0348,0.2294,286.0894,0.0002237,11:39,390.357
11:94,18,2718.2384,850.0948,1921.9341,2118.1494,0.2357,499.2526,0.00039037,11:67,850.0948
11:95,10,695.9389,402.4174,604.8179,670.1962,0.3162,211.9347,0.00016571,11:68,402.4174
11:96,6,1147.61,609.5472,1002.7807,1064.0907,0.4082,434.4132,0.00033967,40:23,609.5472
11:97,10,380.7096,52.9525,264.7623,331.9161,0.3162,104.9611,8.207e-05,7:103,52.9525
11:98,9,575.4388,14.7039,57.1721,103.4459,0.3333,34.482,2.696e-05,2:126,14.7039
11:99,9,328.6065,115.903,225.2144,289.9925,0.3333,96.6642,7.558e-05,11:60,115.903
11:100,9,218.3135,56.0746,152.9032,218.3135,0.3333,72.7712,5.69e-05,3:44,56.0746
11:101,24,5020.851,133.3567,645.9425,1260.6234,0.2041,257.3237,0.00020121,6:108,133.3567
11:102,12,30.5586,15.2793,30.5586,30.5586,0.2887,8.8215,6.9e-06,7:172,15.2793
11:103,16,3537.6912,117.8295,589.1476,1178.2951,0.25,294.5738,0.00023033,2:248,117.8295
11:104,5,0,0.0,0,0,0.4472,0.0,0.0,,0.0
11:105,10,58.8157,14.7039,58.8157,58.8157,0.3162,18.5992,1.454e-05,2:233,14.7039
11:106,9,297.3766,58.9199,157.086,221.2923,0.3333,73.7641,5.768e-05,21:100,58.9199
11:107,15,4012.2968,1513.3127,1747.0467,1940.1744,0.2582,500.9509,0.0003917,11:108,1513.3127
11:108,18,3787.5747,1513.3127,1730.932,1910.8433,0.2357,450.3901,0.00035217,11:107,1513.3127
11:109,20,1032.6097,166.1105,233.9128,292.4144,0.2236,65.3859,5.113e-05,11:17,166.1105
11:110,18,6409.9516,3283.245,5110.2097,5731.9005,0.2357,1351.0219,0.00105638,41:45,3283.245
11:111,10,147.6578,15.2793,70.4298,134.7865,0.3162,42.6232,3.333e-05,80:23,15.2793
11:112,12,974.4063,153.4206,341.5846,576.7896,0.2887,166.5048,0.00013019,41:40,153.4206
11:113,17,7089.9063,532.4409,2480.8673,3119.6608,0.2425,756.6289,0.00059162,2:107,532.4409
11:114,14,84.9798,14.7039,71.0868,84.9798,0.2673,22.7118,1.776e-05,20:14,14.7039
11:115,7,2192.318,592.7191,1209.6594,1308.957,0.378,494.7392,0.00038684,12:90,592.7191
11:116,26,2655.8738,56.8855,270.0542,487.1747,0.1961,95.5428,7.471e-05,17:17,56.8855
11:117,8,620.3707,61.1171,187.7921,235.8564,0.3536,83.3878,6.52e-05,6:131,61.1171
11:118,10,513.2917,56.9831,248.8694,342.6839,0.3162,108.3661,8.473e-05,2:213,56.9831
11:119,15,1316.6032,620.7196,800.1826,869.5907,0.2582,224.5274,0.00017556,32:13,620.7196
11:120,17,499.0905,161.6433,262.4777,330.7095,0.2425,80.2088,6.272e-05,20:99,161.6433
11:121,9,716.9,57.0305,277.5095,340.391,0.3333,113.4637,8.872e-05,6:135,57.0305
11:122,3,15.2793,15.2793,15.2793,15.2793,0.5774,8.8215,6.9e-06,6:158,15.2793
11:123,16,2185.0256,382.533,802.5644,1057.2002,0.25,264.3,0.00020666,27:93,382.533
12:1,5,776.494,155.387,674.0076,776.494,0.4472,347.2587,0.00027153,10:1,155.387
12:2,6,262.1064,166.1105,222.1536,262.1064,0.4082,107.0045,8.367e-05,43:3,166.1105
12:3,16,767.3753,59.7308,160.6944,225.3102,0.25,56.3276,4.404e-05,18:13,59.7308
12:4,15,396.7138,26.1641,82.2072,146.3626,0.2582,37.7906,2.955e-05,19:42,26.1641
12:5,15,195.4441,27.2106,87.177,155.4912,0.2582,40.1477,3.139e-05,7:22,27.2106
12:6,25,1472.7115,61.1171,219.4338,294.1041,0.2,58.8208,4.599e-05,48:2,61.1171
12:7,7,215.5363,57.1323,114.0905,177.4941,0.378,67.0865,5.246e-05,12:111,57.1323
12:8,15,461.3709,52.6912,226.0442,297.414,0.2582,76.792,6.004e-05,3:164,52.6912
12:9,14,206.7308,11.485,57.4252,114.8504,0.2673,30.6951,2.4e-05,2:51,11.485
12:10,16,968.5726,61.1171,284.3472,334.377,0.25,83.5942,6.536e-05,12:15,61.1171
12:11,11,242.5276,59.7308,130.2897,200.8486,0.3015,60.5581,4.735e-05,12:65,59.7308
12:12,8,143.7955,58.0048,143.7955,143.7955,0.3536,50.8394,3.975e-05,12:63,58.0048
12:13,13,125.067,12.5067,62.5335,125.067,0.2774,34.6873,2.712e-05,2:30,12.5067
12:14,9,143.032,15.2793,73.2024,143.032,0.3333,47.6773,3.728e-05,12:8,15.2793
12:15,17,772.7598,61.1171,252.4684,491.6574,0.2425,119.2444,9.324e-05,12:10,61.1171
12:16,4,0,0.0,0,0,0.5,0.0,0.0,,0.0
12:17,18,180.6389,13.893,68.0787,130.6121,0.2357,30.7856,2.407e-05,12:11,13.893
12:18,18,1632.338,1083.1346,1287.0473,1342.0953,0.2357,316.3349,0.00024735,12:83,1083.1346
12:19,16,442.9927,55.4903,110.0406,174.3973,0.25,43.5993,3.409e-05,24:41,55.4903
12:20,9,135.8127,12.3466,61.7331,123.4661,0.3333,41.1554,3.218e-05,2:213,12.3466
12:21,32,6715.5431,624.2534,1953.4697,3520.2047,0.1768,622.2901,0.00048658,28:9,624.2534
12:22,9,952.1507,678.7244,821.6521,887.794,0.3333,295.9313,0.00023139,28:14,678.7244
12:23,23,1013.36,151.7755,568.4156,709.3683,0.2085,147.9135,0.00011566,6:21,151.7755
12:24,19,451.6426,53.2564,188.3661,254.9542,0.2294,58.4905,4.573e-05,37:81,53.2564
12:25,23,985.4598,19.4561,77.3792,132.4422,0.2085,27.6161,2.159e-05,14:22,19.4561
12:26,19,1450.3573,180.6037,396.6786,469.4347,0.2294,107.6957,8.421e-05,12:27,180.6037
12:27,10,613.5077,180.6037,386.995,450.3986,0.3162,142.4285,0.00011137,12:26,180.6037
12:28,13,507.2101,164.749,278.398,348.5923,0.2774,96.6821,7.56e-05,12:27,164.749
12:29,10,281.8048,59.9664,116.4636,175.514,0.3162,55.5024,4.34e-05,11:76,59.9664
12:30,18,857.2392,47.3719,236.8594,473.7188,0.2357,111.6566,8.731e-05,6:74,47.3719
12:31,32,1179.8993,59.0895,253.5022,481.0262,0.1768,85.0342,6.649e-05,34:43,59.0895
12:32,19,184.6125,59.4225,116.3808,184.6125,0.2294,42.353,3.312e-05,12:51,59.4225
12:33,17,398.3198,15.2793,73.3315,125.7489,0.2425,30.4986,2.385e-05,63:10,15.2793
12:34,10,1045.0861,144.9396,631.0055,811.8149,0.3162,256.7184,0.00020073,8:61,144.9396
12:35,11,2017.1867,40.4596,202.2981,404.5963,0.3015,121.9904,9.539e-05,2:75,40.4596
12:36,27,195.5657,167.0505,195.5657,195.5657,0.1925,37.6366,2.943e-05,12:78,167.0505
12:37,26,1630.1054,157.7448,478.2043,662.6085,0.1961,129.9482,0.00010161,11:19,157.7448
12:38,26,4648.0772,561.2846,1742.0895,2383.8151,0.1961,467.5046,0.00036555,2:243,561.2846
12:39,9,242.2775,58.0048,160.4611,228.6928,0.3333,76.2309,5.961e-05,38:65,58.0048
12:40,32,9636.1767,1961.7383,4126.8253,5693.5603,0.1768,1006.4888,0.00078699,53:23,1961.7383
12:41,19,89.3743,15.2793,74.6703,89.3743,0.2294,20.5039,1.603e-05,2:196,15.2793
12:42,18,144.685,15.2793,68.6007,132.0043,0.2357,31.1137,2.433e-05,72:17,15.2793
12:43,24,2548.0925,1772.397,1832.3634,1887.8341,0.2041,385.3525,0.00030131,12:46,1772.397
12:44,8,207.4979,61.1171,109.9107,170.9027,0.3536,60.4232,4.725e-05,21:5,61.1171
12:45,11,42.7729,14.2576,42.7729,42.7729,0.3015,12.8965,1.008e-05,12:21,14.2576
12:46,22,1818.2349,1772.397,1818.2349,1818.2349,0.2132,387.649,0.00030311,12:43,1772.397
12:47,14,305.766,56.9583,105.5987,161.2008,0.2673,43.0827,3.369e-05,12:48,56.9583
12:48,15,1843.355,380.0701,570.5321,793.0383,0.2582,204.7616,0.00016011,12:49,380.0701
12:49,11,1552.8683,380.0701,558.0751,780.5812,0.3015,235.3541,0.00018403,12:48,380.0701
12:50,22,510.232,167.4968,228.0385,289.7716,0.2132,61.7795,4.831e-05,12:54,167.4968
12:51,29,655.6842,59.4225,176.7433,247.5946,0.1857,45.9772,3.595e-05,12:32,59.4225
12:52,12,1550.7138,145.9905,330.4445,556.4989,0.2887,160.6474,0.00012561,16:107,145.9905
12:53,15,978.3527,25.5888,89.6469,152.6981,0.2582,39.4265,3.083e-05,10:15,25.5888
12:54,14,211.6085,167.4968,211.6085,211.6085,0.2673,56.5548,4.422e-05,12:50,167.4968
12:55,8,0,0.0,0,0,0.3536,0.0,0.0,,0.0
12:56,17,1812.9798,389.1753,492.7096,563.7711,0.2425,136.7346,0.00010691,12:21,389.1753
12:57,7,570.1929,57.0305,283.6941,394.7564,0.378,149.2039,0.00011666,10:63,57.0305
12:58,9,44.6871,15.2793,44.6871,44.6871,0.3333,14.8957,1.165e-05,28:12,15.2793
12:59,17,485.7675,15.2793,65.3903,114.2714,0.2425,27.7149,2.167e-05,12:70,15.2793
12:60,10,165.2206,14.7039,66.4477,128.1807,0.3162,40.5343,3.169e-05,6:50,14.7039
12:61,6,0,0.0,0,0,0.4082,0.0,0.0,,0.0
12:62,14,166.8201,60.5418,114.4919,166.8201,0.2673,44.5846,3.486e-05,83:31,60.5418
12:63,16,214.6467,58.0048,172.9678,214.6467,0.25,53.6617,4.196e-05,12:12,58.0048
12:64,17,954.2991,60.0955,127.4516,197.2812,0.2425,47.8477,3.741e-05,12:92,60.0955
12:65,25,101.4098,59.7308,101.4098,101.4098,0.2,20.282,1.586e-05,12:11,59.7308
12:66,24,2553.5964,163.1587,367.3385,516.8517,0.2041,105.5019,8.249e-05,28:28,163.1587
12:67,27,2912.3797,161.2968,748.4221,982.2497,0.1925,189.034,0.00014781,6:57,161.2968
12:68,30,7093.5419,322.3265,1575.7145,3142.4494,0.1826,573.7301,0.00044861,16:38,322.3265
12:69,16,1774.488,395.6644,695.2864,923.4115,0.25,230.8529,0.00018051,12:99,395.6644
12:70,15,30.5586,15.2793,30.5586,30.5586,0.2582,7.8902,6.17e-06,12:59,15.2793
12:71,5,0,0.0,0,0,0.4472,0.0,0.0,,0.0
12:72,12,30.5586,15.2793,30.5586,30.5586,0.2887,8.8215,6.9e-06,43:30,15.2793
12:73,12,1822.9937,59.5201,238.3732,461.9395,0.2887,133.3505,0.00010427,12:91,59.5201
12:74,6,686.3213,8.6876,43.4381,86.8761,0.4082,35.467,2.773e-05,2:23,8.6876
12:75,11,195.7791,57.6091,109.3529,171.0859,0.3015,51.5843,4.033e-05,21:29,57.6091
12:76,33,1963.0179,166.3775,730.7272,1096.9758,0.1741,190.959,0.00014931,6:83,166.3775
12:77,24,1771.3057,51.5258,257.6288,407.8032,0.2041,83.2425,6.509e-05,3:36,51.5258
12:78,15,256.6829,167.0505,256.6829,256.6829,0.2582,66.2752,5.182e-05,12:36,167.0505
12:79,13,1181.2411,61.1171,121.4955,174.4933,0.2774,48.3957,3.784e-05,12:23,61.1171
12:80,37,1220.7188,71.4515,238.1011,311.2787,0.1644,51.1739,4.001e-05,7:87,71.4515
12:81,17,143.5343,14.7039,67.45,130.8536,0.2425,31.7367,2.482e-05,2:255,14.7039
12:82,11,85.5458,14.2576,71.2882,85.5458,0.3015,25.793,2.017e-05,6:146,14.2576
12:83,18,2361.6667,1083.1346,1413.8412,1557.1455,0.2357,367.0227,0.00028698,12:18,1083.1346
12:84,12,72.1807,14.7039,72.1807,72.1807,0.2887,20.8368,1.629e-05,7:79,14.7039
12:85,12,114.9536,14.7039,72.1807,114.9536,0.2887,33.1843,2.595e-05,17:91,14.7039
12:86,13,3897.1491,572.0407,1316.518,1808.0447,0.2774,501.4614,0.0003921,7:62,572.0407
12:87,20,646.8142,56.2037,202.9783,269.5642,0.2236,60.2764,4.713e-05,7:99,56.2037
12:88,21,1674.4901,61.1171,112.2864,144.6973,0.2182,31.5755,2.469e-05,12:78,61.1171
12:89,10,128.9034,15.2793,73.3315,128.9034,0.3162,40.7628,3.187e-05,49:6,15.2793
12:90,23,3273.0123,592.7191,1224.4306,1386.6263,0.2085,289.1316,0.00022608,11:115,592.7191
12:91,9,187.7191,59.5201,117.8895,187.7191,0.3333,62.573,4.893e-05,12:73,59.5201
12:92,11,552.9194,60.0955,160.4837,229.2916,0.3015,69.134,5.406e-05,12:64,60.0955
12:93,12,0,0.0,0,0,0.2887,0.0,0.0,,0.0
12:94,12,79.9058,13.3176,66.5881,79.9058,0.2887,23.0668,1.804e-05,7:43,13.3176
12:95,6,42.7729,14.2576,42.7729,42.7729,0.4082,17.462,1.365e-05,12:73,14.2576
12:96,20,4164.5459,618.3117,1573.1195,2164.8891,0.2236,484.0839,0.00037851,2:33,618.3117
12:97,8,295.3346,14.2576,70.5589,133.1078,0.3536,47.0607,3.68e-05,3:16,14.2576
12:98,9,664.7338,155.7991,438.2476,503.9431,0.3333,167.981,0.00013135,28:16,155.7991
12:99,14,1103.1463,395.6644,704.5721,813.5587,0.2673,217.4327,0.00017001,12:69,395.6644
12:100,46,2284.1157,163.2562,343.9812,426.239,0.1474,62.8455,4.914e-05,12:83,163.2562
12:101,21,2125.7742,58.8157,262.9361,500.6522,0.2182,109.2513,8.543e-05,12:6,58.8157
12:102,14,1871.7291,1532.5473,1673.4877,1740.9085,0.2673,465.2774,0.00036381,3:44,1532.5473
12:103,6,216.3618,11.3875,56.9373,113.8746,0.4082,46.4891,3.635e-05,2:243,11.3875
12:104,10,2359.2191,366.011,1179.495,1812.3998,0.3162,573.1311,0.00044814,38:87,366.011
12:105,11,2409.9023,37.849,189.2452,378.4905,0.3015,114.1192,8.923e-05,2:116,37.849
12:106,7,15.2793,15.2793,15.2793,15.2793,0.378,5.775,4.52e-06,9:54,15.2793
12:107,14,1617.5617,158.6734,654.4814,912.0257,0.2673,243.7491,0.00019059,43:66,158.6734
12:108,17,1635.753,157.9781,343.1002,410.5623,0.2425,99.576,7.786e-05,6:79,157.9781
12:109,29,13143.6787,1562.364,6862.5032,8851.3151,0.1857,1643.6479,0.00128519,40:82,1562.364
12:110,19,689.8789,74.7994,188.464,259.0792,0.2294,59.4368,4.647e-05,6:147,74.7994
12:111,23,2731.8824,621.3766,1045.1099,1288.7885,0.2085,268.731,0.00021012,10:37,621.3766
13:1,15,4713.8958,371.9206,1355.9652,2026.4632,0.2582,523.2305,0.00040912,13:19,371.9206
13:2,26,3495.4728,809.1819,2327.6678,2997.1011,0.1961,587.7799,0.00045959,35:13,809.1819
13:3,24,7455.8285,508.8545,2118.4238,3598.074,0.2041,734.4538,0.00057428,30:21,508.8545
13:4,27,6947.9896,513.9744,1915.739,3395.3893,0.1925,653.443,0.00051094,16:12,513.9744
13:5,25,5572.9661,552.7087,2070.9628,3533.9825,0.2,706.7965,0.00055265,3:116,552.7087
13:6,20,915.6681,61.1171,284.0808,357.4123,0.2236,79.9198,6.249e-05,27:46,61.1171
13:7,15,3575.2498,1265.8534,2142.9693,2372.7187,0.2582,612.6333,0.00047903,13:27,1265.8534
13:8,15,693.72,48.9014,244.5069,420.3834,0.2582,108.5425,8.487e-05,2:77,48.9014
13:9,5,488.7601,50.2406,251.2028,464.3633,0.4472,207.6696,0.00016238,6:73,50.2406
13:10,14,226.737,15.2793,71.8565,137.972,0.2673,36.8746,2.883e-05,11:40,15.2793
13:11,35,6981.8366,376.8042,1200.0752,1553.0321,0.169,262.5103,0.00020526,46:21,376.8042
13:12,9,531.4354,167.0505,262.8874,316.597,0.3333,105.5323,8.252e-05,30:24,167.0505
13:13,19,899.8782,56.3213,111.8933,177.3036,0.2294,40.6762,3.181e-05,2:139,56.3213
13:14,27,1902.4372,381.8753,800.7112,1050.4703,0.1925,202.1631,0.00015807,40:20,381.8753
13:15,11,3604.1444,584.6365,1089.6684,1477.2799,0.3015,445.4166,0.00034828,3:83,584.6365
13:16,45,5048.9622,388.5945,1159.4254,1451.2814,0.1491,216.3443,0.00016916,6:50,388.5945
13:17,42,3268.0917,143.0726,686.5902,1029.2988,0.1543,158.8243,0.00012419,39:21,143.0726
13:18,27,5371.6384,1258.6238,2626.7402,2909.5579,0.1925,559.9447,0.00043783,5:36,1258.6238
13:19,15,1710.9618,371.9206,966.2249,1236.6925,0.2582,319.3126,0.00024968,13:1,371.9206
13:20,7,296.6643,25.2964,75.8892,131.083,0.378,49.5447,3.874e-05,3:77,25.2964
13:21,13,1527.203,596.109,1233.6614,1297.6008,0.2774,359.8897,0.0002814,2:27,596.109
13:22,19,1428.5444,845.1995,1096.575,1168.7558,0.2294,268.131,0.00020966,35:29,845.1995
13:23,15,1359.3064,638.9574,777.2077,839.7411,0.2582,216.8202,0.00016953,40:8,638.9574
13:24,7,97.3313,14.7039,70.1619,97.3313,0.378,36.7878,2.876e-05,13:22,14.7039
13:25,23,6991.6015,3091.2684,3944.0543,4121.5247,0.2085,859.3973,0.00067198,2:27,3091.2684
13:26,16,4527.7871,552.3636,2201.888,3440.7243,0.25,860.1811,0.00067259,30:37,552.3636
13:27,19,7581.6112,1265.8534,3454.3851,3876.5292,0.2294,889.3368,0.00069539,13:7,1265.8534
13:28,11,1493.776,11.3875,56.9373,113.8746,0.3015,34.3345,2.685e-05,2:214,11.3875
13:29,8,5359.7257,106.9601,534.8004,1069.6008,0.3536,378.161,0.00029569,2:25,106.9601
13:30,28,5042.5052,572.101,1032.5362,1608.0802,0.189,303.8986,0.00023762,9:129,572.101
13:31,51,8147.0957,369.9373,862.0142,1157.5419,0.14,162.0883,0.00012674,3:9,369.9373
13:32,13,1499.645,378.3399,995.9513,1059.3549,0.2774,293.8122,0.00022974,6:10,378.3399
13:33,39,7481.8551,758.623,3365.3858,4137.4838,0.1601,662.5276,0.00051804,39:23,758.623
13:34,14,4691.275,369.5574,1303.4152,1551.0497,0.2673,414.5355,0.00032413,40:21,369.5574
13:35,19,4407.5799,393.492,874.2329,1442.4539,0.2294,330.9216,0.00025875,47:15,393.492
13:36,25,1477.3288,164.5135,511.9163,714.6937,0.2,142.9387,0.00011177,27:91,164.5135
13:37,20,5401.9457,1655.6805,2748.5018,3278.0176,0.2236,732.987,0.00057313,2:120,1655.6805
13:38,21,3109.2981,1685.5913,1919.1399,2089.5147,0.2182,455.9695,0.00035653,40:78,1685.5913
13:39,8,697.4207,51.0371,143.2922,202.3426,0.3536,71.5389,5.594e-05,14:27,51.0371
13:40,13,1414.9273,601.2389,1334.813,1401.8452,0.2774,388.8019,0.00030401,10:46,601.2389
13:41,16,994.9556,626.4507,804.6083,870.0186,0.25,217.5046,0.00017007,21:44,626.4507
13:42,18,1923.1483,149.4885,334.2214,546.889,0.2357,128.903,0.00010079,16:26,149.4885
13:43,15,1986.3824,619.0339,851.1846,923.6577,0.2582,238.4874,0.00018648,17:96,619.0339
14:1,16,1517.9939,164.0276,761.8132,1145.455,0.25,286.3638,0.00022391,34:6,164.0276
14:2,14,16321.8443,1068.5817,3787.8171,6532.4772,0.2673,1745.878,0.00136513,42:53,1068.5817
14:3,16,3364.4412,365.9447,1178.4606,1528.5908,0.25,382.1477,0.00029881,7:45,365.9447
14:4,19,4423.3527,571.3503,1804.7238,2137.5159,0.2294,490.3798,0.00038344,74:31,571.3503
14:5,21,8062.5927,756.9821,2762.638,3509.0598,0.2182,765.7396,0.00059874,31:31,756.9821
14:6,26,6224.5887,1857.3456,4759.0252,5226.3255,0.1961,1024.9668,0.00080144,2:49,1857.3456
14:7,11,15.2793,15.2793,15.2793,15.2793,0.3015,4.6069,3.6e-06,7:167,15.2793
14:8,13,2520.0475,144.5758,430.5897,660.9646,0.2774,183.3186,0.00014334,5:17,144.5758
14:9,37,3151.4014,836.0117,1407.482,1711.6017,0.1644,281.3856,0.00022002,40:31,836.0117
14:10,33,4005.2203,836.4368,1221.4148,1499.0284,0.1741,260.9474,0.00020404,71:4,836.4368
14:11,29,5684.86,814.148,2221.987,2939.8913,0.1857,545.9241,0.00042687,58:10,814.148
14:12,17,1488.9553,74.224,281.9316,467.6955,0.2425,113.4328,8.869e-05,2:246,74.224
14:13,16,1706.9419,168.0721,342.9272,561.496,0.25,140.374,0.00010976,7:88,168.0721
14:14,10,427.0023,54.9351,110.1672,175.4815,0.3162,55.4921,4.339e-05,10:14,54.9351
14:15,5,61.1171,61.1171,61.1171,61.1171,0.4472,27.3324,2.137e-05,11:59,61.1171
14:16,7,79.9058,13.3176,66.5881,79.9058,0.378,30.2015,2.361e-05,2:164,13.3176
14:17,16,648.2782,54.2105,153.2372,220.3665,0.25,55.0916,4.308e-05,10:22,54.2105
14:18,22,1713.2841,165.2995,371.8188,456.2707,0.2132,97.2772,7.606e-05,22:12,165.2995
14:19,14,6197.7485,621.6911,1185.3195,1847.9416,0.2673,493.8832,0.00038617,35:16,621.6911
14:20,5,1324.9457,382.2565,569.0067,770.4609,0.4472,344.5606,0.00026942,35:17,382.2565
14:21,34,3807.7815,1764.9675,1956.1597,2181.0441,0.1715,374.046,0.00029247,40:47,1764.9675
14:22,44,5519.1696,155.179,397.1821,641.0354,0.1508,96.6397,7.556e-05,42:21,155.179
14:23,17,21902.6908,1082.4281,4630.7817,7764.5634,0.2425,1883.1832,0.00147249,22:14,1082.4281
14:24,15,809.7888,56.0905,277.5852,340.7133,0.2582,87.9718,6.879e-05,16:75,56.0905
14:25,12,183.7958,58.1338,117.2077,183.7958,0.2887,53.0573,4.149e-05,2:221,58.1338
14:26,13,160.2255,59.1555,118.5465,160.2255,0.2774,44.4386,3.475e-05,38:15,59.1555
14:27,18,4229.0727,365.9793,878.2206,1099.159,0.2357,259.0743,0.00020257,10:64,365.9793
14:28,12,1880.7031,132.4791,662.3955,1324.791,0.2887,382.4342,0.00029903,2:243,132.4791
14:29,4,29.4078,14.7039,29.4078,29.4078,0.5,14.7039,1.15e-05,38:56,14.7039
14:30,12,280.4443,73.6238,132.1223,201.9519,0.2887,58.2985,4.558e-05,39:8,73.6238
14:31,21,5741.517,1257.6391,2705.3676,3012.6438,0.2182,657.4128,0.00051404,2:254,1257.6391
14:32,25,7587.3459,1515.9848,2817.3763,3740.0345,0.2,748.0069,0.00058488,2:22,1515.9848
14:33,9,539.8944,160.6216,257.4099,323.8254,0.3333,107.9418,8.44e-05,16:12,160.6216
14:34,15,1320.5547,177.2309,233.274,299.6265,0.2582,77.3632,6.049e-05,16:18,177.2309
14:35,13,369.2648,71.9056,213.2862,274.7841,0.2774,76.2114,5.959e-05,2:126,71.9056
14:36,15,762.178,53.7957,205.0278,268.6708,0.2582,69.3705,5.424e-05,5:49,53.7957
14:37,26,263.0698,59.7308,116.6891,177.6811,0.1961,34.8461,2.725e-05,7:130,59.7308
14:38,18,5089.9425,580.0158,1516.1189,1781.9988,0.2357,420.0211,0.00032842,3:5,580.0158
14:39,13,766.8934,49.0025,245.0124,456.3015,0.2774,126.5553,9.896e-05,6:1,49.0025
14:40,9,30.5586,15.2793,30.5586,30.5586,0.3333,10.1862,7.96e-06,2:124,15.2793
14:41,8,147.4264,60.0955,118.9112,147.4264,0.3536,52.1231,4.076e-05,71:28,60.0955
14:42,13,30.5586,15.2793,30.5586,30.5586,0.2774,8.4754,6.63e-06,3:169,15.2793
14:43,9,0,0.0,0,0,0.3333,0.0,0.0,,0.0
14:44,26,2310.448,64.4544,264.7623,491.1848,0.1961,96.3293,7.532e-05,63:10,64.4544
14:45,14,342.9937,14.2576,70.5589,131.7061,0.2673,35.1999,2.752e-05,10:35,14.2576
14:46,12,114.1265,12.6807,63.4036,114.1265,0.2887,32.9455,2.576e-05,2:280,12.6807
14:47,11,1987.716,58.8157,254.1843,451.5341,0.3015,136.1426,0.00010645,3:4,58.8157
14:48,10,131.9684,59.7308,118.0754,131.9684,0.3162,41.7321,3.263e-05,40:16,59.7308
14:49,6,76.3964,61.1171,76.3964,76.3964,0.4082,31.1887,2.439e-05,38:38,61.1171
14:50,6,29.4078,14.7039,29.4078,29.4078,0.4082,12.0057,9.39e-06,21:39,14.7039
14:51,10,2980.286,158.0834,750.8782,1101.8437,0.3162,348.4336,0.00027245,40:17,158.0834
14:52,13,499.0511,159.5459,359.0447,424.0109,0.2774,117.5995,9.195e-05,6:19,159.5459
15:1,6,585.9184,155.387,468.1528,573.4117,0.4082,234.0943,0.00018304,10:1,155.387
15:2,7,1298.1828,51.8379,219.8582,282.3917,0.378,106.734,8.346e-05,4:102,51.8379
15:3,7,67.9234,13.5847,67.9234,67.9234,0.378,25.6726,2.007e-05,15:96,13.5847
15:4,8,642.3183,389.6503,528.1362,592.2915,0.3536,209.4067,0.00016374,26:208,389.6503
15:5,7,883.1336,854.6183,883.1336,883.1336,0.378,333.7931,0.000261,23:43,854.6183
15:6,8,87.46,15.2793,73.2024,87.46,0.3536,30.9218,2.418e-05,38:8,15.2793
15:7,7,1315.334,138.8376,694.1879,1172.3102,0.378,443.0916,0.00034646,7:70,138.8376
15:8,9,325.9598,15.2793,71.5805,135.9372,0.3333,45.3124,3.543e-05,3:108,15.2793
15:9,7,245.2053,59.7308,203.5263,245.2053,0.378,92.6789,7.247e-05,76:23,59.7308
15:10,7,963.9169,156.3677,457.6257,624.4709,0.378,236.0278,0.00018455,43:23,156.3677
15:11,8,1900.863,829.2352,1216.8364,1470.0882,0.3536,519.7547,0.0004064,36:30,829.2352
15:12,5,113.7613,59.4225,113.7613,113.7613,0.4472,50.8756,3.978e-05,26:200,59.4225
15:13,7,572.6757,54.0514,121.3388,186.2586,0.378,70.3991,5.505e-05,26:201,54.0514
15:14,9,546.2757,60.5418,104.0843,152.1486,0.3333,50.7162,3.966e-05,23:77,60.5418
15:15,8,29.4078,14.7039,29.4078,29.4078,0.3536,10.3972,8.13e-06,56:67,14.7039
15:16,7,272.2354,57.4255,110.0086,167.9467,0.378,63.4779,4.963e-05,25:61,57.4255
15:17,5,458.9982,55.3612,105.5419,156.0357,0.4472,69.7813,5.456e-05,37:7,55.3612
15:18,7,455.2089,25.0555,64.1604,113.0414,0.378,42.7256,3.341e-05,37:10,25.0555
15:19,11,2900.8605,1299.0522,1489.201,1724.7177,0.3015,520.0219,0.00040661,50:7,1299.0522
15:20,8,255.7636,165.6642,217.1495,255.7636,0.3536,90.4261,7.071e-05,7:10,165.6642
15:21,11,656.5513,158.3133,252.7368,318.1471,0.3015,95.925,7.501e-05,17:44,158.3133
15:22,12,1200.0213,43.7753,218.8763,437.7525,0.2887,126.3683,9.881e-05,2:22,43.7753
15:23,6,44.6871,15.2793,44.6871,44.6871,0.4082,18.2434,1.426e-05,50:43,15.2793
15:24,7,0,0.0,0,0,0.378,0.0,0.0,,0.0
15:25,7,383.6033,59.7308,113.7564,175.4895,0.378,66.3288,5.186e-05,6:139,59.7308
15:26,8,1213.7421,381.8556,1038.5662,1149.3854,0.3536,406.3691,0.00031775,15:28,381.8556
15:27,7,893.3191,53.6738,109.1318,161.5351,0.378,61.0545,4.774e-05,19:67,53.6738
15:28,12,2218.5998,848.1917,2012.5046,2076.8788,0.2887,599.5433,0.00046879,38:71,848.1917
15:29,9,1434.5519,1311.0858,1360.4722,1422.2053,0.3333,474.0684,0.00037068,38:72,1311.0858
15:30,4,168.0721,168.0721,168.0721,168.0721,0.5,84.0361,6.571e-05,38:73,168.0721
15:31,7,308.4755,57.4294,156.7733,220.9287,0.378,83.5032,6.529e-05,2:34,57.4294
15:32,8,177.2215,61.1171,120.191,177.2215,0.3536,62.6573,4.899e-05,38:75,61.1171
15:33,11,793.2482,381.8556,793.2482,793.2482,0.3015,239.1733,0.00018701,15:26,381.8556
15:34,5,397.2614,397.2614,397.2614,397.2614,0.4472,177.6607,0.00013892,38:77,397.2614
15:35,6,404.6132,69.639,120.3618,182.2051,0.4082,74.3849,5.816e-05,38:78,69.639
15:36,6,1298.7588,613.0288,784.0867,839.6887,0.4082,342.8015,0.00026804,38:79,613.0288
15:37,4,182.2007,167.4968,182.2007,182.2007,0.5,91.1003,7.123e-05,38:80,167.4968
15:38,4,397.4417,163.9132,208.3949,263.9969,0.5,131.9984,0.00010321,38:81,163.9132
15:39,10,1748.2603,56.3213,181.0087,242.9776,0.3162,76.8363,6.008e-05,28:17,56.3213
15:40,4,168.0721,168.0721,168.0721,168.0721,0.5,84.0361,6.571e-05,38:83,168.0721
15:41,5,159.4979,13.5847,67.9234,133.3337,0.4472,59.6287,4.662e-05,3:51,13.5847
15:42,11,1205.1017,624.489,683.8801,751.8545,0.3015,226.6927,0.00017725,17:65,624.489
15:43,4,29.4078,14.7039,29.4078,29.4078,0.5,14.7039,1.15e-05,9:49,14.7039
15:44,8,0,0.0,0,0,0.3536,0.0,0.0,,0.0
15:45,5,1021.9371,377.3963,789.9638,937.5143,0.4472,419.2691,0.00032783,51:15,377.3963
15:46,3,15.2793,15.2793,15.2793,15.2793,0.5774,8.8215,6.9e-06,50:34,15.2793
15:47,10,1357.5078,617.1867,763.8022,818.9714,0.3162,258.9815,0.0002025,7:43,617.1867
15:48,8,187.4579,15.2793,73.3315,136.7351,0.3536,48.3431,3.78e-05,35:35,15.2793
15:49,6,135.4777,13.893,68.8896,135.4777,0.4082,55.3085,4.325e-05,12:69,13.893
15:50,5,67.9234,13.5847,67.9234,67.9234,0.4472,30.3763,2.375e-05,10:88,13.5847
15:51,4,15.2793,15.2793,15.2793,15.2793,0.5,7.6396,5.97e-06,51:24,15.2793
15:52,9,724.4083,624.7246,682.7293,724.4083,0.3333,241.4694,0.00018881,51:25,624.7246
15:53,7,156.3022,61.1171,129.6669,156.3022,0.378,59.0767,4.619e-05,19:7,61.1171
15:54,8,206.7308,11.485,57.4252,114.8504,0.3536,40.6058,3.175e-05,6:37,11.485
15:55,7,118.0186,59.5201,118.0186,118.0186,0.378,44.6068,3.488e-05,3:60,59.5201
15:56,8,74.095,15.2793,74.095,74.095,0.3536,26.1965,2.048e-05,39:9,15.2793
15:57,5,424.755,396.2397,424.755,424.755,0.4472,189.9562,0.00014853,51:31,396.2397
15:58,6,1083.8491,612.7439,824.4322,890.1277,0.4082,363.3931,0.00028414,51:32,612.7439
15:59,6,88.6108,60.0955,88.6108,88.6108,0.4082,36.1752,2.829e-05,54:34,60.0955
15:60,6,42.7729,14.2576,42.7729,42.7729,0.4082,17.462,1.365e-05,7:83,14.2576
15:61,5,125.9756,15.2793,71.6369,125.9756,0.4472,56.338,4.405e-05,54:41,15.2793
15:62,4,90.525,60.5418,90.525,90.525,0.5,45.2625,3.539e-05,7:138,60.5418
15:63,7,583.2093,15.2793,68.5498,135.1379,0.378,51.0773,3.994e-05,19:34,15.2793
15:64,4,42.7729,14.2576,42.7729,42.7729,0.5,21.3864,1.672e-05,6:146,14.2576
15:65,14,605.6262,563.9472,605.6262,605.6262,0.2673,161.8604,0.00012656,11:81,563.9472
15:66,9,15.2793,15.2793,15.2793,15.2793,0.3333,5.0931,3.98e-06,14:22,15.2793
15:67,4,15.2793,15.2793,15.2793,15.2793,0.5,7.6396,5.97e-06,9:101,15.2793
15:68,6,183.1488,13.0821,65.4103,130.8206,0.4082,53.4073,4.176e-05,2:247,13.0821
15:69,4,607.3768,56.8766,111.6402,166.834,0.5,83.417,6.522e-05,11:78,56.8766
15:70,5,44.6871,15.2793,44.6871,44.6871,0.4472,19.9847,1.563e-05,40:50,15.2793
15:71,6,789.8241,52.7994,138.2533,181.6913,0.4082,74.1752,5.8e-05,12:10,52.7994
15:72,5,0,0.0,0,0,0.4472,0.0,0.0,,0.0
15:73,3,29.4078,14.7039,29.4078,29.4078,0.5774,16.9786,1.328e-05,15:83,14.7039
15:74,8,252.4672,120.6373,223.9519,252.4672,0.3536,89.2606,6.979e-05,11:82,120.6373
15:75,5,3729.5471,115.3886,576.9428,1153.8857,0.4472,516.0334,0.00040349,10:67,115.3886
15:76,3,0,0.0,0,0,0.5774,0.0,0.0,,0.0
15:77,5,3696.0292,347.0188,818.3368,1407.4844,0.4472,629.4462,0.00049217,29:44,347.0188
15:78,5,114.1265,12.6807,63.4036,114.1265,0.4472,51.0389,3.991e-05,2:280,12.6807
15:79,5,29.4078,14.7039,29.4078,29.4078,0.4472,13.1516,1.028e-05,7:136,14.7039
15:80,5,30.5586,15.2793,30.5586,30.5586,0.4472,13.6662,1.069e-05,67:18,15.2793
15:81,5,29.4078,14.7039,29.4078,29.4078,0.4472,13.1516,1.028e-05,6:4,14.7039
15:82,6,144.3615,57.9231,144.3615,144.3615,0.4082,58.9353,4.608e-05,16:68,57.9231
15:83,3,29.4078,14.7039,29.4078,29.4078,0.5774,16.9786,1.328e-05,15:73,14.7039
15:84,6,2279.6051,582.3578,1427.0694,1659.0202,0.4082,677.2922,0.00052958,39:50,582.3578
15:85,14,5100.3303,774.9308,2357.2377,2966.1443,0.2673,792.7354,0.00061985,46:3,774.9308
15:86,5,606.3617,49.3956,246.9778,385.7415,0.4472,172.5088,0.00013489,6:117,49.3956
15:87,7,0,0.0,0,0,0.378,0.0,0.0,,0.0
15:88,15,1398.639,1081.6553,1227.0314,1297.1933,0.2582,334.9339,0.00026189,20:131,1081.6553
15:89,5,55.572,13.893,55.572,55.572,0.4472,24.8525,1.943e-05,12:69,13.893
15:90,4,29.4078,14.7039,29.4078,29.4078,0.5,14.7039,1.15e-05,8:41,14.7039
15:91,4,0,0.0,0,0,0.5,0.0,0.0,,0.0
15:92,3,0,0.0,0,0,0.5774,0.0,0.0,,0.0
15:93,3,452.1106,53.9749,142.8265,194.3738,0.5774,112.2218,8.775e-05,2:134,53.9749
15:94,6,88.6108,60.0955,88.6108,88.6108,0.4082,36.1752,2.829e-05,6:106,60.0955
15:95,3,0,0.0,0,0,0.5774,0.0,0.0,,0.0
15:96,8,1274.7818,140.5235,702.6174,1151.3572,0.3536,407.0662,0.00031829,17:22,140.5235
15:97,7,44.6871,15.2793,44.6871,44.6871,0.378,16.8901,1.321e-05,16:103,15.2793
15:98,6,158.4484,59.4225,117.6944,158.4484,0.4082,64.6863,5.058e-05,110:3,59.4225
15:99,5,0,0.0,0,0,0.4472,0.0,0.0,,0.0
16:1,9,936.6864,151.2348,561.8478,669.6368,0.3333,223.2123,0.00017453,10:18,151.2348
16:2,18,5218.8019,805.1798,2004.5908,2689.5092,0.2357,633.9234,0.00049567,40:15,805.1798
16:3,7,2490.6261,135.3636,589.0882,796.077,0.378,300.8888,0.00023527,6:73,135.3636
16:4,8,1040.8673,623.4674,842.4946,950.7679,0.3536,336.1472,0.00026284,36:77,623.4674
16:5,8,145.7436,27.129,81.3869,145.7436,0.3536,51.5281,4.029e-05,23:19,27.129
16:6,7,42.7729,14.2576,42.7729,42.7729,0.378,16.1666,1.264e-05,23:21,14.2576
16:7,14,201.6689,59.7308,118.311,187.7759,0.2673,50.1852,3.924e-05,16:47,59.7308
16:8,9,774.8976,46.9819,234.9097,469.8193,0.3333,156.6064,0.00012245,2:30,46.9819
16:9,10,352.3948,61.1171,111.84,175.2436,0.3162,55.4169,4.333e-05,6:149,61.1171
16:10,13,2504.7852,361.1454,904.663,1243.7435,0.2774,344.9524,0.00026972,6:99,361.1454
16:11,16,4976.3342,562.4121,1848.8115,2437.9591,0.25,609.4898,0.00047657,16:69,562.4121
16:12,15,7874.2314,513.9744,2041.2249,3520.8752,0.2582,909.0861,0.00071083,13:4,513.9744
16:13,13,5787.4699,321.5998,1607.9992,2197.1468,0.2774,609.3789,0.00047648,16:11,321.5998
16:14,21,2213.7658,592.5602,1681.5678,1738.6918,0.2182,379.4137,0.00029667,28:73,592.5602
16:15,11,2464.7943,833.1697,1249.6399,1292.3056,0.3015,389.6448,0.00030467,31:10,833.1697
16:16,4,0,0.0,0,0,0.5,0.0,0.0,,0.0
16:17,7,95.185,15.2793,68.5498,95.185,0.378,35.9766,2.813e-05,7:191,15.2793
16:18,10,2452.4292,177.2309,244.2205,322.4251,0.3162,101.9598,7.972e-05,14:34,177.2309
16:19,6,776.3134,178.3089,377.4751,477.4008,0.4082,194.8981,0.00015239,64:4,178.3089
16:20,10,4238.3644,394.9599,927.8767,1267.92,0.3162,400.9515,0.00031351,25:3,394.9599
16:21,7,220.7163,166.3775,220.7163,220.7163,0.378,83.4229,6.523e-05,27:65,166.3775
16:22,11,1070.753,55.2796,260.3751,496.7157,0.3015,149.7654,0.0001171,18:110,55.2796
16:23,13,4938.7596,800.3268,1823.9555,2414.5871,0.2774,669.686,0.00052364,2:77,800.3268
16:24,9,971.4459,167.4968,357.8741,595.8458,0.3333,198.6153,0.0001553,16:30,167.4968
16:25,15,1006.4279,163.7475,261.1807,324.5843,0.2582,83.8073,6.553e-05,6:31,163.7475
16:26,21,2603.7415,414.4495,1039.8807,1271.5078,0.2182,277.4657,0.00021695,39:25,414.4495
16:27,21,1772.4435,160.4043,476.9918,703.1319,0.2182,153.436,0.00011997,28:62,160.4043
16:28,19,3358.7181,146.4668,505.5261,731.4217,0.2294,167.7996,0.0001312,10:36,146.4668
16:29,8,866.9052,167.6336,485.2739,575.4736,0.3536,203.4607,0.00015909,39:72,167.6336
16:30,20,1312.9476,613.7154,1066.5558,1179.0292,0.2236,263.6389,0.00020614,39:10,613.7154
16:31,15,4371.9658,162.794,667.973,1248.7006,0.2582,322.4131,0.0002521,25:16,162.794
16:32,12,1083.747,106.2963,287.0127,512.9083,0.2887,148.0639,0.00011577,16:28,106.2963
16:33,22,4857.071,1065.5757,1999.6908,2738.8548,0.2132,583.9258,0.00045658,6:158,1065.5757
16:34,10,4670.7906,1225.7889,3404.8898,3999.666,0.3162,1264.8054,0.00098897,45:33,1225.7889
16:35,32,5051.9818,1102.7969,1843.258,2116.1269,0.1768,374.0819,0.0002925,6:148,1102.7969
16:36,28,5374.8613,1013.1373,2435.1665,2797.0379,0.189,528.5905,0.00041331,3:137,1013.1373
16:37,14,2961.9459,158.8832,743.6057,1091.2911,0.2673,291.6598,0.00022805,30:29,158.8832
16:38,18,5508.1522,322.3265,1575.7145,3142.4494,0.2357,740.6824,0.00057915,12:68,322.3265
16:39,11,1328.3615,53.564,113.5304,170.0025,0.3015,51.2577,4.008e-05,40:6,53.564
16:40,10,346.571,53.0349,265.1747,346.571,0.3162,109.5954,8.569e-05,2:117,53.0349
16:41,18,4494.7331,375.2391,1394.2637,1665.7802,0.2357,392.6281,0.000307,39:26,375.2391
16:42,5,598.7248,390.3299,570.9388,598.7248,0.4472,267.7579,0.00020936,29:59,390.3299
16:43,15,4856.8428,1986.2555,3381.8173,3634.4211,0.2582,938.4035,0.00073375,21:7,1986.2555
16:44,12,73.3315,15.2793,73.3315,73.3315,0.2887,21.169,1.655e-05,3:184,15.2793
16:45,16,1486.2776,371.916,914.9672,1100.9903,0.25,275.2476,0.00021522,16:26,371.916
16:46,7,45.8379,15.2793,45.8379,45.8379,0.378,17.3251,1.355e-05,16:47,15.2793
16:47,8,116.6891,59.7308,116.6891,116.6891,0.3536,41.2558,3.226e-05,16:7,59.7308
16:48,17,1972.392,149.3333,372.5411,617.0331,0.2425,149.6525,0.00011702,7:185,149.3333
16:49,14,14208.8581,658.6246,2397.8503,4571.8825,0.2673,1221.887,0.00095541,2:255,658.6246
16:50,7,131.9684,61.1171,118.0754,131.9684,0.378,49.8794,3.9e-05,66:6,61.1171
16:51,12,1082.1725,159.5459,370.1651,435.9423,0.2887,125.8457,9.84e-05,6:19,159.5459
16:52,11,4117.8506,117.3023,586.5117,1173.0234,0.3015,353.6799,0.00027655,2:116,117.3023
16:53,12,357.3364,15.2793,74.3531,140.939,0.2887,40.6856,3.181e-05,92:19,15.2793
16:54,10,210.7437,61.1171,145.3334,210.7437,0.3162,66.643,5.211e-05,17:56,61.1171
16:55,6,735.6091,622.4546,722.0244,735.6091,0.4082,300.3111,0.00023482,30:34,622.4546
16:56,12,474.1936,15.2793,67.9603,117.501,0.2887,33.9196,2.652e-05,16:93,15.2793
16:57,7,45.8379,15.2793,45.8379,45.8379,0.378,17.3251,1.355e-05,16:62,15.2793
16:58,9,458.3785,458.3785,458.3785,458.3785,0.3333,152.7928,0.00011947,43:17,458.3785
16:59,19,477.8151,56.7925,279.9458,348.5998,0.2294,79.9743,6.253e-05,6:31,56.7925
16:60,12,1669.2943,62.578,263.5932,500.0865,0.2887,144.3625,0.00011288,30:27,62.578
16:61,23,2910.1971,1704.8243,2204.1891,2449.9047,0.2085,510.8404,0.00039943,35:45,1704.8243
16:62,17,380.3281,59.7308,118.0754,184.2966,0.2425,44.6985,3.495e-05,16:23,59.7308
16:63,17,1876.9976,390.187,606.1996,836.2744,0.2425,202.8263,0.00015859,6:42,390.187
16:64,14,954.1752,154.8089,491.0621,616.5448,0.2673,164.7785,0.00012884,7:203,154.8089
16:65,16,9029.3521,852.2812,2774.4949,4234.8909,0.25,1058.7227,0.00082783,30:24,852.2812
16:66,17,1242.2211,1082.8675,1139.2504,1203.6071,0.2425,291.9176,0.00022825,23:21,1082.8675
16:67,15,4606.6738,321.5998,1607.9992,2197.1468,0.2582,567.3009,0.00044358,16:11,321.5998
16:68,13,187.1344,57.9231,158.6191,187.1344,0.2774,51.9017,4.058e-05,15:82,57.9231
16:69,24,5387.5803,562.4121,1848.8115,2437.9591,0.2041,497.6463,0.00038912,16:11,562.4121
16:70,20,3031.647,685.9708,972.9127,1194.6642,0.2236,267.135,0.00020888,22:5,685.9708
16:71,22,938.9469,57.5336,281.8411,368.7458,0.2132,78.6169,6.147e-05,13:4,57.5336
16:72,21,1864.5111,379.5669,906.0134,1144.0501,0.2182,249.6522,0.00019521,42:11,379.5669
16:73,15,7528.7709,542.1758,2259.0271,3300.7563,0.2582,852.2516,0.00066639,5:76,542.1758
16:74,10,2783.6393,149.2027,640.6529,859.8637,0.3162,271.9128,0.00021261,2:216,149.2027
16:75,27,3384.9378,623.1698,1869.5232,2309.8243,0.1925,444.5259,0.00034758,39:29,623.1698
16:76,29,1161.6343,179.1925,397.8002,606.192,0.1857,112.567,8.802e-05,16:75,179.1925
16:77,19,12730.2042,476.7581,2353.0674,4698.4539,0.2294,1077.8992,0.00084283,35:1,476.7581
16:78,15,1333.4559,375.4063,936.6897,1002.9109,0.2582,258.9505,0.00020248,32:9,375.4063
16:79,18,8324.127,515.9067,2360.1696,3839.8198,0.2357,905.0542,0.00070768,27:86,515.9067
16:80,25,1220.1866,195.4746,466.3145,619.6637,0.2,123.9327,9.69e-05,16:72,195.4746
16:81,25,1036.3908,105.8422,378.6438,474.8808,0.2,94.9762,7.426e-05,16:72,105.8422
16:82,6,476.6708,164.749,321.9545,387.9057,0.4082,158.3619,0.00012383,3:20,164.749
16:83,7,268.7257,13.0821,65.4103,127.0047,0.378,48.0033,3.753e-05,2:231,13.0821
16:84,14,1501.4471,156.925,390.2847,511.8868,0.2673,136.8075,0.00010697,28:75,156.925
16:85,11,911.2315,70.2143,314.6799,426.7361,0.3015,128.6658,0.00010061,2:86,70.2143
16:86,19,304.9105,61.1171,120.5082,190.7841,0.2294,43.7689,3.422e-05,16:85,61.1171
16:87,10,2934.4828,352.2004,1719.9836,2047.5821,0.3162,647.5023,0.00050629,10:30,352.2004
16:88,13,4884.2867,550.0239,2252.5395,2490.2693,0.2774,690.6764,0.00054005,4:167,550.0239
16:89,24,958.5786,162.9164,406.0784,519.7026,0.2041,106.0838,8.295e-05,6:154,162.9164
16:90,16,1728.2849,61.1171,125.3273,179.0457,0.25,44.7614,3.5e-05,29:45,61.1171
16:91,20,3121.3346,132.7252,663.626,1065.6621,0.2236,238.2893,0.00018632,2:77,132.7252
16:92,32,2205.4445,64.8267,301.9145,475.3707,0.1768,84.0345,6.571e-05,3:55,64.8267
16:93,17,3905.3598,838.0243,2261.6405,2572.1346,0.2425,623.8343,0.00048779,5:48,838.0243
16:94,19,1563.4776,61.1171,230.9508,443.2428,0.2294,101.6869,7.951e-05,16:92,61.1171
16:95,15,4526.1848,330.7597,1653.7984,2366.8551,0.2582,611.1194,0.00047784,2:184,330.7597
16:96,15,2303.9109,378.5522,577.8184,792.7348,0.2582,204.6833,0.00016004,16:97,378.5522
16:97,18,3701.1926,1065.2533,2251.0257,2479.131,0.2357,584.3368,0.0004569,40:40,1065.2533
16:98,8,201.2213,59.4225,145.0904,201.2213,0.3536,71.1425,5.563e-05,3:36,59.4225
16:99,10,1949.4134,162.527,377.0026,486.909,0.3162,153.9741,0.00012039,42:36,162.527
16:100,9,418.319,15.2793,62.5196,121.57,0.3333,40.5233,3.169e-05,28:52,15.2793
16:101,17,2152.8394,138.7432,693.716,961.5302,0.2425,233.2053,0.00018235,16:75,138.7432
16:102,13,1695.8824,56.2037,114.5514,166.3805,0.2774,46.1456,3.608e-05,6:114,56.2037
16:103,16,30.5586,15.2793,30.5586,30.5586,0.25,7.6396,5.97e-06,26:195,15.2793
16:104,12,4058.7087,376.6229,768.2065,1039.8598,0.2887,300.1817,0.00023472,16:105,376.6229
16:105,11,1947.7322,376.6229,584.6663,807.8537,0.3015,243.5771,0.00019046,16:104,376.6229
16:106,24,2554.7096,55.2322,263.3647,408.2779,0.2041,83.3394,6.516e-05,9:68,55.2322
16:107,13,3902.8365,353.5879,949.4482,1614.1308,0.2774,447.6793,0.00035005,5:67,353.5879
16:108,11,1718.4107,610.8115,756.8682,823.4466,0.3015,248.2785,0.00019413,47:16,610.8115
16:109,7,1102.7263,617.6298,725.7811,793.1861,0.378,299.7962,0.00023442,11:22,617.6298
16:110,18,3384.4826,755.7879,1484.3206,1686.6188,0.2357,397.5399,0.00031084,16:119,755.7879
16:111,15,1472.8155,152.7326,599.076,854.1761,0.2582,220.5473,0.00017245,3:30,152.7326
16:112,24,1123.4695,57.4294,278.4964,348.4325,0.2041,71.1235,5.561e-05,16:76,57.4294
16:113,9,146.6629,15.2793,75.3748,146.6629,0.3333,48.8876,3.823e-05,29:14,15.2793
16:114,13,2485.1066,390.6946,813.2921,1045.8482,0.2774,290.0661,0.00022681,5:88,390.6946
16:115,22,7459.6943,1940.1986,5599.5737,6178.841,0.2132,1317.3333,0.00103004,2:173,1940.1986
16:116,22,3193.0516,1046.283,1748.9687,1930.2658,0.2132,411.534,0.00032178,10:69,1046.283
16:117,5,898.8017,46.015,230.0748,460.1496,0.4472,205.7852,0.00016091,2:10,46.015
16:118,15,2303.076,164.0761,765.0856,1319.0339,0.2582,340.5731,0.0002663,6:146,164.0761
16:119,19,3763.6654,755.7879,2206.6826,2429.1888,0.2294,557.2941,0.00043576,16:110,755.7879
16:120,11,231.8194,15.2793,68.0787,126.5575,0.3015,38.1585,2.984e-05,19:67,15.2793
16:121,7,693.4255,47.6237,238.1185,476.237,0.378,180.0007,0.00014075,2:142,47.6237
16:122,9,1419.2234,388.9324,907.1144,1016.0177,0.3333,338.6726,0.00026481,2:130,388.9324
16:123,12,3119.0772,795.7887,2148.0204,2270.7603,0.2887,655.512,0.00051255,3:95,795.7887
16:124,17,4290.8146,769.3058,3136.7433,3319.0809,0.2425,804.9954,0.00062944,2:113,769.3058
16:125,22,4771.7168,1679.3718,3871.6711,4149.3993,0.2132,884.6549,0.00069172,68:7,1679.3718
16:126,12,58.0522,15.2793,58.0522,58.0522,0.2887,16.7582,1.31e-05,22:58,15.2793
16:127,14,671.157,329.3756,431.1838,502.465,0.2673,134.2894,0.000105,27:70,329.3756
16:128,8,2082.5719,46.9692,234.8459,303.7355,0.3536,107.3867,8.397e-05,2:153,46.9692
17:1,21,861.936,155.5836,364.3329,509.6004,0.2182,111.2039,8.695e-05,40:56,155.5836
17:2,12,413.0163,179.3666,283.7845,349.6127,0.2887,100.9245,7.891e-05,32:23,179.3666
17:3,9,413.4518,61.1171,116.4128,169.4555,0.3333,56.4852,4.417e-05,19:58,61.1171
17:4,13,1704.2602,56.65,121.5245,182.5165,0.2774,50.621,3.958e-05,3:49,56.65
17:5,17,341.9964,60.0955,240.1919,304.4763,0.2425,73.8464,5.774e-05,48:16,60.0955
17:6,11,15.2793,15.2793,15.2793,15.2793,0.3015,4.6069,3.6e-06,71:12,15.2793
17:7,23,463.3114,162.2346,298.5365,362.8932,0.2085,75.6685,5.917e-05,17:104,162.2346
17:8,11,159.0748,58.0048,159.0748,159.0748,0.3015,47.9628,3.75e-05,7:129,58.0048
17:9,16,1778.0246,1079.7552,1227.8633,1294.8954,0.25,323.7239,0.00025312,18:2,1079.7552
17:10,9,2502.2069,361.5533,925.5168,1436.5565,0.3333,478.8522,0.00037442,23:74,361.5533
17:11,8,42.7729,14.2576,42.7729,42.7729,0.3536,15.1225,1.182e-05,17:67,14.2576
17:12,23,745.9161,61.1171,158.6036,226.3425,0.2085,47.1957,3.69e-05,10:5,61.1171
17:13,13,546.0309,9.2548,46.2738,92.5476,0.2774,25.6681,2.007e-05,2:113,9.2548
17:14,7,0,0.0,0,0,0.378,0.0,0.0,,0.0
17:15,21,3882.2332,1274.7872,3220.8104,3780.7874,0.2182,825.0355,0.00064511,10:108,1274.7872
17:16,14,15.2793,15.2793,15.2793,15.2793,0.2673,4.0836,3.19e-06,21:17,15.2793
17:17,13,1154.6014,61.1171,259.5597,332.2684,0.2774,92.1547,7.206e-05,25:58,61.1171
17:18,18,529.9809,53.164,227.9353,301.2668,0.2357,71.0093,5.552e-05,4:134,53.164
17:19,12,168.1293,57.4294,154.8117,168.1293,0.2887,48.5347,3.795e-05,4:124,57.4294
17:20,12,538.9535,13.5847,67.9234,115.9877,0.2887,33.4828,2.618e-05,2:149,13.5847
17:21,11,694.5738,157.2648,358.5039,535.5974,0.3015,161.4887,0.00012627,2:253,157.2648
17:22,9,1436.0476,369.7127,931.8066,1376.9972,0.3333,458.9991,0.0003589,17:39,369.7127
17:23,25,400.41,161.6433,342.7136,400.41,0.2,80.082,6.262e-05,12:40,161.6433
17:24,12,67.9234,13.5847,67.9234,67.9234,0.2887,19.6078,1.533e-05,17:80,13.5847
17:25,12,368.107,56.7475,156.5603,218.8014,0.2887,63.1625,4.939e-05,18:19,56.7475
17:26,10,860.6783,619.1697,834.5142,860.6783,0.3162,272.1704,0.00021281,30:38,619.1697
17:27,9,15.2793,15.2793,15.2793,15.2793,0.3333,5.0931,3.98e-06,25:29,15.2793
17:28,12,643.1393,49.8818,249.409,315.8567,0.2887,91.18,7.129e-05,17:87,49.8818
17:29,13,29.4078,14.7039,29.4078,29.4078,0.2774,8.1563,6.38e-06,17:39,14.7039
17:30,12,3474.4865,573.158,1996.5043,2775.7722,0.2887,801.2964,0.00062655,42:12,573.158
17:31,13,133.2979,75.3748,133.2979,133.2979,0.2774,36.9702,2.891e-05,6:151,75.3748
17:32,8,411.5375,71.7257,125.1071,178.1498,0.3536,62.9855,4.925e-05,4:22,71.7257
17:33,22,2328.8322,1053.9494,1695.358,1763.2411,0.2132,375.9243,0.00029394,6:151,1053.9494
17:34,17,2378.0324,1988.47,2307.6842,2378.0324,0.2425,576.7576,0.00045098,6:152,1988.47
17:35,11,284.7612,166.6858,270.8682,284.7612,0.3015,85.8587,6.713e-05,4:59,166.6858
17:36,16,1385.1531,366.4306,1150.3959,1229.7939,0.25,307.4485,0.0002404,11:46,366.4306
17:37,13,1655.6821,389.1753,454.4207,490.3866,0.2774,136.0088,0.00010635,31:18,389.1753
17:38,7,129.4058,27.96,78.6829,129.4058,0.378,48.9108,3.824e-05,43:35,27.96
17:39,18,1704.8591,369.7127,931.8066,1382.7849,0.2357,325.9255,0.00025485,17:22,369.7127
17:40,11,70.8512,15.2793,70.8512,70.8512,0.3015,21.3625,1.67e-05,37:150,15.2793
17:41,10,716.6841,389.0,579.2764,644.3216,0.3162,203.7524,0.00015932,18:54,389.0
17:42,13,260.8544,55.8075,168.5733,234.6903,0.2774,65.0914,5.09e-05,17:95,55.8075
17:43,6,314.2347,54.0717,270.3585,314.2347,0.4082,128.2858,0.00010031,6:100,54.0717
17:44,21,1299.0911,163.4014,456.6751,527.5264,0.2182,115.1157,9.001e-05,35:41,163.4014
17:45,12,1820.1625,134.3257,671.6286,1082.0845,0.2887,312.3709,0.00024425,6:113,134.3257
17:46,19,2479.9567,1270.6621,2357.9728,2418.9647,0.2294,554.9486,0.00043392,6:25,1270.6621
17:47,19,1104.1449,624.1492,858.9024,931.8693,0.2294,213.7855,0.00016716,25:8,624.1492
17:48,9,452.7321,332.5607,387.3218,452.7321,0.3333,150.9107,0.000118,25:9,332.5607
17:49,9,1451.1181,1308.9444,1409.4391,1451.1181,0.3333,483.706,0.00037822,17:98,1308.9444
17:50,5,0,0.0,0,0,0.4472,0.0,0.0,,0.0
17:51,25,635.0094,161.9516,260.7427,327.3286,0.2,65.4657,5.119e-05,27:72,161.9516
17:52,9,507.4161,159.8266,296.1285,351.7305,0.3333,117.2435,9.167e-05,23:114,159.8266
17:53,16,312.1332,59.1555,162.1872,231.6521,0.25,57.913,4.528e-05,16:125,59.1555
17:54,14,285.0504,15.2793,74.6703,147.2974,0.2673,39.3669,3.078e-05,53:32,15.2793
17:55,15,2617.1762,61.1171,212.5133,401.7586,0.2582,103.7336,8.111e-05,4:163,61.1171
17:56,13,895.8932,395.2181,500.1298,559.2491,0.2774,155.1078,0.00012128,34:22,395.2181
17:57,18,524.6036,59.9664,131.5559,199.2122,0.2357,46.9548,3.671e-05,52:7,59.9664
17:58,18,1514.7364,392.7942,535.2034,602.9423,0.2357,142.1149,0.00011112,33:6,392.7942
17:59,21,605.9973,15.2793,69.2212,115.495,0.2182,25.2031,1.971e-05,7:103,15.2793
17:60,25,443.9344,29.5369,89.6324,158.2288,0.2,31.6458,2.474e-05,74:31,29.5369
17:61,13,3803.1076,990.6236,3762.8877,3803.1076,0.2774,1054.7923,0.00082476,2:34,990.6236
17:62,15,1398.5284,45.0684,225.3419,450.6838,0.2582,116.3661,9.099e-05,3:55,45.0684
17:63,10,29.4078,14.7039,29.4078,29.4078,0.3162,9.2996,7.27e-06,7:18,14.7039
17:64,19,513.3658,395.2181,499.1081,513.3658,0.2294,117.7742,9.209e-05,4:120,395.2181
17:65,9,720.485,624.489,680.5321,720.485,0.3333,240.1617,0.00018779,15:42,624.489
17:66,14,969.5753,60.5418,254.8836,323.6885,0.2673,86.5094,6.764e-05,4:29,60.5418
17:67,18,267.9599,15.2793,74.6703,144.4938,0.2357,34.0575,2.663e-05,9:114,15.2793
17:68,15,520.7968,164.1803,315.8224,372.7597,0.2582,96.2462,7.526e-05,17:69,164.1803
17:69,22,429.1211,164.1803,224.1467,281.084,0.2132,59.9273,4.686e-05,17:68,164.1803
17:70,17,743.0566,393.5736,619.2746,689.7861,0.2425,167.2977,0.00013081,45:16,393.5736
17:71,15,261.8141,60.0955,205.5128,261.8141,0.2582,67.6001,5.286e-05,4:49,60.0955
17:72,11,601.8063,57.1323,126.7512,193.1511,0.3015,58.2373,4.554e-05,43:40,57.1323
17:73,13,175.2436,58.5186,111.84,175.2436,0.2774,48.6038,3.8e-05,13:30,58.5186
17:74,9,42.7729,14.2576,42.7729,42.7729,0.3333,14.2576,1.115e-05,28:47,14.2576
17:75,12,383.2832,163.6049,212.4713,269.4086,0.2887,77.7716,6.081e-05,17:86,163.6049
17:76,13,421.5881,26.3997,78.2742,139.2661,0.2774,38.6255,3.02e-05,33:16,26.3997
17:77,11,204.2863,59.4225,163.5322,204.2863,0.3015,61.5946,4.816e-05,43:45,59.4225
17:78,14,15.2793,15.2793,15.2793,15.2793,0.2673,4.0836,3.19e-06,31:17,15.2793
17:79,12,134.3473,14.2576,68.937,134.3473,0.2887,38.7827,3.032e-05,50:40,14.2576
17:80,14,303.9762,56.3102,155.6128,223.5363,0.2673,59.7426,4.671e-05,3:38,56.3102
17:81,9,29.4078,14.7039,29.4078,29.4078,0.3333,9.8026,7.66e-06,9:48,14.7039
17:82,13,118.7821,29.9832,89.3743,118.7821,0.2774,32.9442,2.576e-05,35:39,29.9832
17:83,12,1598.9585,1541.0354,1598.9585,1598.9585,0.2887,461.5796,0.00036092,41:51,1541.0354
17:84,11,136.2615,15.2793,70.8512,136.2615,0.3015,41.0844,3.212e-05,28:49,15.2793
17:85,14,553.1714,60.5418,119.6973,189.1622,0.2673,50.5557,3.953e-05,28:60,60.5418
17:86,13,568.2609,163.6049,221.3741,287.2023,0.2774,79.6556,6.228e-05,17:75,163.6049
17:87,9,834.3106,155.8151,374.1709,480.354,0.3333,160.118,0.0001252,28:86,155.8151
17:88,19,552.5231,60.5418,121.0835,189.007,0.2294,43.3612,3.39e-05,72:5,60.5418
17:89,14,2942.2393,811.1983,2203.7572,2275.265,0.2673,608.0901,0.00047547,30:58,811.1983
17:90,10,487.1241,166.6858,223.8797,289.258,0.3162,91.4714,7.152e-05,2:55,166.6858
17:91,11,118.0186,60.0955,118.0186,118.0186,0.3015,35.5839,2.782e-05,2:266,60.0955
17:92,12,15.2793,15.2793,15.2793,15.2793,0.2887,4.4107,3.45e-06,26:187,15.2793
17:93,26,258.1069,15.2793,72.7048,130.6429,0.1961,25.6212,2.003e-05,11:27,15.2793
17:94,15,2121.685,1089.0775,1294.4456,1509.4331,0.2582,389.7339,0.00030474,18:55,1089.0775
17:95,14,2197.4714,55.8075,207.3388,291.369,0.2673,77.8716,6.089e-05,17:42,55.8075
17:96,11,1548.5256,619.0339,1155.2746,1224.3173,0.3015,369.1455,0.00028864,13:43,619.0339
17:97,27,2457.8048,1076.8033,1259.1468,1345.998,0.1925,259.0374,0.00020255,18:17,1076.8033
17:98,14,1511.0845,1308.9444,1412.2117,1483.2985,0.2673,396.4282,0.00030997,17:49,1308.9444
17:99,23,7974.1383,995.421,2334.9505,3347.3623,0.2085,697.9733,0.00054576,46:33,995.421
17:100,14,137.9579,15.2793,71.3698,137.9579,0.2673,36.8708,2.883e-05,38:9,15.2793
17:101,18,974.6446,60.4515,259.009,480.3099,0.2357,113.2101,8.852e-05,40:53,60.4515
17:102,15,1804.3437,58.8157,252.3092,476.7723,0.2582,123.1021,9.626e-05,11:79,58.8157
17:103,9,201.9527,13.893,67.7704,128.7623,0.3333,42.9208,3.356e-05,7:131,13.893
17:104,14,637.9227,162.2346,301.9661,368.6584,0.2673,98.5281,7.704e-05,17:7,162.2346
17:105,9,520.0349,392.8102,520.0349,520.0349,0.3333,173.345,0.00013554,25:56,392.8102
17:106,9,143.5343,14.7039,67.45,130.8536,0.3333,43.6179,3.411e-05,2:96,14.7039
17:107,18,1489.2684,50.5453,252.7267,375.2989,0.2357,88.4588,6.917e-05,16:27,50.5453
17:108,8,227.5483,15.2793,65.3215,123.2596,0.3536,43.5789,3.407e-05,68:32,15.2793
17:109,5,0,0.0,0,0,0.4472,0.0,0.0,,0.0
17:110,22,291.1952,59.1555,116.186,184.6542,0.2132,39.3684,3.078e-05,4:150,59.1555
17:111,21,1899.8673,1079.5759,1291.5987,1536.611,0.2182,335.316,0.00026219,25:2,1079.5759
18:1,11,829.9747,49.0025,245.0124,455.7262,0.3015,137.4066,0.00010744,6:1,49.0025
18:2,15,1262.3257,1079.7552,1182.2115,1249.2436,0.2582,322.5533,0.00025221,17:9,1079.7552
18:3,3,15.2793,15.2793,15.2793,15.2793,0.5774,8.8215,6.9e-06,9:108,15.2793
18:4,6,373.7641,165.3244,262.6446,324.3777,0.4082,132.4266,0.00010355,10:68,165.3244
18:5,16,1043.1031,382.4106,593.9764,665.8741,0.25,166.4685,0.00013016,4:157,382.4106
18:6,11,196.8269,15.2793,73.3315,142.4881,0.3015,42.9618,3.359e-05,68:44,15.2793
18:7,11,196.2421,14.2576,71.2882,141.9034,0.3015,42.7855,3.345e-05,4:25,14.2576
18:8,6,0,0.0,0,0,0.4082,0.0,0.0,,0.0
18:9,10,125.9756,15.2793,71.6369,125.9756,0.3162,39.837,3.115e-05,36:55,15.2793
18:10,16,320.2348,72.2939,143.437,215.8374,0.25,53.9594,4.219e-05,3:8,72.2939
18:11,7,0,0.0,0,0,0.378,0.0,0.0,,0.0
18:12,9,0,0.0,0,0,0.3333,0.0,0.0,,0.0
18:13,11,101.4098,59.7308,101.4098,101.4098,0.3015,30.5762,2.391e-05,12:3,59.7308
18:14,19,1982.8287,55.094,234.6644,459.1275,0.2294,105.3311,8.236e-05,13:16,55.094
18:15,18,6570.2359,730.5143,3228.8802,4880.5531,0.2357,1150.3574,0.00089948,6:144,730.5143
18:16,19,811.2804,60.5418,120.5082,187.59,0.2294,43.0361,3.365e-05,26:166,60.5418
18:17,34,2789.1082,1076.8033,1550.7874,1712.6457,0.1715,293.7163,0.00022966,17:97,1076.8033
18:18,22,15.2793,15.2793,15.2793,15.2793,0.2132,3.2576,2.55e-06,18:17,15.2793
18:19,38,1196.7519,620.1217,956.2437,1024.4763,0.1622,166.192,0.00012995,23:113,620.1217
18:20,13,44.6871,15.2793,44.6871,44.6871,0.2774,12.394,9.69e-06,18:57,15.2793
18:21,32,1910.1229,192.0115,740.7243,1358.9743,0.1768,240.235,0.00018784,45:32,192.0115
18:22,33,161.9422,60.0955,119.1693,161.9422,0.1741,28.1905,2.204e-05,28:85,60.0955
18:23,7,0,0.0,0,0,0.378,0.0,0.0,,0.0
18:24,17,1606.1487,141.0874,705.4371,939.7126,0.2425,227.9138,0.00017821,6:111,141.0874
18:25,8,0,0.0,0,0,0.3536,0.0,0.0,,0.0
18:26,23,3637.5443,384.803,759.7775,1031.0055,0.2085,214.9795,0.0001681,32:4,384.803
18:27,15,1079.9179,171.3486,459.8536,529.3186,0.2582,136.6695,0.00010686,6:106,171.3486
18:28,30,1745.5369,853.37,1038.8371,1112.3567,0.1826,203.0876,0.0001588,6:52,853.37
18:29,28,780.7139,158.0283,255.6776,321.7121,0.189,60.7979,4.754e-05,10:108,158.0283
18:30,12,8006.3102,291.3401,1456.7004,2788.982,0.2887,805.1098,0.00062953,2:277,291.3401
18:31,28,3293.4478,837.8834,1926.6941,2373.5344,0.189,448.5558,0.00035073,22:23,837.8834
18:32,14,105.8043,60.5418,105.8043,105.8043,0.2673,28.2774,2.211e-05,36:13,60.5418
18:33,11,29.4078,14.7039,29.4078,29.4078,0.3015,8.8668,6.93e-06,2:282,14.7039
18:34,13,30.5586,15.2793,30.5586,30.5586,0.2774,8.4754,6.63e-06,18:39,15.2793
18:35,12,70.8512,15.2793,70.8512,70.8512,0.2887,20.453,1.599e-05,35:32,15.2793
18:36,12,468.1126,411.1544,468.1126,468.1126,0.2887,135.1325,0.00010566,41:50,411.1544
18:37,16,1997.6916,580.4849,1863.7169,1933.3349,0.25,483.3337,0.00037793,22:5,580.4849
18:38,8,310.3029,61.1171,163.809,230.3971,0.3536,81.4577,6.369e-05,18:42,61.1171
18:39,19,1182.4927,51.6801,221.9998,295.8592,0.2294,67.8748,5.307e-05,6:128,51.6801
18:40,15,529.0822,15.2793,67.665,115.7293,0.2582,29.8812,2.336e-05,25:10,15.2793
18:41,8,0,0.0,0,0,0.3536,0.0,0.0,,0.0
18:42,19,643.0546,165.7707,311.3486,363.1777,0.2294,83.3187,6.515e-05,2:259,165.7707
18:43,11,4136.6132,818.2925,1023.3319,1219.8791,0.3015,367.8074,0.00028759,28:81,818.2925
18:44,9,84.9798,14.7039,71.0868,84.9798,0.3333,28.3266,2.215e-05,18:46,14.7039
18:45,23,7796.182,1760.1307,3042.7592,3626.3717,0.2085,756.1508,0.00059125,10:24,1760.1307
18:46,13,1560.4845,852.466,956.8787,1020.2823,0.2774,282.9754,0.00022126,19:76,852.466
18:47,11,30.5586,15.2793,30.5586,30.5586,0.3015,9.2138,7.2e-06,22:5,15.2793
18:48,16,285.1714,165.6642,220.8147,285.1714,0.25,71.2928,5.574e-05,6:94,165.6642
18:49,27,242.8019,61.1171,120.5397,188.4631,0.1925,36.2697,2.836e-05,9:121,61.1171
18:50,26,4392.8334,990.6236,3764.0069,3835.0684,0.1961,752.1188,0.00058809,2:34,990.6236
18:51,13,2085.7925,53.5187,212.8738,412.0677,0.2774,114.287,8.936e-05,2:255,53.5187
18:52,13,284.1765,168.0721,227.146,284.1765,0.2774,78.8164,6.163e-05,28:64,168.0721
18:53,10,0,0.0,0,0,0.3162,0.0,0.0,,0.0
18:54,14,1256.2489,389.0,737.8914,806.3094,0.2673,215.4952,0.0001685,17:41,389.0
18:55,19,2120.4607,1089.0775,1277.0508,1374.8554,0.2294,315.4135,0.00024663,17:94,1089.0775
18:56,18,1862.2216,624.2783,837.0375,888.7312,0.2357,209.4759,0.00016379,6:48,624.2783
18:57,30,3716.9172,1270.6621,3037.7146,3290.4414,0.1826,600.7497,0.00046974,6:25,1270.6621
18:58,19,453.3787,15.2793,72.2375,126.9359,0.2294,29.1211,2.277e-05,6:133,15.2793
18:59,8,15.2793,15.2793,15.2793,15.2793,0.3536,5.402,4.22e-06,10:13,15.2793
18:60,13,427.1246,51.6602,258.3009,320.8339,0.2774,88.9833,6.958e-05,2:54,51.6602
18:61,11,181.6506,58.1845,107.5709,169.304,0.3015,51.0471,3.991e-05,18:63,58.1845
18:62,12,0,0.0,0,0,0.2887,0.0,0.0,,0.0
18:63,20,237.2225,58.1845,113.7564,175.4895,0.2236,39.2406,3.068e-05,18:61,58.1845
18:64,9,73.3315,15.2793,73.3315,73.3315,0.3333,24.4438,1.911e-05,50:19,15.2793
18:65,12,428.327,56.2228,110.5616,177.4168,0.2887,51.2158,4.005e-05,21:84,56.2228
18:66,11,320.4921,59.4225,113.7613,171.1865,0.3015,51.6147,4.036e-05,28:18,59.4225
18:67,6,807.3768,381.8556,807.3768,807.3768,0.4082,329.6102,0.00025773,18:72,381.8556
18:68,8,619.5508,61.1171,106.667,163.6043,0.3536,57.8429,4.523e-05,27:22,61.1171
18:69,10,747.8833,153.4156,458.2958,520.8292,0.3162,164.7007,0.00012878,28:27,153.4156
18:70,12,87.46,15.2793,73.2024,87.46,0.2887,25.2475,1.974e-05,18:83,15.2793
18:71,15,605.9017,112.9286,245.8596,295.8654,0.2582,76.3921,5.973e-05,18:74,112.9286
18:72,8,974.6586,438.1569,946.8727,974.6586,0.3536,344.5939,0.00026944,18:75,438.1569
18:73,10,102.9707,12.8713,64.3567,102.9707,0.3162,32.5622,2.546e-05,2:124,12.8713
18:74,16,621.181,112.9286,251.1377,301.1435,0.25,75.2859,5.887e-05,18:71,112.9286
18:75,9,974.6586,438.1569,946.8727,974.6586,0.3333,324.8862,0.00025403,18:72,438.1569
18:76,13,136.2615,15.2793,70.8512,136.2615,0.2774,37.7922,2.955e-05,19:8,15.2793
18:77,24,641.5075,54.1129,153.0421,221.5102,0.2041,45.2156,3.535e-05,18:71,54.1129
18:78,12,352.6234,26.6667,82.2387,147.649,0.2887,42.6226,3.333e-05,18:82,26.6667
18:79,17,135.8127,12.3466,61.7331,123.4661,0.2425,29.9449,2.341e-05,2:164,12.3466
18:80,10,29.4078,14.7039,29.4078,29.4078,0.3162,9.2996,7.27e-06,5:64,14.7039
18:81,9,0,0.0,0,0,0.3333,0.0,0.0,,0.0
18:82,35,1067.35,63.7748,267.9293,396.5226,0.169,67.0246,5.241e-05,17:87,63.7748
18:83,9,70.8512,15.2793,70.8512,70.8512,0.3333,23.6171,1.847e-05,18:70,15.2793
18:84,10,2513.4433,60.0372,216.6868,295.4918,0.3162,93.4427,7.306e-05,7:145,60.0372
18:85,2,0,0.0,0,0,0.7071,0.0,0.0,,0.0
18:86,24,643.9039,68.0534,230.7953,293.8629,0.2041,59.9845,4.69e-05,18:90,68.0534
18:87,13,144.9462,15.2793,74.6703,144.9462,0.2774,40.2008,3.143e-05,65:8,15.2793
18:88,13,836.0538,160.9749,282.8461,350.8205,0.2774,97.3001,7.608e-05,34:37,160.9749
18:89,3,61.1171,61.1171,61.1171,61.1171,0.5774,35.286,2.759e-05,18:92,61.1171
18:90,15,960.255,68.0534,203.5847,273.8606,0.2582,70.7105,5.529e-05,18:86,68.0534
18:91,6,0,0.0,0,0,0.4082,0.0,0.0,,0.0
18:92,3,61.1171,61.1171,61.1171,61.1171,0.5774,35.286,2.759e-05,18:89,61.1171
18:93,13,589.4826,61.1171,229.4405,279.4464,0.2774,77.5045,6.06e-05,4:78,61.1171
18:94,19,1452.9371,15.2793,65.0137,122.4389,0.2294,28.0894,2.196e-05,21:96,15.2793
18:95,12,98.3449,14.2576,70.5589,98.3449,0.2887,28.3897,2.22e-05,4:90,14.2576
18:96,19,415.3261,15.2793,55.284,105.2898,0.2294,24.1551,1.889e-05,28:29,15.2793
18:97,8,0,0.0,0,0,0.3536,0.0,0.0,,0.0
18:98,15,575.9578,55.2796,206.7823,273.3704,0.2582,70.5839,5.519e-05,17:5,55.2796
18:99,11,257.7245,55.4536,194.3209,257.7245,0.3015,77.7068,6.076e-05,36:51,55.4536
18:100,5,0,0.0,0,0,0.4472,0.0,0.0,,0.0
18:101,11,83.2027,15.2793,69.618,83.2027,0.3015,25.0866,1.962e-05,20:124,15.2793
18:102,14,1439.3629,45.5942,227.9712,425.6275,0.2673,113.7537,8.895e-05,4:101,45.5942
18:103,5,102.9707,12.8713,64.3567,102.9707,0.4472,46.0499,3.601e-05,5:60,12.8713
18:104,11,1235.8208,54.5173,228.9665,447.0281,0.3015,134.784,0.00010539,30:7,54.5173
18:105,14,2088.181,57.7279,230.8403,302.16,0.2673,80.7556,6.314e-05,45:11,57.7279
18:106,9,45.8379,15.2793,45.8379,45.8379,0.3333,15.2793,1.195e-05,18:56,15.2793
18:107,10,7885.4581,304.2114,1482.443,2767.6347,0.3162,875.2029,0.00068433,31:8,304.2114
18:108,6,506.3129,53.3502,144.5357,194.7826,0.4082,79.5196,6.218e-05,2:162,53.3502
18:109,18,563.8571,55.8075,164.65,230.2959,0.2357,54.2813,4.244e-05,17:42,55.8075
18:110,24,3059.7347,1734.7159,2513.4824,2619.2282,0.2041,534.6477,0.00041805,41:6,1734.7159
19:1,1,0,0.0,0,0,1.0,0.0,0.0,,0.0
19:2,5,15.2793,15.2793,15.2793,15.2793,0.4472,6.8331,5.34e-06,43:32,15.2793
19:3,5,196.2421,56.3576,196.2421,196.2421,0.4472,87.7622,6.862e-05,21:83,56.3576
19:4,14,687.7151,48.2866,241.4329,410.4135,0.2673,109.6876,8.577e-05,3:40,48.2866
19:5,13,313.5999,61.1171,246.7447,313.5999,0.2774,86.977,6.801e-05,19:8,61.1171
19:6,8,70.8512,15.2793,70.8512,70.8512,0.3536,25.0497,1.959e-05,12:6,15.2793
19:7,12,1223.5681,61.1171,196.0122,258.3964,0.2887,74.5926,5.833e-05,15:53,61.1171
19:8,14,1673.3918,600.7079,1024.6923,1266.1252,0.2673,338.3862,0.00026459,3:40,600.7079
19:9,14,1963.0556,846.514,986.2456,1055.4022,0.2673,282.0681,0.00022055,19:21,846.514
19:10,13,1894.5389,1536.8149,1590.5176,1642.9351,0.2774,455.6682,0.00035629,3:41,1536.8149
19:11,11,180.2865,60.0955,166.0288,180.2865,0.3015,54.3584,4.25e-05,36:28,60.0955
19:12,7,0,0.0,0,0,0.378,0.0,0.0,,0.0
19:13,6,67.9234,13.5847,67.9234,67.9234,0.4082,27.7296,2.168e-05,4:67,13.5847
19:14,6,67.9234,13.5847,67.9234,67.9234,0.4082,27.7296,2.168e-05,17:111,13.5847
19:15,9,0,0.0,0,0,0.3333,0.0,0.0,,0.0
19:16,10,355.8695,53.8774,229.7671,294.8775,0.3162,93.2485,7.291e-05,19:41,53.8774
19:17,11,42.7729,14.2576,42.7729,42.7729,0.3015,12.8965,1.008e-05,8:60,14.2576
19:18,8,197.5972,15.2793,66.3526,126.0092,0.3536,44.551,3.484e-05,11:47,15.2793
19:19,9,175.0908,15.2793,68.5498,135.1379,0.3333,45.046,3.522e-05,26:16,15.2793
19:20,11,503.644,158.6121,462.8899,503.644,0.3015,151.8544,0.00011874,3:40,158.6121
19:21,15,1167.0678,846.514,947.2757,1016.4324,0.2582,262.4417,0.00020521,19:9,846.514
19:22,5,0,0.0,0,0,0.4472,0.0,0.0,,0.0
19:23,13,42.7729,14.2576,42.7729,42.7729,0.2774,11.8631,9.28e-06,11:49,14.2576
19:24,10,365.8013,15.2793,56.5172,108.0645,0.3162,34.173,2.672e-05,65:3,15.2793
19:25,8,0,0.0,0,0,0.3536,0.0,0.0,,0.0
19:26,18,15.2793,15.2793,15.2793,15.2793,0.2357,3.6014,2.82e-06,3:35,15.2793
19:27,10,117.6314,58.8157,117.6314,117.6314,0.3162,37.1983,2.909e-05,18:71,58.8157
19:28,11,253.8914,11.0388,55.1938,110.3876,0.3015,33.2831,2.602e-05,2:114,11.0388
19:29,10,380.8237,54.7243,109.4936,172.8972,0.3162,54.6749,4.275e-05,19:75,54.7243
19:30,8,140.3462,15.2793,65.3061,127.8395,0.3536,45.1981,3.534e-05,72:19,15.2793
19:31,11,204.185,15.2793,71.8565,138.7747,0.3015,41.8421,3.272e-05,19:55,15.2793
19:32,6,0,0.0,0,0,0.4082,0.0,0.0,,0.0
19:33,9,15.2793,15.2793,15.2793,15.2793,0.3333,5.0931,3.98e-06,20:47,15.2793
19:34,9,588.9152,49.8195,249.0977,428.5395,0.3333,142.8465,0.00011169,2:87,49.8195
19:35,16,3246.1752,1020.4933,2807.5728,2921.7249,0.25,730.4312,0.00057113,3:47,1020.4933
19:36,8,2283.6366,819.8719,1590.4741,1743.7336,0.3536,616.5029,0.00048205,3:51,819.8719
19:37,11,1342.6373,624.489,964.1516,1028.5083,0.3015,310.1069,0.00024248,43:65,624.489
19:38,11,721.3923,47.3719,236.8594,473.7188,0.3015,142.8316,0.00011168,6:74,47.3719
19:39,12,918.4346,58.4009,117.3457,185.942,0.2887,53.6768,4.197e-05,21:1,58.4009
19:40,8,84.9798,14.7039,71.0868,84.9798,0.3536,30.0449,2.349e-05,23:84,14.7039
19:41,8,773.537,217.2787,412.3263,473.3183,0.3536,167.3433,0.00013085,19:56,217.2787
19:42,15,772.6463,53.6577,202.4166,266.9592,0.2582,68.9286,5.39e-05,21:52,53.6577
19:43,13,440.8469,57.1938,159.0748,224.4851,0.2774,62.261,4.868e-05,2:120,57.1938
19:44,9,186.3896,59.1555,130.8177,186.3896,0.3333,62.1299,4.858e-05,17:53,59.1555
19:45,11,518.4571,51.763,258.8148,369.3934,0.3015,111.3763,8.709e-05,6:15,51.763
19:46,12,179.7979,57.1938,153.6338,179.7979,0.2887,51.9032,4.058e-05,26:116,57.1938
19:47,10,379.8282,14.7039,72.1807,125.2234,0.3162,39.5991,3.096e-05,11:69,14.7039
19:48,14,3302.5173,125.199,625.9952,1072.5209,0.2673,286.6433,0.00022413,6:56,125.199
19:49,14,3096.2698,371.0332,592.8684,770.1899,0.2673,205.8419,0.00016095,25:17,371.0332
19:50,9,376.3175,15.2793,70.5114,123.2366,0.3333,41.0789,3.212e-05,26:84,15.2793
19:51,10,681.8613,125.603,320.6506,381.6426,0.3162,120.686,9.437e-05,19:54,125.603
19:52,7,121.0835,60.5418,121.0835,121.0835,0.378,45.7653,3.578e-05,20:80,60.5418
19:53,7,406.1295,15.2793,71.3126,130.3076,0.378,49.2517,3.851e-05,25:35,15.2793
19:54,11,681.8613,125.603,320.6506,381.6426,0.3015,115.0696,8.997e-05,19:51,125.603
19:55,9,73.3315,15.2793,73.3315,73.3315,0.3333,24.4438,1.911e-05,33:69,15.2793
19:56,8,773.537,217.2787,412.3263,473.3183,0.3536,167.3433,0.00013085,19:41,217.2787
19:57,3,0,0.0,0,0,0.5774,0.0,0.0,,0.0
19:58,29,1434.9747,617.4729,763.2497,835.1474,0.1857,155.083,0.00012126,4:69,617.4729
19:59,11,339.9251,164.4886,211.2717,269.7505,0.3015,81.3328,6.36e-05,7:169,164.4886
19:60,12,1998.1946,398.3481,1400.5908,1514.4138,0.2887,437.1736,0.00034183,25:70,398.3481
19:61,11,551.8838,58.3445,117.4184,181.7028,0.3015,54.7855,4.284e-05,40:8,58.3445
19:62,11,423.4842,159.7199,360.0806,423.4842,0.3015,127.6853,9.984e-05,56:25,159.7199
19:63,9,363.6302,14.2576,68.1343,131.5379,0.3333,43.846,3.428e-05,13:35,14.2576
19:64,18,906.5223,53.7246,162.1375,228.7257,0.2357,53.9112,4.215e-05,11:117,53.7246
19:65,12,4383.7568,322.0094,1610.0468,2218.9533,0.2887,640.5567,0.00050086,26:24,322.0094
19:66,8,0,0.0,0,0,0.3536,0.0,0.0,,0.0
19:67,10,1039.3056,167.4968,299.1103,341.1669,0.3162,107.8864,8.436e-05,36:77,167.4968
19:68,8,0,0.0,0,0,0.3536,0.0,0.0,,0.0
19:69,10,383.7525,10.0988,50.4938,100.9875,0.3162,31.9351,2.497e-05,2:164,10.0988
19:70,8,0,0.0,0,0,0.3536,0.0,0.0,,0.0
19:71,9,193.4957,58.1338,116.2677,180.6244,0.3333,60.2081,4.708e-05,25:16,58.1338
19:72,8,106.8537,15.2793,67.6075,106.8537,0.3536,37.7785,2.954e-05,10:103,15.2793
19:73,16,4312.2007,1029.7034,2485.0691,3049.9934,0.25,762.4984,0.00059621,46:7,1029.7034
19:74,9,1283.3468,603.4574,1139.8022,1246.307,0.3333,415.4357,0.00032484,50:36,603.4574
19:75,25,1509.9547,406.2409,553.9536,626.1343,0.2,125.2269,9.792e-05,72:24,406.2409
19:76,13,1184.9775,852.466,905.2121,968.6157,0.2774,268.6457,0.00021006,18:46,852.466
19:77,8,45.8379,15.2793,45.8379,45.8379,0.3536,16.2061,1.267e-05,2:258,15.2793
19:78,7,183.3514,168.0721,183.3514,183.3514,0.378,69.3003,5.419e-05,19:87,168.0721
19:79,9,429.7805,15.2793,69.8047,132.7415,0.3333,44.2472,3.46e-05,3:181,15.2793
19:80,5,15.2793,15.2793,15.2793,15.2793,0.4472,6.8331,5.34e-06,19:79,15.2793
19:81,8,2937.3925,370.0115,511.8688,689.1903,0.3536,243.6656,0.00019053,36:74,370.0115
19:82,6,0,0.0,0,0,0.4082,0.0,0.0,,0.0
19:83,9,548.7276,15.2793,66.7646,130.9307,0.3333,43.6436,3.413e-05,2:102,15.2793
19:84,7,0,0.0,0,0,0.378,0.0,0.0,,0.0
19:85,6,0,0.0,0,0,0.4082,0.0,0.0,,0.0
19:86,5,55.572,13.893,55.572,55.572,0.4472,24.8525,1.943e-05,3:12,13.893
19:87,9,793.5566,168.0721,305.2559,373.1794,0.3333,124.3931,9.726e-05,19:78,168.0721
19:88,4,182.2007,167.4968,182.2007,182.2007,0.5,91.1003,7.123e-05,21:26,167.4968
19:89,4,0,0.0,0,0,0.5,0.0,0.0,,0.0
19:90,9,61.1171,61.1171,61.1171,61.1171,0.3333,20.3724,1.593e-05,42:5,61.1171
19:91,4,0,0.0,0,0,0.5,0.0,0.0,,0.0
19:92,6,145.5122,59.0738,116.9969,145.5122,0.4082,59.4051,4.645e-05,39:4,59.0738
19:93,10,3400.6449,141.3744,646.4063,1125.3584,0.3162,355.8696,0.00027826,10:55,141.3744
19:94,4,0,0.0,0,0,0.5,0.0,0.0,,0.0
19:95,5,546.0309,9.2548,46.2738,92.5476,0.4472,41.3886,3.236e-05,2:113,9.2548
19:96,9,7767.2081,291.3401,1456.7004,2729.0207,0.3333,909.6736,0.00071129,2:277,291.3401
19:97,10,61.1171,61.1171,61.1171,61.1171,0.3162,19.3269,1.511e-05,44:58,61.1171
19:98,14,1213.6554,374.2681,910.613,1019.5939,0.2673,272.4979,0.00021307,19:74,374.2681
20:1,1,0,0.0,0,0,1.0,0.0,0.0,,0.0
20:2,5,87.46,15.2793,73.2024,87.46,0.4472,39.1133,3.058e-05,2:159,15.2793
20:3,4,15.2793,15.2793,15.2793,15.2793,0.5,7.6396,5.97e-06,79:26,15.2793
20:4,6,45.8379,15.2793,45.8379,45.8379,0.4082,18.7132,1.463e-05,41:9,15.2793
20:5,4,91.5744,13.0821,65.4103,91.5744,0.5,45.7872,3.58e-05,7:54,13.0821
20:6,12,15601.1422,625.0157,3125.0786,5869.7387,0.2887,1694.4476,0.00132491,2:255,625.0157
20:7,7,15.2793,15.2793,15.2793,15.2793,0.378,5.775,4.52e-06,25:6,15.2793
20:8,8,5857.0543,535.3413,1759.9495,2729.7208,0.3536,965.102,0.00075463,28:70,535.3413
20:9,4,116.6891,59.7308,116.6891,116.6891,0.5,58.3445,4.562e-05,79:15,59.7308
20:10,18,1209.2669,1082.5277,1182.0975,1209.2669,0.2357,285.0269,0.00022287,28:29,1082.5277
20:11,4,61.1171,61.1171,61.1171,61.1171,0.5,30.5586,2.389e-05,28:30,61.1171
20:12,9,116.6891,61.1171,116.6891,116.6891,0.3333,38.8964,3.041e-05,79:16,61.1171
20:13,5,0,0.0,0,0,0.4472,0.0,0.0,,0.0
20:14,11,2910.8301,143.7902,669.3291,1305.5768,0.3015,393.6462,0.0003078,16:2,143.7902
20:15,10,435.5144,52.6651,225.9397,288.6869,0.3162,91.2908,7.138e-05,13:33,52.6651
20:16,10,145.5122,59.0738,116.9969,145.5122,0.3162,46.015,3.598e-05,10:40,59.0738
20:17,4,0,0.0,0,0,0.5,0.0,0.0,,0.0
20:18,13,15.2793,15.2793,15.2793,15.2793,0.2774,4.2377,3.31e-06,12:26,15.2793
20:19,3,0,0.0,0,0,0.5774,0.0,0.0,,0.0
20:20,5,102.9707,12.8713,64.3567,102.9707,0.4472,46.0499,3.601e-05,7:107,12.8713
20:21,7,15.2793,15.2793,15.2793,15.2793,0.378,5.775,4.52e-06,28:31,15.2793
20:22,11,777.9689,381.8556,777.9689,777.9689,0.3015,234.5665,0.00018341,27:12,381.8556
20:23,4,42.7729,14.2576,42.7729,42.7729,0.5,21.3864,1.672e-05,17:1,14.2576
20:24,5,683.0135,387.9806,585.4263,646.4183,0.4472,289.087,0.00022604,79:17,387.9806
20:25,5,324.9883,10.4835,52.4175,104.8349,0.4472,46.8836,3.666e-05,3:38,10.4835
20:26,3,0,0.0,0,0,0.5774,0.0,0.0,,0.0
20:27,4,0,0.0,0,0,0.5,0.0,0.0,,0.0
20:28,2,0,0.0,0,0,0.7071,0.0,0.0,,0.0
20:29,5,44.6871,15.2793,44.6871,44.6871,0.4472,19.9847,1.563e-05,11:45,15.2793
20:30,2,0,0.0,0,0,0.7071,0.0,0.0,,0.0
20:31,3,0,0.0,0,0,0.5774,0.0,0.0,,0.0
20:32,3,15.2793,15.2793,15.2793,15.2793,0.5774,8.8215,6.9e-06,27:32,15.2793
20:33,3,0,0.0,0,0,0.5774,0.0,0.0,,0.0
20:34,2,0,0.0,0,0,0.7071,0.0,0.0,,0.0
20:35,4,15.2793,15.2793,15.2793,15.2793,0.5,7.6396,5.97e-06,12:29,15.2793
20:36,5,55.572,13.893,55.572,55.572,0.4472,24.8525,1.943e-05,4:72,13.893
20:37,5,15.2793,15.2793,15.2793,15.2793,0.4472,6.8331,5.34e-06,37:114,15.2793
20:38,6,149.6266,15.2793,71.1342,136.5445,0.4082,55.7441,4.359e-05,20:40,15.2793
20:39,22,83.2027,15.2793,69.618,83.2027,0.2132,17.7389,1.387e-05,26:77,15.2793
20:40,34,795.0253,395.5668,589.5946,659.2126,0.1715,113.054,8.84e-05,28:13,395.5668
20:41,2,0,0.0,0,0,0.7071,0.0,0.0,,0.0
20:42,8,0,0.0,0,0,0.3536,0.0,0.0,,0.0
20:43,5,469.1035,158.7913,359.3179,420.3099,0.4472,187.9683,0.00014698,20:24,158.7913
20:44,8,15.2793,15.2793,15.2793,15.2793,0.3536,5.402,4.22e-06,20:109,15.2793
20:45,10,87.46,15.2793,73.2024,87.46,0.3162,27.6573,2.163e-05,7:23,15.2793
20:46,7,102.9707,12.8713,64.3567,102.9707,0.378,38.9193,3.043e-05,2:124,12.8713
20:47,21,922.8556,56.65,127.5575,197.8273,0.2182,43.1694,3.375e-05,26:17,56.65
20:48,10,193.8649,15.2793,70.3988,132.1318,0.3162,41.7838,3.267e-05,39:71,15.2793
20:49,4,0,0.0,0,0,0.5,0.0,0.0,,0.0
20:50,9,779.6628,53.8303,94.2377,137.0767,0.3333,45.6922,3.573e-05,32:7,53.8303
20:51,5,58.0522,15.2793,58.0522,58.0522,0.4472,25.9617,2.03e-05,28:43,15.2793
20:52,11,261.4388,60.5418,116.7139,177.016,0.3015,53.3723,4.173e-05,7:187,60.5418
20:53,19,3438.2052,432.2896,1604.2919,2043.9558,0.2294,468.9156,0.00036665,43:10,432.2896
20:54,9,4202.0542,573.1917,1034.746,1611.6888,0.3333,537.2296,0.00042007,20:128,573.1917
20:55,8,15.2793,15.2793,15.2793,15.2793,0.3536,5.402,4.22e-06,17:69,15.2793
20:56,6,0,0.0,0,0,0.4082,0.0,0.0,,0.0
20:57,7,29.4078,14.7039,29.4078,29.4078,0.378,11.1151,8.69e-06,14:13,14.7039
20:58,14,30.5586,15.2793,30.5586,30.5586,0.2673,8.1671,6.39e-06,16:35,15.2793
20:59,8,0,0.0,0,0,0.3536,0.0,0.0,,0.0
20:60,6,0,0.0,0,0,0.4082,0.0,0.0,,0.0
20:61,15,1400.9446,58.8157,276.3771,502.1808,0.2582,129.6625,0.00010139,20:111,58.8157
20:62,5,44.6871,15.2793,44.6871,44.6871,0.4472,19.9847,1.563e-05,21:3,15.2793
20:63,13,165.2206,14.7039,66.4477,128.1807,0.2774,35.5509,2.78e-05,7:110,14.7039
20:64,10,29.4078,14.7039,29.4078,29.4078,0.3162,9.2996,7.27e-06,8:48,14.7039
20:65,11,1207.1739,1081.173,1152.8351,1207.1739,0.3015,363.9766,0.0002846,7:115,1081.173
20:66,12,151.1262,15.2793,69.618,137.5415,0.2887,39.7048,3.105e-05,26:44,15.2793
20:67,5,15.2793,15.2793,15.2793,15.2793,0.4472,6.8331,5.34e-06,12:77,15.2793
20:68,6,253.2344,15.2793,67.6075,131.2505,0.4082,53.5828,4.19e-05,28:31,15.2793
20:69,16,635.0137,15.2793,69.0941,114.7328,0.25,28.6832,2.243e-05,11:16,15.2793
20:70,8,228.5698,56.6185,153.5296,216.0631,0.3536,76.3898,5.973e-05,7:121,56.6185
20:71,26,3027.1944,2381.4632,2724.9045,2777.0234,0.1961,544.6191,0.00042585,26:49,2381.4632
20:72,19,1179.1272,60.5418,236.2453,309.894,0.2294,71.0946,5.559e-05,5:19,60.5418
20:73,14,265.3835,14.2576,70.5589,134.1389,0.2673,35.8501,2.803e-05,3:54,14.2576
20:74,13,709.4302,394.9914,467.1473,537.5359,0.2774,149.0856,0.00011657,87:13,394.9914
20:75,10,29.4078,14.7039,29.4078,29.4078,0.3162,9.2996,7.27e-06,22:57,14.7039
20:76,12,11773.0749,906.3093,3409.3963,5688.8045,0.2887,1642.2164,0.00128407,98:8,906.3093
20:77,18,851.6616,391.2948,530.1111,597.6392,0.2357,140.8649,0.00011014,26:52,391.2948
20:78,8,15.2793,15.2793,15.2793,15.2793,0.3536,5.402,4.22e-06,10:90,15.2793
20:79,5,0,0.0,0,0,0.4472,0.0,0.0,,0.0
20:80,14,233.6941,60.5418,165.7707,233.6941,0.2673,62.4574,4.884e-05,2:57,60.5418
20:81,17,1253.2058,367.3186,1172.4989,1239.8882,0.2425,300.7171,0.00023514,2:57,367.3186
20:82,9,461.6651,157.9348,398.2615,461.6651,0.3333,153.8884,0.00012033,19:60,157.9348
20:83,5,0,0.0,0,0,0.4472,0.0,0.0,,0.0
20:84,9,0,0.0,0,0,0.3333,0.0,0.0,,0.0
20:85,9,42.7729,14.2576,42.7729,42.7729,0.3333,14.2576,1.115e-05,11:49,14.2576
20:86,26,1274.1255,624.489,699.1077,768.4685,0.1961,150.7091,0.00011784,7:150,624.489
20:87,15,67.9234,13.5847,67.9234,67.9234,0.2582,17.5378,1.371e-05,6:91,13.5847
20:88,12,183.3514,168.0721,183.3514,183.3514,0.2887,52.929,4.139e-05,7:148,168.0721
20:89,12,229.7285,56.6659,200.5562,229.7285,0.2887,66.3169,5.185e-05,5:76,56.6659
20:90,16,910.1143,15.2793,68.6007,132.0043,0.25,33.0011,2.58e-05,22:11,15.2793
20:91,9,42.7729,14.2576,42.7729,42.7729,0.3333,14.2576,1.115e-05,3:24,14.2576
20:92,7,29.4078,14.7039,29.4078,29.4078,0.378,11.1151,8.69e-06,7:12,14.7039
20:93,4,0,0.0,0,0,0.5,0.0,0.0,,0.0
20:94,18,310.5224,14.7039,61.8441,115.9046,0.2357,27.319,2.136e-05,20:97,14.7039
20:95,4,42.7729,14.2576,42.7729,42.7729,0.5,21.3864,1.672e-05,15:57,14.2576
20:96,16,83.2027,15.2793,69.618,83.2027,0.25,20.8007,1.626e-05,48:29,15.2793
20:97,28,359.531,15.2793,75.2457,143.1691,0.189,27.0564,2.116e-05,2:259,15.2793
20:98,12,5676.2312,551.5597,1474.1492,2049.6932,0.2887,591.6955,0.00046266,59:22,551.5597
20:99,13,489.0566,161.6433,259.7051,328.5535,0.2774,91.1243,7.125e-05,11:120,161.6433
20:100,8,546.0309,9.2548,46.2738,92.5476,0.3536,32.7205,2.558e-05,2:113,9.2548
20:101,7,591.8688,55.0926,92.1117,138.3855,0.378,52.3048,4.09e-05,18:105,55.0926
20:102,8,463.5793,158.3811,400.1757,463.5793,0.3536,163.9,0.00012816,6:73,158.3811
20:103,6,226.6636,57.0305,198.8776,226.6636,0.4082,92.535,7.235e-05,17:52,57.0305
20:104,12,682.7966,160.2729,399.5155,510.5209,0.2887,147.3747,0.00011523,50:45,160.2729
20:105,7,55.572,13.893,55.572,55.572,0.378,21.0042,1.642e-05,2:220,13.893
20:106,3,0,0.0,0,0,0.5774,0.0,0.0,,0.0
20:107,6,0,0.0,0,0,0.4082,0.0,0.0,,0.0
20:108,13,29.4078,14.7039,29.4078,29.4078,0.2774,8.1563,6.38e-06,27:81,14.7039
20:109,12,968.9509,390.6076,543.646,597.4548,0.2887,172.4703,0.00013486,78:38,390.6076
20:110,10,3397.0461,1011.7883,3059.6702,3123.3544,0.3162,987.6914,0.00077229,2:255,1011.7883
20:111,9,117.6314,58.8157,117.6314,117.6314,0.3333,39.2105,3.066e-05,20:61,58.8157
20:112,11,897.3193,622.1876,844.0488,897.3193,0.3015,270.5519,0.00021155,21:94,622.1876
20:113,14,263.5654,28.1506,86.0737,152.4459,0.2673,40.7429,3.186e-05,39:28,28.1506
20:114,17,1947.3905,166.4751,329.498,533.2767,0.2425,129.3386,0.00010113,23:116,166.4751
20:115,11,794.8371,14.7039,54.6418,96.6983,0.3015,29.1556,2.28e-05,2:37,14.7039
20:116,9,4074.6826,1218.0868,4034.1956,4074.6826,0.3333,1358.2275,0.00106202,2:34,1218.0868
20:117,12,438.8193,13.3176,66.5881,120.9244,0.2887,34.9079,2.729e-05,7:27,13.3176
20:118,7,125.9756,15.2793,71.6369,125.9756,0.378,47.6143,3.723e-05,73:7,15.2793
20:119,6,67.9234,13.5847,67.9234,67.9234,0.4082,27.7296,2.168e-05,20:74,13.5847
20:120,13,15.2793,15.2793,15.2793,15.2793,0.2774,4.2377,3.31e-06,2:33,15.2793
20:121,15,1084.8292,1084.8292,1084.8292,1084.8292,0.2582,280.1017,0.00021902,7:22,1084.8292
20:122,6,15.2793,15.2793,15.2793,15.2793,0.4082,6.2377,4.88e-06,2:37,15.2793
20:123,18,597.332,427.82,570.1626,597.332,0.2357,140.7925,0.00011009,2:38,427.82
20:124,12,633.4909,15.2793,73.2024,124.4791,0.2887,35.934,2.81e-05,18:101,15.2793
20:125,8,324.9883,10.4835,52.4175,104.8349,0.3536,37.0647,2.898e-05,3:38,10.4835
20:126,8,55.572,13.893,55.572,55.572,0.3536,19.6477,1.536e-05,3:40,13.893
20:127,12,180.1648,15.2793,72.4731,140.212,0.2887,40.4757,3.165e-05,54:35,15.2793
20:128,17,6442.8609,1650.8567,2840.7637,3417.7066,0.2425,828.9156,0.00064814,32:26,1650.8567
20:129,9,1786.4952,357.3823,1443.7867,1506.6183,0.3333,502.2061,0.00039268,10:19,357.3823
20:130,20,2316.7954,1759.659,1978.6516,2036.9185,0.2236,455.4688,0.00035614,50:39,1759.659
20:131,18,1844.095,1081.6553,1167.1887,1237.0633,0.2357,291.5786,0.00022799,15:88,1081.6553
20:132,12,15.2793,15.2793,15.2793,15.2793,0.2887,4.4107,3.45e-06,30:30,15.2793
20:133,13,845.4567,25.9534,95.7013,161.8658,0.2774,44.8935,3.51e-05,6:37,25.9534
20:134,19,2668.0694,855.6399,1030.7233,1234.5019,0.2294,283.2142,0.00022145,28:47,855.6399
20:135,11,124.5929,15.2793,71.3224,124.5929,0.3015,37.5662,2.937e-05,67:29,15.2793
21:1,7,141.2549,58.4009,114.0855,141.2549,0.378,53.3893,4.175e-05,19:39,58.4009
21:2,11,578.5003,178.3816,281.1777,349.0208,0.3015,105.2337,8.228e-05,26:5,178.3816
21:3,15,913.0599,154.793,395.3266,461.7421,0.2582,119.2213,9.322e-05,23:24,154.793
21:4,10,918.2459,52.9268,263.1086,412.6324,0.3162,130.4858,0.00010203,22:70,52.9268
21:5,14,239.3335,61.1171,162.1055,226.4622,0.2673,60.5246,4.733e-05,12:44,61.1171
21:6,8,362.4683,56.1722,151.6154,214.1488,0.3536,75.7131,5.92e-05,7:4,56.1722
21:7,14,3492.1275,1986.2555,2508.9434,2573.6741,0.2673,687.8433,0.00053783,16:43,1986.2555
21:8,9,177.1512,11.8101,59.0504,118.1008,0.3333,39.3669,3.078e-05,2:16,11.8101
21:9,8,0,0.0,0,0,0.3536,0.0,0.0,,0.0
21:10,8,176.9393,15.2793,67.1538,128.1457,0.3536,45.3064,3.543e-05,24:34,15.2793
21:11,10,155.6255,15.2793,68.0787,130.6121,0.3162,41.3032,3.23e-05,16:112,15.2793
21:12,7,209.1442,57.1628,110.3713,172.1044,0.378,65.0493,5.086e-05,43:47,57.1628
21:13,10,114.1265,12.6807,63.4036,114.1265,0.3162,36.09,2.822e-05,4:61,12.6807
21:14,5,620.8832,162.079,443.0746,505.0069,0.4472,225.8459,0.00017659,68:31,162.079
21:15,8,0,0.0,0,0,0.3536,0.0,0.0,,0.0
21:16,7,1800.2633,604.8898,927.7412,1153.1243,0.378,435.84,0.00034079,38:27,604.8898
21:17,11,181.6847,15.2793,73.0072,140.9307,0.3015,42.4922,3.323e-05,25:18,15.2793
21:18,13,29.4078,14.7039,29.4078,29.4078,0.2774,8.1563,6.38e-06,16:4,14.7039
21:19,13,3642.1356,355.4472,899.7563,1376.5053,0.2774,381.7739,0.00029851,30:26,355.4472
21:20,5,187.1323,11.6958,58.4788,116.9577,0.4472,52.3051,4.09e-05,2:164,11.6958
21:21,7,189.1536,14.2576,67.1697,128.1617,0.378,48.4406,3.788e-05,21:24,14.2576
21:22,13,666.1679,164.9912,221.9495,289.3703,0.2774,80.2569,6.275e-05,43:82,164.9912
21:23,6,15.2793,15.2793,15.2793,15.2793,0.4082,6.2377,4.88e-06,55:39,15.2793
21:24,22,2677.7574,155.6413,726.6195,1177.3815,0.2132,251.0186,0.00019628,42:9,155.6413
21:25,15,4234.8575,597.1539,1401.481,2058.4074,0.2582,531.4785,0.00041557,22:52,597.1539
21:26,8,257.4464,167.4968,257.4464,257.4464,0.3536,91.021,7.117e-05,19:88,167.4968
21:27,6,0,0.0,0,0,0.4082,0.0,0.0,,0.0
21:28,15,3252.8367,782.5991,2830.481,2901.5678,0.2582,749.1816,0.0005858,2:255,782.5991
21:29,13,578.3065,57.6091,112.2855,174.0186,0.2774,48.2641,3.774e-05,12:75,57.6091
21:30,18,3156.8861,53.2751,235.6521,434.2777,0.2357,102.3602,8.004e-05,11:7,53.2751
21:31,13,2052.4324,374.7912,793.6941,858.3641,0.2774,238.0674,0.00018615,16:15,374.7912
21:32,8,29.4078,14.7039,29.4078,29.4078,0.3536,10.3972,8.13e-06,30:7,14.7039
21:33,11,1265.143,157.3487,476.9177,612.236,0.3015,184.5961,0.00014434,16:12,157.3487
21:34,10,332.8047,14.2576,64.2567,117.9663,0.3162,37.3042,2.917e-05,2:143,14.2576
21:35,10,519.9669,158.3336,350.5505,407.0227,0.3162,128.7119,0.00010064,3:185,158.3336
21:36,17,2019.2122,626.4507,808.8277,1036.7989,0.2425,251.4607,0.00019662,25:41,626.4507
21:37,8,282.0381,54.242,230.5527,282.0381,0.3536,99.7155,7.797e-05,16:4,54.242
21:38,7,5148.0336,746.0134,3730.0668,3987.6686,0.378,1507.1971,0.0011785,10:48,746.0134
21:39,16,1570.1145,51.2376,256.1878,329.568,0.25,82.392,6.442e-05,2:48,51.2376
21:40,10,589.0355,51.8542,222.1206,292.3965,0.3162,92.4639,7.23e-05,2:162,51.8542
21:41,13,4578.3159,2174.6979,2954.3218,3623.1285,0.2774,1004.875,0.00078573,6:10,2174.6979
21:42,13,479.8499,14.2576,71.2882,141.6363,0.2774,39.2828,3.072e-05,2:274,14.2576
21:43,14,522.3175,15.2793,69.618,133.9256,0.2673,35.7931,2.799e-05,7:138,15.2793
21:44,18,732.2549,626.4507,732.2549,732.2549,0.2357,172.5941,0.00013495,13:41,626.4507
21:45,11,386.357,58.8157,156.8775,221.0159,0.3015,66.6388,5.211e-05,27:80,58.8157
21:46,11,721.638,158.9165,348.858,428.8329,0.3015,129.298,0.0001011,21:14,158.9165
21:47,20,400.2172,168.0721,271.8331,336.8136,0.2236,75.3138,5.889e-05,31:16,168.0721
21:48,8,599.0277,49.6394,248.1969,460.3391,0.3536,162.7545,0.00012726,2:87,49.6394
21:49,8,432.5184,159.958,404.7325,432.5184,0.3536,152.9184,0.00011957,35:18,159.958
21:50,7,29.4078,14.7039,29.4078,29.4078,0.378,11.1151,8.69e-06,12:58,14.7039
21:51,9,978.3057,54.2492,101.9745,161.6311,0.3333,53.877,4.213e-05,7:173,54.2492
21:52,11,864.1281,385.3282,624.6617,679.0859,0.3015,204.7521,0.0001601,26:70,385.3282
21:53,5,58.0522,15.2793,58.0522,58.0522,0.4472,25.9617,2.03e-05,7:28,15.2793
21:54,8,791.0928,47.3719,236.8594,473.7188,0.3536,167.4849,0.00013096,6:74,47.3719
21:55,7,85.5458,14.2576,71.2882,85.5458,0.378,32.3333,2.528e-05,7:70,14.2576
21:56,13,1607.211,44.8926,224.4631,448.9262,0.2774,124.5097,9.736e-05,13:16,44.8926
21:57,7,58.0522,15.2793,58.0522,58.0522,0.378,21.9417,1.716e-05,2:177,15.2793
21:58,8,30.5586,15.2793,30.5586,30.5586,0.3536,10.8041,8.45e-06,9:12,15.2793
21:59,8,87.46,15.2793,73.2024,87.46,0.3536,30.9218,2.418e-05,21:62,15.2793
21:60,7,42.7729,14.2576,42.7729,42.7729,0.378,16.1666,1.264e-05,2:93,14.2576
21:61,8,30.5586,15.2793,30.5586,30.5586,0.3536,10.8041,8.45e-06,7:116,15.2793
21:62,6,15.2793,15.2793,15.2793,15.2793,0.4082,6.2377,4.88e-06,21:59,15.2793
21:63,9,123.4954,13.893,69.1566,123.4954,0.3333,41.1651,3.219e-05,9:62,13.893
21:64,7,0,0.0,0,0,0.378,0.0,0.0,,0.0
21:65,9,117.6314,58.8157,117.6314,117.6314,0.3333,39.2105,3.066e-05,11:79,58.8157
21:66,11,5538.3144,325.6223,1579.8701,2424.5549,0.3015,731.0308,0.0005716,16:73,325.6223
21:67,9,3134.6236,132.1399,564.0238,741.3453,0.3333,247.1151,0.00019322,10:104,132.1399
21:68,7,789.8241,52.7994,138.2533,181.6913,0.378,68.6729,5.37e-05,12:10,52.7994
21:69,7,29.4078,14.7039,29.4078,29.4078,0.378,11.1151,8.69e-06,3:84,14.7039
21:70,5,61.1171,61.1171,61.1171,61.1171,0.4472,27.3324,2.137e-05,37:98,61.1171
21:71,8,571.8623,391.2131,531.9095,571.8623,0.3536,202.1839,0.00015809,21:81,391.2131
21:72,8,430.7414,158.8387,417.1567,430.7414,0.3536,152.2901,0.00011908,6:84,158.8387
21:73,15,287.2415,167.0505,272.9838,287.2415,0.2582,74.1654,5.799e-05,24:37,167.0505
21:74,16,627.6963,164.0873,355.6255,424.3967,0.25,106.0992,8.296e-05,21:77,164.0873
21:75,6,297.1316,27.786,77.8128,140.3462,0.4082,57.2961,4.48e-05,21:86,27.786
21:76,12,1115.9912,165.7707,268.3809,336.9773,0.2887,97.277,7.606e-05,37:76,165.7707
21:77,12,1768.4622,381.0773,986.3209,1234.6839,0.2887,356.4225,0.00027869,7:64,381.0773
21:78,14,0,0.0,0,0,0.2673,0.0,0.0,,0.0
21:79,14,42.7729,14.2576,42.7729,42.7729,0.2673,11.4315,8.94e-06,12:22,14.2576
21:80,10,67.9234,13.5847,67.9234,67.9234,0.3162,21.4793,1.679e-05,5:91,13.5847
21:81,14,865.4685,391.2131,535.8328,602.4209,0.2673,161.0038,0.00012589,21:71,391.2131
21:82,12,91.5744,13.0821,65.4103,91.5744,0.2887,26.4353,2.067e-05,4:48,13.0821
21:83,10,648.4908,391.4802,578.5485,648.4908,0.3162,205.0708,0.00016035,38:41,391.4802
21:84,16,753.516,168.0721,268.0895,335.6176,0.25,83.9044,6.561e-05,38:43,168.0721
21:85,7,98.482,15.2793,71.3126,98.482,0.378,37.2227,2.91e-05,37:102,15.2793
21:86,6,155.6255,27.786,80.5854,143.1188,0.4082,58.428,4.569e-05,21:75,27.786
21:87,23,1963.0134,40.8628,204.3139,408.6277,0.2085,85.2048,6.662e-05,2:163,40.8628
21:88,8,73.3315,15.2793,73.3315,73.3315,0.3536,25.9266,2.027e-05,21:74,15.2793
21:89,11,291.4272,56.3576,197.9367,264.7919,0.3015,79.8378,6.243e-05,19:3,56.3576
21:90,19,480.7675,58.7092,116.7614,186.9556,0.2294,42.8906,3.354e-05,23:61,58.7092
21:91,11,278.808,76.3964,126.763,185.2418,0.3015,55.8525,4.367e-05,66:12,76.3964
21:92,8,743.5499,624.0427,679.1932,743.5499,0.3536,262.8846,0.00020555,23:52,624.0427
21:93,6,44.6871,15.2793,44.6871,44.6871,0.4082,18.2434,1.426e-05,54:28,15.2793
21:94,12,818.4426,622.1876,737.3861,805.125,0.2887,232.4196,0.00018173,20:112,622.1876
21:95,7,143.598,15.2793,72.3098,143.598,0.378,54.2749,4.244e-05,2:259,15.2793
21:96,10,854.6506,20.0999,89.472,151.3485,0.3162,47.8606,3.742e-05,7:57,20.0999
21:97,19,1432.8292,165.0888,223.5873,292.4356,0.2294,67.0893,5.246e-05,50:22,165.0888
21:98,11,3003.5222,132.1399,564.0238,741.3453,0.3015,223.524,0.00017478,10:104,132.1399
21:99,9,298.3052,13.0821,65.4103,126.0296,0.3333,42.0099,3.285e-05,3:154,13.0821
21:100,7,393.2412,58.9199,158.9434,226.7865,0.378,85.7172,6.702e-05,11:106,58.9199
21:101,9,713.0702,8.5912,42.956,85.9121,0.3333,28.6374,2.239e-05,2:6,8.5912
21:102,9,307.1169,13.5847,67.9234,131.327,0.3333,43.7757,3.423e-05,18:17,13.5847
21:103,11,97.3313,14.7039,70.1619,97.3313,0.3015,29.3465,2.295e-05,36:63,14.7039
21:104,16,212.269,15.2793,61.6298,119.568,0.25,29.892,2.337e-05,21:17,15.2793
21:105,12,731.0084,15.2793,62.0623,105.5004,0.2887,30.4553,2.381e-05,7:128,15.2793
21:106,6,591.8383,13.5847,67.9234,114.7016,0.4082,46.8267,3.661e-05,17:41,13.5847
21:107,5,226.6636,56.6659,198.5129,226.6636,0.4472,101.367,7.926e-05,17:105,56.6659
21:108,11,1733.4448,608.8559,1356.5199,1436.9676,0.3015,433.262,0.00033877,18:110,608.8559
21:109,13,261.3741,58.5186,132.1424,197.9705,0.2774,54.9071,4.293e-05,9:129,58.5186
21:110,8,289.8315,61.1171,160.2255,225.4748,0.3536,79.7174,6.233e-05,87:7,61.1171
21:111,8,183.4086,57.4294,156.7733,183.4086,0.3536,64.8447,5.07e-05,2:36,57.4294
21:112,10,510.144,163.1587,209.5354,261.3644,0.3162,82.6507,6.463e-05,12:18,163.1587
22:1,9,579.3772,157.9804,358.0044,419.9527,0.3333,139.9842,0.00010946,4:1,157.9804
22:2,22,283.8249,13.893,68.2527,131.6563,0.2132,28.0692,2.195e-05,6:40,13.893
22:3,12,2779.9138,1028.2305,2273.3076,2487.6373,0.2887,718.119,0.00056151,22:8,1028.2305
22:4,11,300.968,58.7092,116.3967,180.3639,0.3015,54.3818,4.252e-05,31:21,58.7092
22:5,69,7774.1952,1480.941,3954.3323,4775.8058,0.1204,574.9395,0.00044955,40:67,1480.941
22:6,13,5879.7871,369.9769,1096.3433,1646.3263,0.2774,456.6088,0.00035703,22:62,369.9769
22:7,12,965.0329,69.5372,251.1331,316.7222,0.2887,91.4298,7.149e-05,18:21,69.5372
22:8,13,3910.5809,2173.6015,3418.6786,3633.0083,0.2774,1007.6152,0.00078787,31:20,2173.6015
22:9,15,2564.9382,148.838,354.2041,566.4961,0.2582,146.2687,0.00011437,31:6,148.838
22:10,9,1040.4848,445.3529,597.6832,663.4666,0.3333,221.1555,0.00017292,8:51,445.3529
22:11,25,1457.9135,165.2995,374.6594,624.1916,0.2,124.8383,9.761e-05,39:15,165.2995
22:12,14,5781.6231,313.5619,1567.8096,2625.1639,0.2673,701.6046,0.00054859,5:76,313.5619
22:13,10,0,0.0,0,0,0.3162,0.0,0.0,,0.0
22:14,17,18611.0139,1735.8828,5321.8018,6896.7884,0.2425,1672.7169,0.00130792,22:23,1735.8828
22:15,22,1423.1806,150.2121,338.0073,572.7512,0.2132,122.111,9.548e-05,33:57,150.2121
22:16,9,736.0407,55.6732,164.6664,233.2065,0.3333,77.7355,6.078e-05,2:272,55.6732
22:17,22,12045.1516,358.5372,1605.2461,3085.5322,0.2132,657.8377,0.00051437,2:62,358.5372
22:18,37,9185.7863,562.6798,2126.1388,2854.9748,0.1644,469.355,0.000367,10:66,562.6798
22:19,17,98.482,15.2793,71.3126,98.482,0.2425,23.8854,1.868e-05,52:42,15.2793
22:20,6,633.863,14.7039,67.9434,113.5821,0.4082,46.3697,3.626e-05,2:174,14.7039
22:21,4,0,0.0,0,0,0.5,0.0,0.0,,0.0
22:22,12,584.9805,410.9437,514.7863,584.9805,0.2887,168.8693,0.00013204,32:20,410.9437
22:23,22,20749.9204,1735.8828,6907.4295,8689.2787,0.2132,1852.5604,0.00144854,22:14,1735.8828
22:24,9,257.057,13.3176,66.5881,127.1461,0.3333,42.382,3.314e-05,4:108,13.3176
22:25,25,4453.1312,142.2618,590.6875,931.4791,0.2,186.2958,0.00014567,8:47,142.2618
22:26,16,179.3671,30.5586,89.2678,153.6245,0.25,38.4061,3.003e-05,2:125,30.5586
22:27,14,399.0318,15.2793,55.6743,106.168,0.2673,28.3746,2.219e-05,6:122,15.2793
22:28,20,1416.6729,633.2578,792.9289,860.9507,0.2236,192.5144,0.00015053,22:34,633.2578
22:29,8,0,0.0,0,0,0.3536,0.0,0.0,,0.0
22:30,24,1051.0409,391.1409,541.3967,613.5774,0.2041,125.246,9.793e-05,5:1,391.1409
22:31,21,731.067,61.1171,205.6982,269.6499,0.2182,58.8424,4.601e-05,14:18,61.1171
22:32,9,104.6535,60.5418,104.6535,104.6535,0.3333,34.8845,2.728e-05,22:30,60.5418
22:33,11,858.6376,154.372,358.1115,603.8271,0.3015,182.0607,0.00014236,22:5,154.372
22:34,20,1858.9758,633.2578,838.0326,944.7342,0.2236,211.249,0.00016518,22:28,633.2578
22:35,15,1626.9703,622.1575,1045.3674,1156.2834,0.2582,298.5511,0.00023344,8:2,622.1575
22:36,27,1175.3586,73.4131,197.0963,270.745,0.1925,52.1049,4.074e-05,22:28,73.4131
22:37,20,1007.9397,154.8409,308.8644,360.6935,0.2236,80.6535,6.306e-05,2:185,154.8409
22:38,13,5696.8754,350.9495,871.5654,1380.6034,0.2774,382.9105,0.0002994,31:18,350.9495
22:39,10,806.6825,19.9888,61.0075,112.2808,0.3162,35.5063,2.776e-05,65:12,19.9888
22:40,35,4180.0424,624.8537,1033.2605,1129.2575,0.169,190.8794,0.00014925,2:251,624.8537
22:41,17,1911.5902,56.5796,257.77,504.7022,0.2425,122.4083,9.571e-05,73:20,56.5796
22:42,9,1782.6358,375.5261,1222.2485,1745.1157,0.3333,581.7052,0.00045484,9:70,375.5261
22:43,4,30.5586,15.2793,30.5586,30.5586,0.5,15.2793,1.195e-05,38:13,15.2793
22:44,11,410.5173,165.4736,347.1137,410.5173,0.3015,123.7756,9.678e-05,13:32,165.4736
22:45,14,359.5662,58.8157,257.7617,322.0461,0.2673,86.0704,6.73e-05,2:259,58.8157
22:46,23,1904.116,146.9495,548.5363,702.2195,0.2085,146.4229,0.00011449,12:109,146.9495
22:47,14,293.2622,61.1171,164.8781,229.8586,0.2673,61.4323,4.803e-05,32:5,61.1171
22:48,11,267.0854,55.4992,165.9538,229.5653,0.3015,69.2165,5.412e-05,47:13,55.4992
22:49,8,708.8652,57.2253,277.4371,397.2358,0.3536,140.4441,0.00010982,10:23,57.2253
22:50,8,3559.5755,350.1335,1203.3187,1874.0181,0.3536,662.5654,0.00051807,5:9,350.1335
22:51,8,692.6223,160.6239,482.9779,550.9013,0.3536,194.773,0.0001523,34:5,160.6239
22:52,27,3118.8911,597.1539,1194.9354,1485.4076,0.1925,285.8668,0.00022352,21:25,597.1539
22:53,16,817.6691,63.6108,283.0835,527.618,0.25,131.9045,0.00010314,74:31,63.6108
22:54,21,3796.3495,151.7188,403.3504,658.5982,0.2182,143.7179,0.00011238,11:17,151.7188
22:55,16,1724.864,160.519,379.6017,536.4831,0.25,134.1208,0.00010487,13:31,160.519
22:56,12,2523.0292,145.3295,489.6917,694.8819,0.2887,200.5951,0.00015685,42:22,145.3295
22:57,8,1363.0226,145.695,728.4748,934.5788,0.3536,330.4235,0.00025836,2:39,145.695
22:58,18,2755.7099,141.2946,364.2327,570.3859,0.2357,134.4412,0.00010512,2:262,141.2946
22:59,7,358.9136,10.2547,51.2734,102.5467,0.378,38.759,3.031e-05,2:165,10.2547
22:60,16,2993.7285,61.1171,206.1288,387.3935,0.25,96.8484,7.573e-05,58:2,61.1171
22:61,15,4379.4346,1248.2022,3482.3285,3774.376,0.2582,974.5397,0.00076201,31:29,1248.2022
22:62,17,4231.7405,2101.3175,2748.6455,3017.627,0.2425,731.8821,0.00057227,31:30,2101.3175
22:63,15,6298.833,987.0031,2408.8297,3077.7312,0.2582,794.6668,0.00062136,35:27,987.0031
22:64,12,16157.7895,879.5299,3409.9423,6535.0209,0.2887,1886.4981,0.00147508,5:97,879.5299
22:65,27,6586.062,614.1149,1431.8764,2092.2276,0.1925,402.6494,0.00031484,31:20,614.1149
22:66,10,792.7219,159.958,449.4196,513.432,0.3162,162.3615,0.00012695,2:28,159.958
22:67,17,330.2277,61.1171,163.9887,231.4548,0.2425,56.136,4.389e-05,22:34,61.1171
22:68,7,751.7238,54.7859,189.4025,246.8277,0.378,93.2921,7.295e-05,11:31,54.7859
22:69,9,1319.297,171.7817,513.1728,768.78,0.3333,256.26,0.00020037,3:55,171.7817
22:70,18,7661.6935,813.2457,2219.6954,3138.7047,0.2357,739.7998,0.00057846,35:11,813.2457
22:71,18,5810.2524,384.3418,1767.9926,2412.0027,0.2357,568.5145,0.00044453,7:33,384.3418
22:72,29,3170.4047,363.5105,1593.7056,1817.7092,0.1857,337.5401,0.00026393,19:73,363.5105
22:73,28,5339.4051,556.0951,1682.0758,2148.5801,0.189,406.0435,0.00031749,7:194,556.0951
22:74,9,2182.5957,159.275,501.0788,560.7354,0.3333,186.9118,0.00014615,22:40,159.275
22:75,11,2439.9228,147.3867,445.7467,624.0655,0.3015,188.1628,0.00014713,31:28,147.3867
22:76,10,3520.1002,562.0403,2389.3633,3132.0014,0.3162,990.4258,0.00077443,2:255,562.0403
22:77,11,3659.843,44.9293,224.6466,386.7597,0.3015,116.6125,9.118e-05,3:130,44.9293
22:78,44,2193.2922,155.7661,387.046,633.9782,0.1508,95.5758,7.473e-05,58:13,155.7661
23:1,3,29.4078,14.7039,29.4078,29.4078,0.5774,16.9786,1.328e-05,87:14,14.7039
23:2,5,253.3608,55.3612,149.9687,214.7468,0.4472,96.0377,7.509e-05,51:11,55.3612
23:3,5,250.4827,56.6263,108.7617,167.8121,0.4472,75.0479,5.868e-05,10:7,56.6263
23:4,4,177.1512,11.8101,59.0504,118.1008,0.5,59.0504,4.617e-05,7:156,11.8101
23:5,4,329.9441,164.6029,211.8433,270.8937,0.5,135.4468,0.00010591,70:29,164.6029
23:6,10,1977.29,1531.1154,1711.2806,1776.4921,0.3162,561.7761,0.00043926,70:30,1531.1154
23:7,7,1224.1816,846.5713,1054.7653,1111.2374,0.378,420.0082,0.00032841,70:31,846.5713
23:8,5,559.1334,393.7922,441.0325,500.0829,0.4472,223.6439,0.00017487,70:32,393.7922
23:9,5,250.4827,56.6263,108.7617,167.8121,0.4472,75.0479,5.868e-05,70:34,56.6263
23:10,3,216.3618,11.3875,56.9373,113.8746,0.5774,65.7456,5.141e-05,2:27,11.3875
23:11,6,738.1845,46.9153,234.5765,469.1529,0.4082,191.5309,0.00014976,2:39,46.9153
23:12,7,557.9062,160.2818,360.1018,428.1392,0.378,161.8214,0.00012653,15:26,160.2818
23:13,6,61.1171,61.1171,61.1171,61.1171,0.4082,24.951,1.951e-05,77:21,61.1171
23:14,21,59.9664,15.2793,59.9664,59.9664,0.2182,13.0857,1.023e-05,40:64,15.2793
23:15,5,287.4217,14.2576,65.0137,120.6157,0.4472,53.941,4.218e-05,23:16,14.2576
23:16,5,726.3174,161.026,208.0507,254.3246,0.4472,113.7374,8.893e-05,39:31,161.026
23:17,10,212.4713,14.2576,70.5589,136.387,0.3162,43.1294,3.372e-05,6:156,14.2576
23:18,13,2717.5102,153.4496,552.3731,771.2494,0.2774,213.9061,0.00016726,31:10,153.4496
23:19,13,445.1994,167.0505,283.8119,355.1,0.2774,98.487,7.701e-05,36:34,167.0505
23:20,9,29.4078,14.7039,29.4078,29.4078,0.3333,9.8026,7.66e-06,18:5,14.7039
23:21,15,1343.9656,1082.8675,1230.9984,1302.2866,0.2582,336.249,0.00026292,16:66,1082.8675
23:22,4,168.0721,168.0721,168.0721,168.0721,0.5,84.0361,6.571e-05,40:80,168.0721
23:23,16,11547.4365,2029.1648,6327.6953,9775.4979,0.25,2443.8745,0.0019109,7:59,2029.1648
23:24,26,4431.1213,447.7181,1550.9399,2017.0009,0.1961,395.5664,0.0003093,28:36,447.7181
23:25,10,758.8363,156.2463,355.7131,605.0466,0.3162,191.3325,0.00014961,23:38,156.2463
23:26,5,749.3561,390.7395,476.7853,529.2027,0.4472,236.6667,0.00018505,23:39,390.7395
23:27,32,4545.3968,1918.5408,2972.3643,3187.2181,0.1768,563.4259,0.00044055,11:40,1918.5408
23:28,15,973.8052,53.0824,257.2521,502.2644,0.2582,129.6841,0.0001014,28:21,53.0824
23:29,8,163.1085,26.9023,82.9357,149.7909,0.3536,52.9591,4.141e-05,23:118,26.9023
23:30,7,3758.955,115.3886,576.9428,1153.8857,0.378,436.1278,0.00034101,10:67,115.3886
23:31,6,492.7179,164.4886,364.0645,422.5433,0.4082,172.5026,0.00013488,6:6,164.4886
23:32,14,8157.0663,1148.0869,4419.5144,6734.0095,0.2673,1799.7398,0.00140724,7:65,1148.0869
23:33,25,3570.4301,399.9219,731.4869,987.1643,0.2,197.4329,0.00015438,23:24,399.9219
23:34,7,102.7393,59.5201,102.7393,102.7393,0.378,38.8318,3.036e-05,7:90,59.5201
23:35,9,98.3449,14.2576,70.5589,98.3449,0.3333,32.7816,2.563e-05,4:140,14.2576
23:36,4,0,0.0,0,0,0.5,0.0,0.0,,0.0
23:37,10,1603.8379,847.9246,1468.5363,1530.6475,0.3162,484.0332,0.00037847,45:24,847.9246
23:38,12,2798.8511,156.2463,683.3772,1342.2907,0.2887,387.486,0.00030298,23:25,156.2463
23:39,5,749.3561,390.7395,476.7853,529.2027,0.4472,236.6667,0.00018505,23:26,390.7395
23:40,5,0,0.0,0,0,0.4472,0.0,0.0,,0.0
23:41,8,74.095,15.2793,74.095,74.095,0.3536,26.1965,2.048e-05,50:42,15.2793
23:42,6,339.9251,164.4886,211.2717,269.7505,0.4082,110.1252,8.611e-05,23:31,164.4886
23:43,7,883.1336,854.6183,883.1336,883.1336,0.378,333.7931,0.000261,15:5,854.6183
23:44,19,505.5157,15.2793,74.6703,129.0068,0.2294,29.5962,2.314e-05,23:45,15.2793
23:45,8,188.4826,72.7087,188.4826,188.4826,0.3536,66.6387,5.211e-05,11:96,72.7087
23:46,7,481.1475,111.3219,328.5486,432.3539,0.378,163.4144,0.00012778,10:75,111.3219
23:47,7,0,0.0,0,0,0.378,0.0,0.0,,0.0
23:48,4,0,0.0,0,0,0.5,0.0,0.0,,0.0
23:49,6,1200.2031,141.3333,706.6664,1048.8185,0.4082,428.1783,0.0003348,2:87,141.3333
23:50,11,281.1538,57.0434,101.8655,157.8931,0.3015,47.6065,3.722e-05,5:17,57.0434
23:51,11,1030.0639,391.9833,526.8444,593.4325,0.3015,178.9266,0.00013991,34:11,391.9833
23:52,8,714.1421,624.0427,675.5281,714.1421,0.3536,252.4874,0.00019742,21:92,624.0427
23:53,9,440.7978,396.686,440.7978,440.7978,0.3333,146.9326,0.00011489,30:32,396.686
23:54,5,67.9234,13.5847,67.9234,67.9234,0.4472,30.3763,2.375e-05,12:35,13.5847
23:55,7,311.6732,15.2793,62.9949,117.0554,0.378,44.2428,3.459e-05,24:33,15.2793
23:56,7,368.3542,14.2576,70.5589,136.9589,0.378,51.7656,4.048e-05,3:114,14.2576
23:57,7,916.2999,29.1723,86.3661,151.7444,0.378,57.354,4.485e-05,70:27,29.1723
23:58,5,260.354,15.2793,69.618,130.4431,0.4472,58.3359,4.561e-05,6:154,15.2793
23:59,5,192.4305,15.2793,62.5196,121.57,0.4472,54.3678,4.251e-05,24:55,15.2793
23:60,10,79.9058,13.3176,66.5881,79.9058,0.3162,25.2684,1.976e-05,6:38,13.3176
23:61,7,128.9034,58.7092,115.0104,128.9034,0.378,48.7209,3.81e-05,21:90,58.7092
23:62,12,1215.1802,159.2287,577.2685,817.5941,0.2887,236.0191,0.00018455,6:152,159.2287
23:63,14,892.7293,52.2795,109.2377,175.4589,0.2673,46.8934,3.667e-05,48:27,52.2795
23:64,8,535.8595,22.3478,71.7342,133.4673,0.3536,47.1878,3.69e-05,23:77,22.3478
23:65,7,29.4078,14.7039,29.4078,29.4078,0.378,11.1151,8.69e-06,11:113,14.7039
23:66,9,282.6385,165.3244,268.3809,282.6385,0.3333,94.2128,7.367e-05,23:105,165.3244
23:67,4,0,0.0,0,0,0.5,0.0,0.0,,0.0
23:68,10,245.7697,14.7039,63.5702,120.5076,0.3162,38.1078,2.98e-05,2:89,14.7039
23:69,7,97.3313,14.7039,70.1619,97.3313,0.378,36.7878,2.876e-05,12:58,14.7039
23:70,10,219.9307,60.5418,118.485,181.8886,0.3162,57.5182,4.497e-05,34:8,60.5418
23:71,16,1134.953,60.5418,144.126,182.5302,0.25,45.6325,3.568e-05,17:44,60.5418
23:72,9,236.5206,57.5336,116.3493,184.1924,0.3333,61.3975,4.801e-05,34:39,57.5336
23:73,5,693.4255,47.6237,238.1185,476.237,0.4472,212.9797,0.00016653,2:142,47.6237
23:74,8,2083.4196,361.5533,898.8562,1309.3121,0.3536,462.9117,0.00036196,17:10,361.5533
23:75,11,266.975,55.572,237.5671,266.975,0.3015,80.496,6.294e-05,2:15,55.572
23:76,8,0,0.0,0,0,0.3536,0.0,0.0,,0.0
23:77,12,796.0829,60.5418,136.7669,203.8073,0.2887,58.8341,4.6e-05,15:14,60.5418
23:78,10,2256.1815,814.9743,1898.6419,1964.0203,0.3162,621.0777,0.00048563,32:9,814.9743
23:79,7,2116.8509,618.3646,661.3322,715.0418,0.378,270.2604,0.00021132,67:24,618.3646
23:80,10,860.5768,57.5336,216.3752,280.7319,0.3162,88.7752,6.941e-05,10:6,57.5336
23:81,6,154.4748,14.7039,66.9279,129.4614,0.4082,52.8524,4.133e-05,21:5,14.7039
23:82,8,2178.0455,806.0579,2150.2595,2178.0455,0.3536,770.0554,0.00060212,37:16,806.0579
23:83,12,4121.4243,823.0804,1726.8902,1954.4142,0.2887,564.1908,0.00044115,27:68,823.0804
23:84,8,1149.1784,46.2474,231.2372,430.9309,0.3536,152.3571,0.00011913,2:184,46.2474
23:85,5,304.4921,165.7707,264.5392,304.4921,0.4472,136.173,0.00010648,23:87,165.7707
23:86,8,563.2413,159.46,216.8278,280.2314,0.3536,99.0768,7.747e-05,13:16,159.46
23:87,5,280.1583,165.7707,266.2653,280.1583,0.4472,125.2906,9.797e-05,23:85,165.7707
23:88,14,2382.4396,161.3607,374.5786,609.0043,0.2673,162.7632,0.00012727,36:83,161.3607
23:89,5,117.6314,58.8157,117.6314,117.6314,0.4472,52.6063,4.113e-05,23:85,58.8157
23:90,5,44.6871,15.2793,44.6871,44.6871,0.4472,19.9847,1.563e-05,23:71,15.2793
23:91,24,2234.0474,160.9863,373.0576,624.6065,0.2041,127.4973,9.969e-05,37:159,160.9863
23:92,6,624.5729,50.2406,251.2028,464.5116,0.4082,189.6361,0.00014828,6:73,50.2406
23:93,6,58.0522,15.2793,58.0522,58.0522,0.4082,23.6997,1.853e-05,21:112,15.2793
23:94,6,206.7308,11.485,57.4252,114.8504,0.4082,46.8875,3.666e-05,2:258,11.485
23:95,7,262.3028,13.893,67.057,124.4822,0.378,47.0499,3.679e-05,21:56,13.893
23:96,9,738.4796,161.0267,377.3135,566.204,0.3333,188.7347,0.00014757,41:34,161.0267
23:97,7,83.2027,15.2793,69.618,83.2027,0.378,31.4477,2.459e-05,11:47,15.2793
23:98,5,29.4078,14.7039,29.4078,29.4078,0.4472,13.1516,1.028e-05,11:45,14.7039
23:99,8,924.8737,71.1183,210.3739,271.2937,0.3536,95.9168,7.5e-05,4:18,71.1183
23:100,16,482.5319,52.4911,224.6682,293.4851,0.25,73.3713,5.737e-05,7:14,52.4911
23:101,10,266.9193,165.4736,216.1964,266.9193,0.3162,84.4073,6.6e-05,69:13,165.4736
23:102,6,1054.2027,615.8928,749.167,812.811,0.4082,331.8287,0.00025946,7:8,615.8928
23:103,10,1274.2904,845.9607,1058.1005,1169.6339,0.3162,369.8707,0.00028921,7:9,845.9607
23:104,6,84.9798,14.7039,71.0868,84.9798,0.4082,34.6929,2.713e-05,14:50,14.7039
23:105,8,389.5935,165.3244,375.3359,389.5935,0.3536,137.7421,0.0001077,23:66,165.3244
23:106,8,114.1265,12.6807,63.4036,114.1265,0.3536,40.3498,3.155e-05,2:250,12.6807
23:107,7,44.6871,15.2793,44.6871,44.6871,0.378,16.8901,1.321e-05,5:22,15.2793
23:108,5,67.9234,13.5847,67.9234,67.9234,0.4472,30.3763,2.375e-05,20:74,13.5847
23:109,14,1100.2119,393.7027,599.6596,673.8836,0.2673,180.103,0.00014083,7:155,393.7027
23:110,8,0,0.0,0,0,0.3536,0.0,0.0,,0.0
23:111,8,156.397,15.2793,72.3098,142.5041,0.3536,50.3828,3.94e-05,36:64,15.2793
23:112,7,1246.2063,15.2793,52.1381,88.104,0.378,33.3002,2.604e-05,30:56,15.2793
23:113,8,781.8648,620.1217,781.8648,781.8648,0.3536,276.4309,0.00021615,18:19,620.1217
23:114,9,959.6174,159.8266,302.403,365.4542,0.3333,121.8181,9.525e-05,17:52,159.8266
23:115,8,15.2793,15.2793,15.2793,15.2793,0.3536,5.402,4.22e-06,28:39,15.2793
23:116,11,4343.4866,571.5257,1097.2202,1672.7641,0.3015,504.3574,0.00039436,27:26,571.5257
23:117,18,1947.1418,369.7127,931.8066,1464.5046,0.2357,345.187,0.00026991,28:88,369.7127
23:118,7,236.44,59.1555,128.8307,196.4871,0.378,74.2651,5.807e-05,23:109,59.1555
24:1,9,159.4979,13.5847,67.9234,133.3337,0.3333,44.4446,3.475e-05,6:152,13.5847
24:2,26,3287.3764,603.3809,800.3292,1028.6325,0.1961,201.7314,0.00015774,4:59,603.3809
24:3,18,227.3871,13.0821,65.4103,128.6143,0.2357,30.3147,2.37e-05,3:152,13.0821
24:4,19,399.3756,30.5586,89.9811,157.9046,0.2294,36.2258,2.833e-05,24:13,30.5586
24:5,11,5628.5409,1694.2891,2523.0779,3111.0328,0.3015,938.0117,0.00073345,3:89,1694.2891
24:6,17,679.0681,395.2997,498.9631,569.1574,0.2425,138.0409,0.00010794,24:8,395.2997
24:7,9,923.1119,64.6226,269.0353,422.3748,0.3333,140.7916,0.00011009,24:9,64.6226
24:8,11,534.8854,395.2997,453.0689,521.3007,0.3015,157.1781,0.0001229,24:6,395.2997
24:9,9,813.9771,64.6226,261.9957,369.2621,0.3333,123.0874,9.624e-05,24:7,64.6226
24:10,9,2712.2577,806.0763,2009.4957,2112.3121,0.3333,704.104,0.00055055,24:20,806.0763
24:11,28,1422.2217,60.0955,165.199,234.0473,0.189,44.2308,3.458e-05,80:37,60.0955
24:12,12,30.5586,15.2793,30.5586,30.5586,0.2887,8.8215,6.9e-06,24:16,15.2793
24:13,14,662.1394,30.5586,89.1387,149.4605,0.2673,39.945,3.123e-05,24:4,30.5586
24:14,15,2936.7623,352.7223,1556.1417,1808.4471,0.2582,466.939,0.00036511,4:83,352.7223
24:15,16,928.7054,164.6425,266.8508,359.3415,0.25,89.8354,7.024e-05,3:66,164.6425
24:16,14,202.3721,59.4225,119.518,188.7874,0.2673,50.4555,3.945e-05,7:89,59.4225
24:17,9,1871.8052,53.041,238.4356,459.0249,0.3333,153.0083,0.00011964,5:57,53.041
24:18,7,1653.6064,603.8073,818.9666,1055.801,0.378,399.0553,0.00031203,24:58,603.8073
24:19,20,5169.6802,360.6196,1289.8204,1554.1638,0.2236,347.5216,0.00027173,2:216,360.6196
24:20,9,2739.7513,806.0763,2009.4957,2116.4142,0.3333,705.4714,0.00055162,24:10,806.0763
24:21,34,9567.7169,352.7223,1573.0726,2175.3664,0.1715,373.0723,0.00029171,4:83,352.7223
24:22,26,3394.2901,144.6994,574.9118,808.9544,0.1961,158.649,0.00012405,4:25,144.6994
24:23,13,2000.872,59.0092,272.0228,514.8027,0.2774,142.7806,0.00011164,24:14,59.0092
24:24,9,986.8934,45.625,228.1251,420.9346,0.3333,140.3115,0.00010971,6:108,45.625
24:25,11,2233.9871,52.7177,244.0812,458.9013,0.3015,138.3639,0.00010819,22:6,52.7177
24:26,16,554.6545,154.8924,491.2509,554.6545,0.25,138.6636,0.00010842,8:74,154.8924
24:27,18,6336.664,336.7212,769.1505,1309.6872,0.2357,308.6962,0.00024137,33:53,336.7212
24:28,22,1460.7756,150.9028,381.5986,609.9682,0.2132,130.0456,0.00010168,2:283,150.9028
24:29,17,1868.2759,612.8236,1049.7047,1310.3123,0.2425,317.7974,0.00024849,5:99,612.8236
24:30,15,2210.6133,147.6722,541.4319,616.4639,0.2582,159.1703,0.00012446,5:8,147.6722
24:31,78,1410.5137,58.8157,285.7113,425.6458,0.1132,48.1949,3.768e-05,6:151,58.8157
24:32,17,1469.9029,56.7227,273.0095,507.9843,0.2425,123.2043,9.634e-05,24:38,56.7227
24:33,48,4234.1007,65.0142,273.6256,499.7545,0.1443,72.1334,5.64e-05,9:91,65.0142
24:34,13,870.8212,158.9434,348.1672,439.0208,0.2774,121.7625,9.521e-05,2:214,158.9434
24:35,48,2876.7037,149.1642,715.0978,962.4122,0.1443,138.9122,0.00010862,24:64,149.1642
24:36,14,741.4903,24.2025,83.0181,143.6374,0.2673,38.3887,3.002e-05,2:114,24.2025
24:37,19,448.4137,167.0505,306.3781,372.3293,0.2294,85.4182,6.679e-05,21:73,167.0505
24:38,14,2325.9045,603.4525,1259.3145,1492.7262,0.2673,398.9479,0.00031194,2:212,603.4525
24:39,22,796.5938,58.9199,114.7749,180.1852,0.2132,38.4156,3.004e-05,2:202,58.9199
24:40,33,908.9671,48.6507,243.2535,453.1355,0.1741,78.8808,6.168e-05,13:33,48.6507
24:41,21,6904.2026,277.9477,817.1061,1465.8905,0.2182,319.8835,0.00025012,22:18,277.9477
24:42,7,2632.741,375.6817,924.5968,1259.6825,0.378,476.1152,0.00037228,57:5,375.6817
24:43,38,5114.0638,443.8636,1010.5079,1663.6659,0.1622,269.8823,0.00021102,30:48,443.8636
24:44,10,2803.6728,599.4232,866.5155,1057.1018,0.3162,334.285,0.00026138,3:13,599.4232
24:45,31,12177.0821,923.4113,2799.7205,5145.107,0.1796,924.0885,0.00072256,35:1,923.4113
24:46,11,2961.3204,802.5274,1832.0042,2070.1227,0.3015,624.1655,0.00048804,2:213,802.5274
24:47,15,2197.319,609.2594,908.4273,1130.9334,0.2582,292.0058,0.00022832,5:43,609.2594
24:48,11,1615.1625,613.9756,803.8418,878.3556,0.3015,264.8342,0.00020708,24:51,613.9756
24:49,7,100.8251,15.2793,72.3098,100.8251,0.378,38.1083,2.98e-05,2:109,15.2793
24:50,16,584.0952,15.2793,67.6075,131.8671,0.25,32.9668,2.578e-05,6:51,15.2793
24:51,18,2010.5128,613.9756,818.8226,976.5593,0.2357,230.1772,0.00017998,24:48,613.9756
24:52,10,1147.6334,151.1189,523.1864,585.5849,0.3162,185.1782,0.00014479,4:13,151.1189
24:53,17,4088.9661,375.9342,1628.7552,1980.5226,0.2425,480.3473,0.00037559,6:109,375.9342
24:54,23,1789.6761,613.9758,1264.45,1587.0926,0.2085,330.9317,0.00025876,29:18,613.9758
24:55,38,7182.6728,377.7364,994.0725,1271.22,0.1622,206.2191,0.00016125,3:82,377.7364
24:56,8,1297.1501,156.3414,732.248,1073.7704,0.3536,379.6352,0.00029684,58:13,156.3414
24:57,11,2348.6794,60.5418,166.4168,226.4115,0.3015,68.2656,5.338e-05,3:188,60.5418
24:58,49,7934.4936,603.8073,1863.9616,2427.6244,0.1429,346.8035,0.00027117,24:18,603.8073
24:59,19,3936.1111,354.3506,1405.2265,1947.587,0.2294,446.8071,0.00034937,2:242,354.3506
24:60,23,744.6244,61.1171,265.8272,448.532,0.2085,93.5254,7.313e-05,4:127,61.1171
24:61,76,6257.3411,1938.4258,3609.1571,4360.8811,0.1147,500.2274,0.00039114,48:17,1938.4258
24:62,39,9122.0255,606.7559,1881.588,2501.6181,0.1601,400.5795,0.00031322,49:15,606.7559
24:63,27,828.3677,58.8472,197.5904,267.5326,0.1925,51.4867,4.026e-05,33:18,58.8472
24:64,22,8332.9491,766.1748,1903.4884,2614.472,0.2132,557.4073,0.00043584,10:55,766.1748
25:1,9,101.5886,14.7039,73.0733,101.5886,0.3333,33.8629,2.648e-05,18:1,14.7039
25:2,19,5156.5624,1079.5759,2259.089,2922.1618,0.2294,670.3899,0.00052419,17:111,1079.5759
25:3,22,1234.0582,394.9599,623.7733,836.6919,0.2132,178.3833,0.00013948,16:20,394.9599
25:4,16,3572.6053,347.7364,1231.4967,1459.4679,0.25,364.867,0.00028529,6:7,347.7364
25:5,9,145.7436,14.2576,68.5156,132.8723,0.3333,44.2908,3.463e-05,33:42,14.2576
25:6,12,2963.4416,53.6103,267.3845,456.6298,0.2887,131.8177,0.00010307,4:23,53.6103
25:7,16,151.5408,15.2793,73.0485,138.4588,0.25,34.6147,2.707e-05,25:20,15.2793
25:8,17,816.2628,624.1492,773.0436,816.2628,0.2425,197.9728,0.0001548,17:47,624.1492
25:9,9,452.7321,332.5607,387.3218,452.7321,0.3333,150.9107,0.000118,17:48,332.5607
25:10,17,8161.838,276.844,1384.22,2768.4399,0.2425,671.4453,0.00052501,2:25,276.844
25:11,8,29.4078,14.7039,29.4078,29.4078,0.3536,10.3972,8.13e-06,10:39,14.7039
25:12,9,211.5214,56.3576,197.9367,211.5214,0.3333,70.5071,5.513e-05,34:52,56.3576
25:13,9,0,0.0,0,0,0.3333,0.0,0.0,,0.0
25:14,8,0,0.0,0,0,0.3536,0.0,0.0,,0.0
25:15,13,244.7577,58.3694,162.5766,231.173,0.2774,64.1159,5.013e-05,13:35,58.3694
25:16,10,500.2412,162.794,263.4177,331.6495,0.3162,104.8768,8.2e-05,16:31,162.794
25:17,16,2995.4447,371.0332,512.8904,690.2119,0.25,172.553,0.00013492,19:49,371.0332
25:18,21,542.5728,24.6234,85.7406,159.8356,0.2182,34.879,2.727e-05,12:38,24.6234
25:19,15,0,0.0,0,0,0.2582,0.0,0.0,,0.0
25:20,20,545.7526,58.8472,194.8905,269.1146,0.2236,60.1758,4.705e-05,17:77,58.8472
25:21,19,1320.15,151.7986,522.5612,592.8371,0.2294,136.0061,0.00010635,10:7,151.7986
25:22,10,15.2793,15.2793,15.2793,15.2793,0.3162,4.8317,3.78e-06,46:35,15.2793
25:23,9,285.0206,13.5847,67.9234,132.2801,0.3333,44.0934,3.448e-05,16:34,13.5847
25:24,7,146.3807,12.1984,60.992,121.9839,0.378,46.1056,3.605e-05,2:82,12.1984
25:25,7,0,0.0,0,0,0.378,0.0,0.0,,0.0
25:26,9,144.685,15.2793,68.6007,132.0043,0.3333,44.0014,3.441e-05,22:56,15.2793
25:27,11,15.2793,15.2793,15.2793,15.2793,0.3015,4.6069,3.6e-06,89:24,15.2793
25:28,6,0,0.0,0,0,0.4082,0.0,0.0,,0.0
25:29,11,122.133,15.2793,69.8047,122.133,0.3015,36.8245,2.879e-05,17:27,15.2793
25:30,9,187.3439,15.2793,66.7398,127.0418,0.3333,42.3473,3.311e-05,26:117,15.2793
25:31,11,456.0771,396.686,456.0771,456.0771,0.3015,137.5124,0.00010752,6:112,396.686
25:32,15,1687.0597,59.9664,251.0697,469.6385,0.2582,121.2601,9.482e-05,6:37,59.9664
25:33,8,0,0.0,0,0,0.3536,0.0,0.0,,0.0
25:34,11,311.1041,167.0505,227.0169,297.2111,0.3015,89.6125,7.007e-05,5:60,167.0505
25:35,9,1186.0745,141.3333,706.6664,1048.8185,0.3333,349.6062,0.00027336,2:87,141.3333
25:36,9,977.3414,147.0521,542.7654,753.7165,0.3333,251.2388,0.00019645,7:176,147.0521
25:37,13,175.7886,14.7039,66.003,126.995,0.2774,35.2221,2.754e-05,51:46,14.7039
25:38,8,110.4643,15.2793,70.5114,110.4643,0.3536,39.055,3.054e-05,50:12,15.2793
25:39,7,0,0.0,0,0,0.378,0.0,0.0,,0.0
25:40,16,331.4536,58.5801,159.5685,228.0366,0.25,57.0092,4.458e-05,48:15,58.5801
25:41,11,641.73,626.4507,641.73,641.73,0.3015,193.4889,0.00015129,21:36,626.4507
25:42,17,224.0885,15.2793,74.3531,144.1827,0.2425,34.9694,2.734e-05,25:44,15.2793
25:43,9,182.2007,167.4968,182.2007,182.2007,0.3333,60.7336,4.749e-05,45:23,167.4968
25:44,15,460.0318,165.1395,309.3963,373.6055,0.2582,96.4645,7.543e-05,7:179,165.1395
25:45,16,1145.7103,46.339,231.6952,463.3903,0.25,115.8476,9.058e-05,2:243,46.339
25:46,5,0,0.0,0,0,0.4472,0.0,0.0,,0.0
25:47,11,1300.6493,149.9074,554.8964,798.0989,0.3015,240.6359,0.00018816,6:97,149.9074
25:48,13,2581.2952,391.2113,1123.616,1353.2341,0.2774,375.3196,0.00029347,7:57,391.2113
25:49,10,117.6314,58.8157,117.6314,117.6314,0.3162,37.1983,2.909e-05,43:11,58.8157
25:50,9,626.601,392.2189,444.4016,501.3389,0.3333,167.113,0.00013067,17:89,392.2189
25:51,7,178.2164,58.7092,113.8597,178.2164,0.378,67.3595,5.267e-05,6:123,58.7092
25:52,7,44.6871,15.2793,44.6871,44.6871,0.378,16.8901,1.321e-05,68:8,15.2793
25:53,15,427.5453,122.2343,169.7393,223.4489,0.2582,57.6943,4.511e-05,35:12,122.2343
25:54,12,674.7975,50.5516,182.2134,247.5751,0.2887,71.4688,5.588e-05,6:73,50.5516
25:55,14,6023.1225,527.4264,2018.3528,3046.8083,0.2673,814.2938,0.00063671,10:18,527.4264
25:56,5,520.0349,392.8102,520.0349,520.0349,0.4472,232.5667,0.00018185,17:105,392.8102
25:57,14,2333.4899,599.3699,1172.1244,1539.0985,0.2673,411.3414,0.00032163,38:86,599.3699
25:58,13,216.5006,61.1171,120.0619,189.3312,0.2774,52.511,4.106e-05,17:17,61.1171
25:59,17,10174.4533,2039.002,5506.4814,6215.5242,0.2425,1507.4861,0.00117873,32:4,2039.002
25:60,13,701.5538,47.5943,237.9717,475.9434,0.2774,132.0029,0.00010322,2:11,47.5943
25:61,11,468.6819,57.4255,116.2412,175.8978,0.3015,53.0352,4.147e-05,15:16,57.4255
25:62,13,836.3162,60.0955,209.133,282.3354,0.2774,78.3058,6.123e-05,2:233,60.0955
25:63,12,58.0522,15.2793,58.0522,58.0522,0.2887,16.7582,1.31e-05,11:69,15.2793
25:64,5,0,0.0,0,0,0.4472,0.0,0.0,,0.0
25:65,11,180.1852,58.9199,114.7749,180.1852,0.3015,54.3279,4.248e-05,25:74,58.9199
25:66,4,15.2793,15.2793,15.2793,15.2793,0.5,7.6396,5.97e-06,25:76,15.2793
25:67,11,122.6787,14.2576,69.4082,122.6787,0.3015,36.989,2.892e-05,3:135,14.2576
25:68,22,3092.6197,596.5925,1614.7554,2317.3727,0.2132,494.0655,0.00038632,6:151,596.5925
25:69,8,634.2544,53.3665,134.4973,180.7711,0.3536,63.9122,4.997e-05,39:24,53.3665
25:70,16,2608.7693,398.3481,970.0587,1656.3132,0.25,414.0783,0.00032377,19:60,398.3481
25:71,9,488.3193,22.9354,76.2568,139.6604,0.3333,46.5535,3.64e-05,41:33,22.9354
25:72,9,83.2027,15.2793,69.618,83.2027,0.3333,27.7342,2.169e-05,83:30,15.2793
25:73,10,125.9756,15.2793,71.6369,125.9756,0.3162,39.837,3.115e-05,32:15,15.2793
25:74,13,255.6623,58.9199,126.3167,191.3056,0.2774,53.0586,4.149e-05,25:65,58.9199
25:75,9,55.572,13.893,55.572,55.572,0.3333,18.524,1.448e-05,7:137,13.893
25:76,5,407.2045,15.2793,55.4767,105.7236,0.4472,47.281,3.697e-05,25:66,15.2793
25:77,12,91.5744,13.0821,65.4103,91.5744,0.2887,26.4353,2.067e-05,2:215,13.0821
26:1,1,0,0.0,0,0,1.0,0.0,0.0,,0.0
26:2,4,570.6391,155.387,468.1528,570.6391,0.5,285.3196,0.0002231,12:1,155.387
26:3,6,30.5586,15.2793,30.5586,30.5586,0.4082,12.4755,9.75e-06,18:6,15.2793
26:4,11,652.6806,52.518,114.45,176.1831,0.3015,53.1212,4.154e-05,17:95,52.518
26:5,11,539.1518,178.3816,363.2958,433.49,0.3015,130.7022,0.0001022,21:2,178.3816
26:6,8,2051.2133,378.2299,913.2752,1496.847,0.3536,529.2153,0.0004138,6:5,378.2299
26:7,11,1582.0716,378.315,691.6074,929.2933,0.3015,280.1925,0.00021909,31:10,378.315
26:8,8,9352.157,899.0732,4495.366,6647.0009,0.3536,2350.0697,0.00183755,26:67,899.0732
26:9,5,2501.9438,338.1555,1690.7775,2404.3567,0.4472,1075.261,0.00084076,26:68,338.1555
26:10,8,286.6366,13.3176,66.5881,125.8459,0.3536,44.4933,3.479e-05,7:117,13.3176
26:11,4,58.0522,15.2793,58.0522,58.0522,0.5,29.0261,2.27e-05,40:37,15.2793
26:12,6,1211.5386,158.718,365.7698,610.6791,0.4082,249.3087,0.00019494,28:34,158.718
26:13,8,0,0.0,0,0,0.3536,0.0,0.0,,0.0
26:14,6,61.1171,61.1171,61.1171,61.1171,0.4082,24.951,1.951e-05,28:33,61.1171
26:15,7,44.6871,15.2793,44.6871,44.6871,0.378,16.8901,1.321e-05,26:62,15.2793
26:16,7,418.4683,56.2037,107.4939,159.3229,0.378,60.2184,4.709e-05,43:46,56.2037
26:17,5,326.9525,56.65,99.8984,153.9589,0.4472,68.8525,5.384e-05,20:47,56.65
26:18,10,55.572,13.893,55.572,55.572,0.3162,17.5734,1.374e-05,2:33,13.893
26:19,7,55.572,13.893,55.572,55.572,0.378,21.0042,1.642e-05,2:34,13.893
26:20,6,30.5586,15.2793,30.5586,30.5586,0.4082,12.4755,9.75e-06,10:90,15.2793
26:21,11,73.3315,30.5586,73.3315,73.3315,0.3015,22.1103,1.729e-05,36:27,30.5586
26:22,8,487.8454,22.2971,68.2373,125.6625,0.3536,44.4284,3.474e-05,7:105,22.2971
26:23,5,386.759,15.2793,65.4188,117.2478,0.4472,52.4348,4.1e-05,11:97,15.2793
26:24,9,6207.877,997.3609,2285.3984,2934.8781,0.3333,978.2927,0.00076494,44:7,997.3609
26:25,5,0,0.0,0,0,0.4472,0.0,0.0,,0.0
26:26,5,338.7655,161.7431,338.7655,338.7655,0.4472,151.5006,0.00011846,37:126,161.7431
26:27,7,159.4979,13.5847,67.9234,133.3337,0.378,50.3954,3.94e-05,9:33,13.5847
26:28,9,1674.8328,162.3545,442.4312,508.0644,0.3333,169.3548,0.00013242,26:24,162.3545
26:29,8,15.2793,15.2793,15.2793,15.2793,0.3536,5.402,4.22e-06,6:77,15.2793
26:30,5,15.2793,15.2793,15.2793,15.2793,0.4472,6.8331,5.34e-06,7:88,15.2793
26:31,7,1406.9085,138.8376,694.1879,1172.8856,0.378,443.3091,0.00034663,7:70,138.8376
26:32,6,756.5278,622.3166,717.9137,756.5278,0.4082,308.8512,0.0002415,7:107,622.3166
26:33,6,714.1421,624.0427,675.5281,714.1421,0.4082,291.5473,0.00022797,7:108,624.0427
26:34,7,594.1873,159.9826,286.5471,337.8204,0.378,127.6841,9.984e-05,7:109,159.9826
26:35,8,491.2957,410.0037,464.6605,491.2957,0.3536,173.6993,0.00013582,7:110,410.0037
26:36,7,178.7485,119.9328,178.7485,178.7485,0.378,67.5606,5.283e-05,7:111,119.9328
26:37,4,15.2793,15.2793,15.2793,15.2793,0.5,7.6396,5.97e-06,7:112,15.2793
26:38,5,29.4078,14.7039,29.4078,29.4078,0.4472,13.1516,1.028e-05,26:155,14.7039
26:39,5,15.2793,15.2793,15.2793,15.2793,0.4472,6.8331,5.34e-06,37:54,15.2793
26:40,7,126.4232,15.2793,70.8512,126.4232,0.378,47.7835,3.736e-05,37:116,15.2793
26:41,12,792.8561,624.7561,724.9327,792.8561,0.2887,228.8778,0.00017896,7:113,624.7561
26:42,6,131.9684,76.3964,131.9684,131.9684,0.4082,53.8759,4.213e-05,7:114,76.3964
26:43,7,1049.5169,849.6207,947.1672,1011.4748,0.378,382.3015,0.00029893,10:80,849.6207
26:44,9,15.2793,15.2793,15.2793,15.2793,0.3333,5.0931,3.98e-06,20:66,15.2793
26:45,8,587.3049,394.2781,535.8195,587.3049,0.3536,207.6436,0.00016236,7:117,394.2781
26:46,3,30.5586,15.2793,30.5586,30.5586,0.5774,17.643,1.38e-05,20:70,15.2793
26:47,4,347.7391,162.5518,260.1922,322.7257,0.5,161.3628,0.00012617,7:121,162.5518
26:48,3,113.7613,59.4225,113.7613,113.7613,0.5774,65.6801,5.136e-05,7:122,59.4225
26:49,21,3256.3836,2381.4632,2954.0938,3006.2127,0.2182,656.0094,0.00051294,20:71,2381.4632
26:50,7,331.2222,164.8781,264.6341,331.2222,0.378,125.1902,9.789e-05,7:125,164.8781
26:51,11,127.8899,15.2793,73.5511,127.8899,0.3015,38.5602,3.015e-05,7:143,15.2793
26:52,8,811.3672,391.2948,715.6481,798.0496,0.3536,282.1531,0.00022062,20:77,391.2948
26:53,5,132.9106,58.8157,132.9106,132.9106,0.4472,59.4394,4.648e-05,7:111,58.8157
26:54,4,91.5744,13.0821,65.4103,91.5744,0.5,45.7872,3.58e-05,7:139,13.0821
26:55,3,0,0.0,0,0,0.5774,0.0,0.0,,0.0
26:56,3,0,0.0,0,0,0.5774,0.0,0.0,,0.0
26:57,4,113.7613,59.4225,113.7613,113.7613,0.5,56.8806,4.448e-05,44:25,59.4225
26:58,3,15.2793,15.2793,15.2793,15.2793,0.5774,8.8215,6.9e-06,44:26,15.2793
26:59,4,296.3939,15.2793,58.5277,112.5882,0.5,56.2941,4.402e-05,44:28,15.2793
26:60,2,0,0.0,0,0,0.7071,0.0,0.0,,0.0
26:61,8,0,0.0,0,0,0.3536,0.0,0.0,,0.0
26:62,6,73.3315,15.2793,73.3315,73.3315,0.4082,29.9374,2.341e-05,26:15,15.2793
26:63,13,320.603,73.8594,254.0149,320.603,0.2774,88.9193,6.953e-05,7:160,73.8594
26:64,3,0,0.0,0,0,0.5774,0.0,0.0,,0.0
26:65,5,55.572,13.893,55.572,55.572,0.4472,24.8525,1.943e-05,7:131,13.893
26:66,3,75.2457,60.5418,75.2457,75.2457,0.5774,43.4431,3.397e-05,37:82,60.5418
26:67,8,9352.157,899.0732,4495.366,6647.0009,0.3536,2350.0697,0.00183755,26:8,899.0732
26:68,5,2501.9438,338.1555,1690.7775,2404.3567,0.4472,1075.261,0.00084076,26:9,338.1555
26:69,4,171.0916,57.0305,171.0916,171.0916,0.5,85.5458,6.689e-05,5:27,57.0305
26:70,6,891.6217,385.3282,634.5249,695.6947,0.4082,284.0162,0.00022208,21:52,385.3282
26:71,6,15.2793,15.2793,15.2793,15.2793,0.4082,6.2377,4.88e-06,2:133,15.2793
26:72,5,70.8512,15.2793,70.8512,70.8512,0.4472,31.6856,2.478e-05,40:10,15.2793
26:73,4,0,0.0,0,0,0.5,0.0,0.0,,0.0
26:74,6,122.6787,14.2576,69.4082,122.6787,0.4082,50.0834,3.916e-05,21:53,14.2576
26:75,5,333.2596,56.9583,110.8516,166.4536,0.4472,74.4403,5.821e-05,26:92,56.9583
26:76,3,55.572,13.893,55.572,55.572,0.5774,32.0845,2.509e-05,7:71,13.893
26:77,6,372.6304,15.2793,61.656,113.4851,0.4082,46.3301,3.623e-05,17:102,15.2793
26:78,4,0,0.0,0,0,0.5,0.0,0.0,,0.0
26:79,4,0,0.0,0,0,0.5,0.0,0.0,,0.0
26:80,4,0,0.0,0,0,0.5,0.0,0.0,,0.0
26:81,4,0,0.0,0,0,0.5,0.0,0.0,,0.0
26:82,8,143.5343,14.7039,67.45,130.8536,0.3536,46.2637,3.617e-05,24:22,14.7039
26:83,6,132.9106,58.8157,132.9106,132.9106,0.4082,54.2605,4.243e-05,3:38,58.8157
26:84,6,100.2591,15.2793,72.4731,100.2591,0.4082,40.9306,3.2e-05,19:50,15.2793
26:85,5,0,0.0,0,0,0.4472,0.0,0.0,,0.0
26:86,6,626.3913,51.1368,139.7936,195.3956,0.4082,79.7699,6.237e-05,28:4,51.1368
26:87,4,67.9234,13.5847,67.9234,67.9234,0.5,33.9617,2.656e-05,7:14,13.5847
26:88,6,221.9432,56.7982,110.8238,172.5568,0.4082,70.446,5.508e-05,40:52,56.7982
26:89,6,455.2089,15.2793,54.3841,103.2652,0.4082,42.1578,3.296e-05,37:84,15.2793
26:90,3,61.1171,61.1171,61.1171,61.1171,0.5774,35.286,2.759e-05,50:31,61.1171
26:91,3,15.2793,15.2793,15.2793,15.2793,0.5774,8.8215,6.9e-06,79:36,15.2793
26:92,6,603.9697,159.6727,336.7704,403.8025,0.4082,164.8517,0.0001289,40:73,159.6727
26:93,7,2559.6261,35.4643,177.3215,354.643,0.378,134.0425,0.00010481,2:23,35.4643
26:94,4,0,0.0,0,0,0.5,0.0,0.0,,0.0
26:95,3,0,0.0,0,0,0.5774,0.0,0.0,,0.0
26:96,4,55.572,13.893,55.572,55.572,0.5,27.786,2.173e-05,2:25,13.893
26:97,6,471.2421,52.6912,226.0442,293.9677,0.4082,120.0118,9.384e-05,3:164,52.6912
26:98,4,42.7729,14.2576,42.7729,42.7729,0.5,21.3864,1.672e-05,7:121,14.2576
26:99,4,0,0.0,0,0,0.5,0.0,0.0,,0.0
26:100,4,102.9707,12.8713,64.3567,102.9707,0.5,51.4854,4.026e-05,3:8,12.8713
26:101,3,0,0.0,0,0,0.5774,0.0,0.0,,0.0
26:102,7,281.9765,60.5418,109.7008,167.1261,0.378,63.1677,4.939e-05,2:167,60.5418
26:103,8,9352.157,899.0732,4495.366,6647.0009,0.3536,2350.0697,0.00183755,26:8,899.0732
26:104,5,2501.9438,338.1555,1690.7775,2404.3567,0.4472,1075.261,0.00084076,26:9,338.1555
26:105,4,154.4748,14.7039,66.9279,129.4614,0.5,64.7307,5.061e-05,26:160,14.7039
26:106,7,864.725,164.7397,583.6247,647.0283,0.378,244.5537,0.00019122,26:124,164.7397
26:107,4,805.3432,148.2605,741.3027,805.3432,0.5,402.6716,0.00031485,26:125,148.2605
26:108,3,519.5306,49.8522,249.2612,460.4802,0.5774,265.8584,0.00020788,3:50,49.8522
26:109,11,8239.4649,1575.0365,6846.3909,7593.5689,0.3015,2289.5472,0.00179023,26:127,1575.0365
26:110,3,519.5306,49.8522,249.2612,460.4802,0.5774,265.8584,0.00020788,3:50,49.8522
26:111,5,15.2793,15.2793,15.2793,15.2793,0.4472,6.8331,5.34e-06,2:13,15.2793
26:112,6,986.8934,45.625,228.1251,420.9346,0.4082,171.8458,0.00013437,6:108,45.625
26:113,7,187.1323,11.6958,58.4788,116.9577,0.378,44.2058,3.457e-05,2:45,11.6958
26:114,4,170.9048,58.3445,108.3713,170.9048,0.5,85.4524,6.682e-05,11:29,58.3445
26:115,5,508.1017,164.6514,408.0482,470.5816,0.4472,210.4505,0.00016455,7:188,164.6514
26:116,8,357.7829,177.2557,318.5368,357.7829,0.3536,126.4954,9.891e-05,26:167,177.2557
26:117,5,369.6754,15.2793,65.6541,118.0716,0.4472,52.8032,4.129e-05,25:30,15.2793
26:118,9,222.0101,15.2793,61.2195,118.6447,0.3333,39.5482,3.092e-05,67:28,15.2793
26:119,6,363.361,163.2651,308.4057,363.361,0.4082,148.3415,0.00011599,10:73,163.2651
26:120,4,29.4078,14.7039,29.4078,29.4078,0.5,14.7039,1.15e-05,26:66,14.7039
26:121,8,9352.157,899.0732,4495.366,6647.0009,0.3536,2350.0697,0.00183755,26:8,899.0732
26:122,5,2501.9438,338.1555,1690.7775,2404.3567,0.4472,1075.261,0.00084076,26:9,338.1555
26:123,3,15.2793,15.2793,15.2793,15.2793,0.5774,8.8215,6.9e-06,54:18,15.2793
26:124,7,864.725,164.7397,583.6247,647.0283,0.378,244.5537,0.00019122,26:106,164.7397
26:125,4,805.3432,148.2605,741.3027,805.3432,0.5,402.6716,0.00031485,26:107,148.2605
26:126,3,519.5306,49.8522,249.2612,460.4802,0.5774,265.8584,0.00020788,3:50,49.8522
26:127,11,8239.4649,1575.0365,6846.3909,7593.5689,0.3015,2289.5472,0.00179023,26:109,1575.0365
26:128,5,0,0.0,0,0,0.4472,0.0,0.0,,0.0
26:129,4,0,0.0,0,0,0.5,0.0,0.0,,0.0
26:130,4,0,0.0,0,0,0.5,0.0,0.0,,0.0
26:131,3,519.5306,49.8522,249.2612,460.4802,0.5774,265.8584,0.00020788,3:50,49.8522
26:132,5,15.2793,15.2793,15.2793,15.2793,0.4472,6.8331,5.34e-06,26:184,15.2793
26:133,3,0,0.0,0,0,0.5774,0.0,0.0,,0.0
26:134,2,0,0.0,0,0,0.7071,0.0,0.0,,0.0
26:135,6,2324.9573,572.9582,1798.2015,2091.0424,0.4082,853.6645,0.00066749,7:59,572.9582
26:136,9,181.5476,15.2793,71.9452,140.7935,0.3333,46.9312,3.67e-05,14:21,15.2793
26:137,5,909.3527,45.5048,227.524,455.048,0.4472,203.5037,0.00015912,5:110,45.5048
26:138,3,234.6043,56.3102,149.2155,210.2075,0.5774,121.3633,9.49e-05,34:35,56.3102
26:139,10,9352.157,899.0732,4495.366,6647.0009,0.3162,2101.9662,0.00164356,26:8,899.0732
26:140,5,2501.9438,338.1555,1690.7775,2404.3567,0.4472,1075.261,0.00084076,26:9,338.1555
26:141,3,42.7729,14.2576,42.7729,42.7729,0.5774,24.6949,1.931e-05,54:23,14.2576
26:142,7,864.725,164.7397,583.6247,647.0283,0.378,244.5537,0.00019122,26:106,164.7397
26:143,4,805.3432,148.2605,741.3027,805.3432,0.5,402.6716,0.00031485,26:107,148.2605
26:144,3,519.5306,49.8522,249.2612,460.4802,0.5774,265.8584,0.00020788,3:50,49.8522
26:145,11,8239.4649,1575.0365,6846.3909,7593.5689,0.3015,2289.5472,0.00179023,26:109,1575.0365
26:146,5,125.067,12.5067,62.5335,125.067,0.4472,55.9316,4.373e-05,2:240,12.5067
26:147,3,310.2546,54.1604,189.6505,249.9525,0.5774,144.3102,0.00011284,15:45,54.1604
26:148,4,0,0.0,0,0,0.5,0.0,0.0,,0.0
26:149,5,144.3615,57.9231,144.3615,144.3615,0.4472,64.5604,5.048e-05,15:82,57.9231
26:150,3,519.5306,49.8522,249.2612,460.4802,0.5774,265.8584,0.00020788,3:50,49.8522
26:151,4,0,0.0,0,0,0.5,0.0,0.0,,0.0
26:152,6,1936.8303,380.7593,559.2194,749.7399,0.4082,306.08,0.00023933,27:48,380.7593
26:153,5,557.9313,391.7411,490.7678,557.9313,0.4472,249.5145,0.0001951,26:185,391.7411
26:154,11,1685.7186,162.2346,717.5849,1328.7902,0.3015,400.6453,0.00031327,26:186,162.2346
26:155,9,58.8157,14.7039,58.8157,58.8157,0.3333,19.6052,1.533e-05,7:73,14.7039
26:156,7,1207.5087,382.3019,917.8915,1135.1463,0.378,429.045,0.00033548,7:73,382.3019
26:157,3,0,0.0,0,0,0.5774,0.0,0.0,,0.0
26:158,10,9435.3597,899.0732,4495.366,6647.0009,0.3162,2101.9662,0.00164356,26:8,899.0732
26:159,5,2501.9438,338.1555,1690.7775,2404.3567,0.4472,1075.261,0.00084076,26:9,338.1555
26:160,4,115.5384,59.1555,115.5384,115.5384,0.5,57.7692,4.517e-05,54:33,59.1555
26:161,7,864.725,164.7397,583.6247,647.0283,0.378,244.5537,0.00019122,26:106,164.7397
26:162,4,805.3432,148.2605,741.3027,805.3432,0.5,402.6716,0.00031485,26:107,148.2605
26:163,3,519.5306,49.8522,249.2612,460.4802,0.5774,265.8584,0.00020788,3:50,49.8522
26:164,11,8239.4649,1575.0365,6846.3909,7593.5689,0.3015,2289.5472,0.00179023,26:109,1575.0365
26:165,4,55.572,13.893,55.572,55.572,0.5,27.786,2.173e-05,5:20,13.893
26:166,11,473.6402,60.5418,279.5859,352.2129,0.3015,106.1962,8.304e-05,18:16,60.5418
26:167,8,357.7829,177.2557,318.5368,357.7829,0.3536,126.4954,9.891e-05,26:116,177.2557
26:168,5,125.067,12.5067,62.5335,125.067,0.4472,55.9316,4.373e-05,2:30,12.5067
26:169,5,15.2793,15.2793,15.2793,15.2793,0.4472,6.8331,5.34e-06,28:21,15.2793
26:170,3,30.5586,15.2793,30.5586,30.5586,0.5774,17.643,1.38e-05,37:134,15.2793
26:171,4,168.0721,168.0721,168.0721,168.0721,0.5,84.0361,6.571e-05,37:135,168.0721
26:172,3,61.1171,61.1171,61.1171,61.1171,0.5774,35.286,2.759e-05,37:136,61.1171
26:173,6,696.33,623.7029,696.33,696.33,0.4082,284.2755,0.00022228,27:58,623.7029
26:174,8,9352.157,899.0732,4495.366,6647.0009,0.3536,2350.0697,0.00183755,26:8,899.0732
26:175,5,2501.9438,338.1555,1690.7775,2404.3567,0.4472,1075.261,0.00084076,26:9,338.1555
26:176,4,15.2793,15.2793,15.2793,15.2793,0.5,7.6396,5.97e-06,15:80,15.2793
26:177,6,565.3147,64.9362,284.2144,347.618,0.4082,141.9145,0.00011097,26:106,64.9362
26:178,4,805.3432,148.2605,741.3027,805.3432,0.5,402.6716,0.00031485,26:107,148.2605
26:179,3,519.5306,49.8522,249.2612,460.4802,0.5774,265.8584,0.00020788,3:50,49.8522
26:180,11,8239.4649,1575.0365,6846.3909,7593.5689,0.3015,2289.5472,0.00179023,26:109,1575.0365
26:181,6,137.4123,58.9199,111.2482,137.4123,0.4082,56.0983,4.386e-05,30:31,58.9199
26:182,3,61.1171,61.1171,61.1171,61.1171,0.5774,35.286,2.759e-05,17:35,61.1171
26:183,9,3889.0463,1256.3155,2709.3645,2745.3304,0.3333,915.1101,0.00071554,11:85,1256.3155
26:184,5,118.25,15.2793,66.7646,118.25,0.4472,52.883,4.135e-05,26:132,15.2793
26:185,5,557.9313,391.7411,490.7678,557.9313,0.4472,249.5145,0.0001951,26:153,391.7411
26:186,9,481.3229,162.2346,303.9277,368.7626,0.3333,122.9209,9.611e-05,26:154,162.2346
26:187,9,2037.1146,159.2933,714.6436,1323.7186,0.3333,441.2395,0.00034501,34:9,159.2933
26:188,5,695.3884,52.0448,110.097,167.5222,0.4472,74.9182,5.858e-05,22:68,52.0448
26:189,10,765.8317,51.0959,255.4793,397.8821,0.3162,125.8214,9.838e-05,6:15,51.0959
26:190,8,9352.157,899.0732,4495.366,6647.0009,0.3536,2350.0697,0.00183755,26:8,899.0732
26:191,5,2501.9438,338.1555,1690.7775,2404.3567,0.4472,1075.261,0.00084076,26:9,338.1555
26:192,4,342.0718,10.3658,51.8291,103.6581,0.5,51.8291,4.053e-05,1:2,10.3658
26:193,4,0,0.0,0,0,0.5,0.0,0.0,,0.0
26:194,5,59.9664,15.2793,59.9664,59.9664,0.4472,26.8178,2.097e-05,28:10,15.2793
26:195,3,15.2793,15.2793,15.2793,15.2793,0.5774,8.8215,6.9e-06,16:103,15.2793
26:196,4,0,0.0,0,0,0.5,0.0,0.0,,0.0
26:197,9,323.8875,14.2576,64.3971,118.4576,0.3333,39.4859,3.087e-05,24:6,14.2576
26:198,5,187.1323,11.6958,58.4788,116.9577,0.4472,52.3051,4.09e-05,2:253,11.6958
26:199,6,940.5045,46.4433,232.2163,464.4326,0.4082,189.6038,0.00014825,6:5,46.4433
26:200,5,113.7613,59.4225,113.7613,113.7613,0.4472,50.8756,3.978e-05,15:12,59.4225
26:201,7,906.0332,160.6239,413.4959,482.5386,0.378,182.3824,0.00014261,10:88,160.6239
26:202,5,1100.6464,145.0887,628.1928,831.4753,0.4472,371.8471,0.00029075,7:95,145.0887
26:203,4,0,0.0,0,0,0.5,0.0,0.0,,0.0
26:204,2,15.2793,15.2793,15.2793,15.2793,0.7071,10.8041,8.45e-06,37:176,15.2793
26:205,4,0,0.0,0,0,0.5,0.0,0.0,,0.0
26:206,5,552.7398,14.7039,68.3142,115.8069,0.4472,51.7904,4.05e-05,46:16,14.7039
26:207,6,1266.9126,145.8289,530.2672,762.2179,0.4082,311.1742,0.00024331,15:84,145.8289
26:208,7,642.3183,389.6503,528.1362,592.2915,0.378,223.8652,0.00017504,15:4,389.6503
26:209,4,182.0499,13.5847,67.9234,131.327,0.5,65.6635,5.134e-05,7:5,13.5847
26:210,4,0,0.0,0,0,0.5,0.0,0.0,,0.0
26:211,5,29.4078,14.7039,29.4078,29.4078,0.4472,13.1516,1.028e-05,19:92,14.7039
26:212,4,15.2793,15.2793,15.2793,15.2793,0.5,7.6396,5.97e-06,83:15,15.2793
26:213,9,1478.8205,369.7127,931.8066,1381.8923,0.3333,460.6308,0.00036017,28:88,369.7127
26:214,3,0,0.0,0,0,0.5774,0.0,0.0,,0.0
26:215,6,281.9765,56.7475,109.7008,167.1261,0.4082,68.2289,5.335e-05,8:64,56.7475
26:216,7,242.2775,58.8472,201.2151,242.2775,0.378,91.5723,7.16e-05,10:41,58.8472
26:217,4,214.3042,13.5847,67.9234,128.9154,0.5,64.4577,5.04e-05,4:81,13.5847
26:218,4,15.2793,15.2793,15.2793,15.2793,0.5,7.6396,5.97e-06,52:48,15.2793
26:219,3,0,0.0,0,0,0.5774,0.0,0.0,,0.0
26:220,4,1029.8068,144.9396,631.0055,808.4669,0.5,404.2335,0.00031608,8:61,144.9396
26:221,6,151.092,15.2793,64.6657,126.3988,0.4082,51.6021,4.035e-05,5:60,15.2793
26:222,5,531.7516,15.2793,52.8409,99.7929,0.4472,44.6288,3.49e-05,45:7,15.2793
26:223,4,0,0.0,0,0,0.5,0.0,0.0,,0.0
26:224,3,0,0.0,0,0,0.5774,0.0,0.0,,0.0
26:225,7,462.0947,14.2576,68.5156,132.8723,0.378,50.221,3.927e-05,11:22,14.2576
26:226,5,298.8752,10.6741,53.3706,106.7411,0.4472,47.7361,3.733e-05,2:30,10.6741
26:227,19,8373.8296,312.8494,1398.8122,1933.6126,0.2294,443.6012,0.00034686,38:24,312.8494
27:1,6,125.067,12.5067,62.5335,125.067,0.4082,51.0584,3.992e-05,2:252,12.5067
27:2,3,15.2793,15.2793,15.2793,15.2793,0.5774,8.8215,6.9e-06,2:97,15.2793
27:3,9,2298.796,1276.1663,2146.087,2298.796,0.3333,766.2653,0.00059915,31:4,1276.1663
27:4,10,2828.0855,352.4822,896.019,1399.9398,0.3162,442.6998,0.00034615,53:27,352.4822
27:5,10,950.1372,161.6592,275.4899,346.3248,0.3162,109.5175,8.563e-05,11:22,161.6592
27:6,7,159.462,61.1171,117.783,159.462,0.378,60.271,4.713e-05,11:1,61.1171
27:7,16,580.2751,135.2121,232.0699,295.4735,0.25,73.8684,5.776e-05,28:29,135.2121
27:8,14,1057.1299,54.0064,254.3389,399.7677,0.2673,106.8424,8.354e-05,39:19,54.0064
27:9,6,579.669,50.3914,251.9571,355.5126,0.4082,145.1374,0.00011349,3:126,50.3914
27:10,19,1906.7443,1772.397,1828.252,1893.6623,0.2294,434.4359,0.00033969,28:31,1772.397
27:11,11,908.0145,55.0387,99.605,149.3755,0.3015,45.0384,3.522e-05,4:148,55.0387
27:12,19,2347.2898,1234.034,1973.6874,2044.595,0.2294,469.0623,0.00036677,28:32,1234.034
27:13,8,409.0976,160.4926,302.9332,369.8514,0.3536,130.7622,0.00010224,61:6,160.4926
27:14,11,1961.8655,360.3499,913.9306,1499.7721,0.3015,452.1983,0.00035358,7:103,360.3499
27:15,15,1048.2267,57.7692,253.7791,498.7914,0.2582,128.7874,0.0001007,34:10,57.7692
27:16,18,1999.357,51.9336,254.1871,429.2886,0.2357,101.1843,7.912e-05,3:62,51.9336
27:17,9,393.2924,52.5474,262.7371,330.7589,0.3333,110.253,8.621e-05,7:38,52.5474
27:18,19,1126.9688,47.8378,239.189,451.0865,0.2294,103.4863,8.092e-05,7:95,47.8378
27:19,24,2556.0082,2456.4061,2514.3293,2556.0082,0.2041,521.743,0.00040796,46:15,2456.4061
27:20,11,244.6488,11.1204,55.602,111.204,0.3015,33.5293,2.622e-05,2:135,11.1204
27:21,9,135.4777,13.893,68.8896,135.4777,0.3333,45.1592,3.531e-05,14:10,13.893
27:22,14,144.3199,61.1171,117.1505,144.3199,0.2673,38.5711,3.016e-05,18:68,61.1171
27:23,11,1214.5929,46.4525,195.9089,246.4027,0.3015,74.2932,5.809e-05,7:145,46.4525
27:24,17,3803.0358,848.0763,1054.8771,1232.1987,0.2425,298.8521,0.00023368,29:38,848.0763
27:25,14,2835.8501,386.2893,537.6855,726.9307,0.2673,194.2804,0.00015191,64:4,386.2893
27:26,8,6112.0204,571.5257,1855.2894,3016.1038,0.3536,1066.3537,0.0008338,23:116,571.5257
27:27,7,278.5611,57.6479,113.2199,172.2703,0.378,65.1121,5.091e-05,38:75,57.6479
27:28,11,15.2793,15.2793,15.2793,15.2793,0.3015,4.6069,3.6e-06,37:102,15.2793
27:29,8,90.525,60.5418,90.525,90.525,0.3536,32.0054,2.503e-05,27:32,60.5418
27:30,8,391.6302,165.8022,221.2602,283.0865,0.3536,100.0862,7.826e-05,1:1,165.8022
27:31,5,15.2793,15.2793,15.2793,15.2793,0.4472,6.8331,5.34e-06,44:19,15.2793
27:32,12,173.7277,60.5418,119.389,173.7277,0.2887,50.1509,3.921e-05,27:29,60.5418
27:33,12,58.0522,15.2793,58.0522,58.0522,0.2887,16.7582,1.31e-05,29:32,15.2793
27:34,13,15.2793,15.2793,15.2793,15.2793,0.2774,4.2377,3.31e-06,28:25,15.2793
27:35,8,0,0.0,0,0,0.3536,0.0,0.0,,0.0
27:36,16,293.8452,14.2576,69.9423,136.8605,0.25,34.2151,2.675e-05,3:157,14.2576
27:37,13,15.2793,15.2793,15.2793,15.2793,0.2774,4.2377,3.31e-06,9:29,15.2793
27:38,10,362.9691,14.7039,60.6792,112.7981,0.3162,35.6699,2.789e-05,27:29,14.7039
27:39,16,925.7689,390.2335,487.9883,550.5217,0.25,137.6304,0.00010762,27:40,390.2335
27:40,38,1958.3787,621.6437,1181.5612,1265.1874,0.1622,205.2405,0.00016048,31:12,621.6437
27:41,12,646.8143,21.4206,79.4728,133.5333,0.2887,38.5477,3.014e-05,9:29,21.4206
27:42,14,30.5586,15.2793,30.5586,30.5586,0.2673,8.1671,6.39e-06,17:107,15.2793
27:43,12,2697.584,35.4643,177.3215,354.643,0.2887,102.3766,8.005e-05,2:23,35.4643
27:44,28,1083.5338,164.8533,375.529,623.589,0.189,117.8472,9.215e-05,28:16,164.8533
27:45,13,868.4072,70.6258,304.0372,475.2849,0.2774,131.8203,0.00010307,7:73,70.6258
27:46,12,473.4973,61.1171,160.2255,226.8136,0.2887,65.4755,5.12e-05,13:6,61.1171
27:47,13,819.0199,54.761,233.748,297.0196,0.2774,82.3784,6.441e-05,7:81,54.761
27:48,10,2020.033,380.7593,559.2194,752.9588,0.3162,238.1065,0.00018618,26:152,380.7593
27:49,14,42.7729,14.2576,42.7729,42.7729,0.2673,11.4315,8.94e-06,6:146,14.2576
27:50,7,726.922,47.8378,239.189,445.8195,0.378,168.5039,0.00013176,7:95,47.8378
27:51,9,1633.7764,135.1882,675.9408,1171.6829,0.3333,390.561,0.00030539,7:84,135.1882
27:52,11,4592.5453,321.5998,1607.9992,2197.1468,0.3015,662.4647,0.00051799,16:11,321.5998
27:53,5,1624.9528,152.3116,375.7688,411.0565,0.4472,183.83,0.00014374,10:63,152.3116
27:54,8,1155.4039,612.9449,922.4279,981.2466,0.3536,346.923,0.00027126,7:80,612.9449
27:55,11,2270.9031,1300.4465,1525.2714,1588.4357,0.3015,478.9314,0.00037448,7:81,1300.4465
27:56,15,3392.2551,972.6626,2669.5264,2841.648,0.2582,733.7104,0.0005737,7:82,972.6626
27:57,7,280.7243,179.582,280.7243,280.7243,0.378,106.1038,8.296e-05,7:83,179.582
27:58,6,696.33,623.7029,696.33,696.33,0.4082,284.2755,0.00022228,26:173,623.7029
27:59,12,344.6706,55.4062,152.6654,209.1375,0.2887,60.3728,4.721e-05,29:63,55.4062
27:60,27,5098.055,190.569,633.9985,908.9302,0.1925,174.9237,0.00013678,14:32,190.569
27:61,21,1993.2276,159.8687,714.8415,1064.6854,0.2182,232.3334,0.00018166,27:60,159.8687
27:62,16,535.0614,56.9831,274.4334,379.4078,0.25,94.8519,7.417e-05,7:3,56.9831
27:63,20,2041.9929,609.0833,1264.1596,1532.9857,0.2236,342.786,0.00026803,7:57,609.0833
27:64,19,4268.1833,603.4991,1209.767,1687.9553,0.2294,387.2435,0.00030279,2:111,603.4991
27:65,14,3996.1794,166.3775,671.4094,1140.247,0.2673,304.7438,0.00023828,16:21,166.3775
27:66,14,877.6187,155.2495,392.9582,459.5441,0.2673,122.8183,9.603e-05,38:8,155.2495
27:67,9,1595.5925,67.457,242.312,460.8808,0.3333,153.6269,0.00012012,13:5,67.457
27:68,12,4078.6514,823.0804,1726.8902,1954.4142,0.2887,564.1908,0.00044115,23:83,823.0804
27:69,9,4919.285,998.5651,2900.0219,3261.1936,0.3333,1087.0645,0.00084999,30:42,998.5651
27:70,9,653.7847,329.3756,430.1373,498.6774,0.3333,166.2258,0.00012997,16:127,329.3756
27:71,7,5148.0336,746.0134,3730.0668,3987.6686,0.378,1507.1971,0.0011785,10:48,746.0134
27:72,9,562.21,161.9516,344.4179,409.8282,0.3333,136.6094,0.00010682,17:51,161.9516
27:73,10,2709.149,1041.5875,1911.1332,2154.8705,0.3162,681.4299,0.00053282,10:60,1041.5875
27:74,8,611.5656,395.5668,451.6002,513.9784,0.3536,181.7188,0.00014209,28:69,395.5668
27:75,10,1355.8001,161.4583,593.2437,776.2787,0.3162,245.4809,0.00019195,10:61,161.4583
27:76,12,1150.5347,59.7308,279.7751,365.1826,0.2887,105.4192,8.243e-05,78:3,59.7308
27:77,4,29.4078,14.7039,29.4078,29.4078,0.5,14.7039,1.15e-05,10:57,14.7039
27:78,8,801.1614,157.924,356.6021,419.5655,0.3536,148.3388,0.00011599,10:93,157.924
27:79,7,714.4973,54.8174,112.8696,157.7672,0.378,59.6304,4.663e-05,3:159,54.8174
27:80,11,1670.752,1539.3093,1642.2367,1670.752,0.3015,503.7507,0.00039389,30:52,1539.3093
27:81,14,2417.1441,1775.9799,1833.6764,1899.4439,0.2673,507.6477,0.00039694,30:53,1775.9799
27:82,16,279.6786,15.2793,75.8211,145.4963,0.25,36.3741,2.844e-05,3:173,15.2793
27:83,11,619.6884,51.6961,184.4961,253.1501,0.3015,76.3276,5.968e-05,4:41,51.6961
27:84,13,672.1677,10.8848,54.4242,108.8484,0.2774,30.1891,2.361e-05,5:105,10.8848
27:85,8,212.8765,15.2793,69.7005,129.3572,0.3536,45.7347,3.576e-05,77:35,15.2793
27:86,15,8113.3728,977.1689,2999.1167,4478.767,0.2582,1156.4127,0.00090422,10:67,977.1689
27:87,18,6034.4757,1475.0704,2712.5149,2972.6705,0.2357,700.6652,0.00054786,39:68,1475.0704
27:88,18,1147.6554,19.0513,89.0766,153.4333,0.2357,36.1646,2.828e-05,20:98,19.0513
27:89,11,850.8018,619.6754,823.0158,850.8018,0.3015,256.5264,0.00020058,28:84,619.6754
27:90,13,2047.4627,366.8149,921.6661,1172.2418,0.2774,325.1214,0.00025422,36:54,366.8149
27:91,17,1681.1075,386.3334,823.6017,920.657,0.2425,223.2921,0.0001746,10:72,386.3334
27:92,15,1666.9562,830.2174,1491.3411,1559.8811,0.2582,402.7596,0.00031492,10:108,830.2174
27:93,11,1116.8779,382.533,704.3068,889.4125,0.3015,268.1679,0.00020968,11:123,382.533
28:1,1,0,0.0,0,0,1.0,0.0,0.0,,0.0
28:2,4,570.6391,155.387,468.1528,570.6391,0.5,285.3196,0.0002231,12:1,155.387
28:3,9,237.9552,13.0821,65.4103,128.1696,0.3333,42.7232,3.341e-05,3:58,13.0821
28:4,19,1940.5211,51.1368,153.6681,224.9808,0.2294,51.6141,4.036e-05,26:86,51.1368
28:5,12,1470.9441,18.4876,70.4843,126.9564,0.2887,36.6492,2.866e-05,42:42,18.4876
28:6,12,2073.3431,60.5418,264.4686,357.6916,0.2887,103.2567,8.074e-05,28:8,60.5418
28:7,22,273.8048,26.9023,97.5992,166.1956,0.2132,35.433,2.771e-05,7:117,26.9023
28:8,13,226.3377,60.5418,115.2182,176.9513,0.2774,49.0774,3.837e-05,28:6,60.5418
28:9,18,1429.6678,624.2534,815.6047,1054.7937,0.2357,248.6173,0.0001944,12:21,624.2534
28:10,17,317.1951,15.2793,70.5114,133.4344,0.2425,32.3626,2.53e-05,26:194,15.2793
28:11,10,711.6427,47.8378,239.189,442.4716,0.3162,139.9218,0.00010941,7:95,47.8378
28:12,16,913.6192,58.8157,156.6012,198.6578,0.25,49.6644,3.883e-05,20:40,58.8157
28:13,17,4417.1055,1019.8668,1826.9682,2512.8592,0.2425,609.4579,0.00047654,10:55,1019.8668
28:14,10,952.1507,678.7244,821.6521,887.794,0.3162,280.7451,0.00021952,12:22,678.7244
28:15,38,513.785,58.7092,161.8699,234.497,0.1622,38.0404,2.974e-05,5:90,58.7092
28:16,13,1447.1895,164.8533,580.8285,822.2615,0.2774,228.0543,0.00017832,27:44,164.8533
28:17,9,400.234,56.3213,117.1797,169.5971,0.3333,56.5324,4.42e-05,15:39,56.3213
28:18,16,212.2433,59.4225,117.1505,185.0739,0.25,46.2685,3.618e-05,18:66,59.4225
28:19,32,2525.82,65.9024,282.7659,506.3322,0.1768,89.5077,6.999e-05,5:17,65.9024
28:20,18,243.2165,76.3964,136.9382,203.9704,0.2357,48.0763,3.759e-05,36:20,76.3964
28:21,10,739.3979,53.0824,189.8057,253.619,0.3162,80.2014,6.271e-05,23:28,53.0824
28:22,11,125.9756,15.2793,71.6369,125.9756,0.3015,37.9831,2.97e-05,7:129,15.2793
28:23,27,244.7256,14.2576,70.5589,134.94,0.1925,25.9692,2.031e-05,8:60,14.2576
28:24,15,312.4108,15.2793,68.0787,130.6121,0.2582,33.7239,2.637e-05,11:45,15.2793
28:25,26,608.9547,53.0824,189.8057,255.216,0.1961,50.052,3.914e-05,23:28,53.0824
28:26,10,91.5744,13.0821,65.4103,91.5744,0.3162,28.9584,2.264e-05,2:105,13.0821
28:27,29,2206.0996,376.3051,706.555,892.0124,0.1857,165.6426,0.00012952,37:102,376.3051
28:28,15,701.2118,163.1587,223.1251,284.117,0.2582,73.3587,5.736e-05,12:66,163.1587
28:29,27,1451.7991,1082.5277,1308.2648,1375.7148,0.1925,264.7564,0.00020702,20:10,1082.5277
28:30,19,770.1133,61.1171,261.4496,406.8784,0.2294,93.3443,7.299e-05,20:11,61.1171
28:31,19,1873.8068,1772.397,1832.1279,1873.8068,0.2294,429.8808,0.00033613,27:10,1772.397
28:32,25,2935.9048,1234.034,1975.8961,2240.6793,0.2,448.1359,0.0003504,27:12,1234.034
28:33,9,748.8322,61.1171,254.2635,459.4702,0.3333,153.1567,0.00011976,26:14,61.1171
28:34,14,523.8235,158.718,365.7698,464.7731,0.2673,124.2158,9.713e-05,26:12,158.718
28:35,15,15.2793,15.2793,15.2793,15.2793,0.2582,3.9451,3.08e-06,17:33,15.2793
28:36,17,1652.4876,447.7181,1050.5982,1307.2999,0.2425,317.0668,0.00024792,23:24,447.7181
28:37,18,1938.4497,1067.5109,1475.006,1561.5734,0.2357,368.0664,0.0002878,6:135,1067.5109
28:38,27,1427.3175,397.2614,613.1364,847.3035,0.1925,163.0636,0.0001275,40:37,397.2614
28:39,12,2138.5954,139.9232,699.6158,897.5911,0.2887,259.1122,0.0002026,7:146,139.9232
28:40,10,2312.8712,395.5668,1165.5087,1751.3502,0.3162,553.8256,0.00043304,51:40,395.5668
28:41,9,346.4535,58.0362,116.0884,186.6473,0.3333,62.2158,4.865e-05,2:221,58.0362
28:42,10,1009.2729,615.9605,849.6766,918.3306,0.3162,290.4016,0.00022707,11:60,615.9605
28:43,16,3304.6571,141.3333,706.6664,1118.43,0.25,279.6075,0.00021863,2:87,141.3333
28:44,13,437.2422,58.9199,115.0104,181.5986,0.2774,50.3664,3.938e-05,28:46,58.9199
28:45,18,274.8245,61.1171,117.8398,183.2501,0.2357,43.1925,3.377e-05,20:40,61.1171
28:46,20,2973.8551,1758.6831,1989.2643,2184.6524,0.2236,488.5031,0.00038197,32:3,1758.6831
28:47,18,1579.9568,855.6399,1180.794,1331.8394,0.2357,313.9176,0.00024546,20:134,855.6399
28:48,26,2123.0363,615.9605,853.3827,935.4178,0.1961,183.4505,0.00014344,10:76,615.9605
28:49,13,3014.9734,58.5373,280.2429,514.0421,0.2774,142.5696,0.00011148,16:95,58.5373
28:50,23,8931.1173,523.2719,2213.0989,2909.0117,0.2085,606.5709,0.00047429,5:51,523.2719
28:51,6,79.9058,13.3176,66.5881,79.9058,0.4082,32.6214,2.551e-05,2:221,13.3176
28:52,8,627.3446,54.761,234.3234,297.6904,0.3536,105.2495,8.23e-05,2:121,54.761
28:53,15,1079.7493,57.4255,273.0286,398.1219,0.2582,102.7946,8.038e-05,52:28,57.4255
28:54,12,388.3829,61.1171,278.4722,388.3829,0.2887,112.1165,8.767e-05,13:22,61.1171
28:55,15,338.3477,165.7707,270.4242,338.3477,0.2582,87.361,6.831e-05,42:15,165.7707
28:56,13,1646.0895,380.2234,604.9694,860.0796,0.2774,238.5432,0.00018652,2:272,380.2234
28:57,25,2641.4042,134.0036,670.0181,1169.5239,0.2,233.9048,0.00018289,6:37,134.0036
28:58,17,781.7,57.7692,207.1399,274.0678,0.2425,66.4712,5.197e-05,17:17,57.7692
28:59,20,884.1238,61.1171,198.1033,265.8647,0.2236,59.4492,4.648e-05,6:131,61.1171
28:60,15,3044.8794,994.4072,1313.4601,1510.5343,0.2582,390.0183,0.00030496,42:36,994.4072
28:61,17,1595.64,155.7163,373.9743,563.7946,0.2425,136.7403,0.00010692,10:23,155.7163
28:62,8,1405.9685,1072.2412,1377.4532,1405.9685,0.3536,497.0849,0.00038868,28:74,1072.2412
28:63,18,907.0051,166.9214,226.8878,292.4769,0.2357,68.9375,5.39e-05,46:18,166.9214
28:64,13,455.0778,168.0721,229.1893,285.6614,0.2774,79.2282,6.195e-05,18:52,168.0721
28:65,6,192.1136,61.1171,192.1136,192.1136,0.4082,78.43,6.133e-05,5:109,61.1171
28:66,7,167.0386,11.9313,59.6567,119.3133,0.378,45.0962,3.526e-05,2:18,11.9313
28:67,11,1013.3032,383.0965,731.5478,799.4713,0.3015,241.0497,0.00018848,19:60,383.0965
28:68,14,1118.6572,55.4903,269.2912,532.1119,0.2673,142.2129,0.0001112,2:114,55.4903
28:69,7,731.0202,395.5668,482.3419,536.4024,0.378,202.741,0.00015853,27:74,395.5668
28:70,15,5961.9392,535.3413,1759.9495,2788.4299,0.2582,719.9695,0.00056295,20:8,535.3413
28:71,19,4343.3999,1882.5065,2565.562,2821.4495,0.2294,647.2849,0.00050612,28:72,1882.5065
28:72,21,4372.8077,1882.5065,2565.562,2821.4495,0.2182,615.6908,0.00048142,28:71,1882.5065
28:73,13,2326.932,592.5602,1537.3082,1782.5648,0.2774,494.3945,0.00038657,16:14,592.5602
28:74,8,1405.9685,1072.2412,1377.4532,1405.9685,0.3536,497.0849,0.00038868,28:62,1072.2412
28:75,17,3313.2762,341.9458,1709.7289,2166.8534,0.2425,525.5391,0.00041093,6:24,341.9458
28:76,29,4407.0107,138.1428,637.4435,1121.9438,0.1857,208.3397,0.0001629,8:58,138.1428
28:77,26,5092.5081,132.0184,631.3191,1122.9771,0.1961,220.2339,0.0001722,31:18,132.0184
28:78,28,2723.5626,393.9134,615.0575,745.9601,0.189,140.9732,0.00011023,39:49,393.9134
28:79,20,1019.9968,60.0955,210.3731,276.4085,0.2236,61.8068,4.833e-05,19:11,60.0955
28:80,16,1189.2794,153.5155,368.1911,550.3858,0.25,137.5964,0.00010759,30:56,153.5155
28:81,17,4939.9415,818.2925,1033.5973,1271.2807,0.2425,308.3309,0.00024109,18:43,818.2925
28:82,26,4864.9635,1000.8744,2839.1339,3371.8355,0.1961,661.2713,0.00051706,29:62,1000.8744
28:83,14,1714.3102,44.615,223.0751,422.9861,0.2673,113.0478,8.839e-05,3:5,44.615
28:84,18,3086.5809,619.6754,1527.5145,1742.4309,0.2357,410.6949,0.00032113,27:89,619.6754
28:85,19,1103.5264,152.9406,355.1517,592.0111,0.2294,135.8167,0.0001062,67:29,152.9406
28:86,15,1347.2385,155.8151,582.4282,770.59,0.2582,198.9655,0.00015557,17:87,155.8151
28:87,16,1122.2439,155.7742,440.2918,510.5677,0.25,127.6419,9.981e-05,6:14,155.7742
28:88,19,6185.293,369.7127,1194.2904,1880.0609,0.2294,431.3156,0.00033725,26:213,369.7127
29:1,1,0,0.0,0,0,1.0,0.0,0.0,,0.0
29:2,10,473.2505,14.2576,68.1343,131.5379,0.3162,41.5959,3.252e-05,11:12,14.2576
29:3,11,1509.122,53.921,224.0551,436.7227,0.3015,131.6769,0.00010296,24:55,53.921
29:4,10,448.3001,128.9732,313.4001,384.8965,0.3162,121.7149,9.517e-05,45:21,128.9732
29:5,12,796.3828,60.0955,269.7688,379.2993,0.2887,109.4943,8.562e-05,18:110,60.0955
29:6,10,1613.3729,15.2793,57.6515,90.0623,0.3162,28.4802,2.227e-05,14:8,15.2793
29:7,12,3520.8277,137.6171,632.5137,1251.1344,0.2887,361.1714,0.00028241,47:2,137.6171
29:8,21,3648.2256,1679.215,2529.7076,2755.6031,0.2182,601.3219,0.00047018,31:15,1679.215
29:9,7,3000.3461,123.7241,618.6207,1237.2415,0.378,467.6333,0.00036565,2:82,123.7241
29:10,31,2032.2613,610.1974,853.1498,1102.682,0.1796,198.0475,0.00015486,2:8,610.1974
29:11,6,1699.7174,44.1877,220.9384,376.2764,0.4082,153.6142,0.00012011,2:213,44.1877
29:12,18,2780.7147,367.0796,749.9883,968.5571,0.2357,228.2911,0.0001785,46:11,367.0796
29:13,11,702.9303,14.2576,68.1343,131.5379,0.3015,39.6602,3.101e-05,2:134,14.2576
29:14,16,1311.5076,368.8329,1095.5755,1166.9453,0.25,291.7363,0.00022811,11:25,368.8329
29:15,6,15.2793,15.2793,15.2793,15.2793,0.4082,6.2377,4.88e-06,21:91,15.2793
29:16,13,4947.3541,537.4284,2294.9122,3199.1067,0.2774,887.2726,0.00069377,9:41,537.4284
29:17,27,5652.9538,361.3291,1129.0761,1531.2461,0.1925,294.6884,0.00023042,10:104,361.3291
29:18,13,1213.4356,613.9758,899.6925,972.7658,0.2774,269.7967,0.00021096,24:54,613.9758
29:19,13,2437.6435,358.086,1182.4014,1441.9625,0.2774,399.9284,0.00031271,22:70,358.086
29:20,19,13502.3561,582.7778,2572.7876,4918.1741,0.2294,1128.3065,0.00088224,27:69,582.7778
29:21,8,562.3102,55.2283,92.7899,139.7419,0.3536,49.4062,3.863e-05,5:40,55.2283
29:22,17,12133.8034,1536.7385,4737.3745,6080.21,0.2425,1474.6675,0.00115306,42:31,1536.7385
29:23,13,1553.0799,155.1328,395.3784,636.4987,0.2774,176.533,0.00013803,39:63,155.1328
29:24,20,10752.9988,794.1274,3167.6835,5059.5011,0.2236,1131.3388,0.00088461,27:56,794.1274
29:25,27,6107.8601,606.8203,1102.6099,1440.3002,0.1925,277.1859,0.00021674,45:34,606.8203
29:26,12,839.4221,58.7092,278.8969,364.2414,0.2887,105.1474,8.222e-05,34:50,58.7092
29:27,18,2209.0978,832.0317,1595.6721,1712.3317,0.2357,403.6005,0.00031558,2:130,832.0317
29:28,14,2055.6388,1230.7695,1544.6882,1663.3593,0.2673,444.5515,0.0003476,7:80,1230.7695
29:29,23,4982.7023,794.1274,2441.3312,3135.5192,0.2085,653.8009,0.00051122,27:56,794.1274
29:30,6,481.1353,54.5953,149.9446,208.5644,0.4082,85.1461,6.658e-05,23:26,54.5953
29:31,15,754.3206,396.2397,545.603,611.1446,0.2582,157.7969,0.00012338,11:69,396.2397
29:32,16,1048.8537,620.5089,781.6176,851.8118,0.25,212.953,0.00016651,7:83,620.5089
29:33,23,1490.2771,1083.8076,1229.637,1302.264,0.2085,271.5408,0.00021232,11:77,1083.8076
29:34,12,2051.6931,597.4914,1132.9495,1247.2148,0.2887,360.0399,0.00028152,2:59,597.4914
29:35,7,106.8537,15.2793,67.6075,106.8537,0.378,40.3869,3.158e-05,2:211,15.2793
29:36,16,3635.6306,354.5179,1637.4322,2257.1507,0.25,564.2877,0.00044122,2:60,354.5179
29:37,7,1231.8856,602.0498,1231.8856,1231.8856,0.378,465.609,0.00036407,7:78,602.0498
29:38,16,1516.3007,848.0763,1034.6921,1095.9235,0.25,273.9809,0.00021423,27:24,848.0763
29:39,13,1887.1692,56.5234,243.6942,467.2605,0.2774,129.5948,0.00010133,11:20,56.5234
29:40,28,3302.537,805.4653,2048.3666,2392.0305,0.189,452.0513,0.00035347,9:70,805.4653
29:41,19,3885.6191,363.0707,961.834,1220.5984,0.2294,280.0245,0.00021896,45:10,363.0707
29:42,12,5136.4973,153.8107,722.5898,1386.2157,0.2887,400.166,0.0003129,16:35,153.8107
29:43,8,168.0721,168.0721,168.0721,168.0721,0.3536,59.4225,4.646e-05,59:21,168.0721
29:44,10,5411.7138,347.0188,928.4486,1517.5962,0.3162,479.9061,0.00037525,15:77,347.0188
29:45,21,1465.5127,157.4557,498.7084,753.1264,0.2182,164.3457,0.0001285,6:106,157.4557
29:46,25,1728.491,158.2953,599.7127,873.5175,0.2,174.7035,0.0001366,2:150,158.2953
29:47,19,924.0027,161.7431,509.7619,667.9845,0.2294,153.2462,0.00011983,29:49,161.7431
29:48,13,349.7695,57.8983,113.4702,178.8805,0.2774,49.6125,3.879e-05,28:78,57.8983
29:49,14,1064.1129,161.7431,475.1223,656.1662,0.2673,175.3678,0.00013712,29:47,161.7431
29:50,16,2539.4869,627.8042,1354.2243,1622.4253,0.25,405.6063,0.00031715,67:26,627.8042
29:51,15,2512.4097,162.5518,382.6803,597.6634,0.2582,154.316,0.00012066,39:41,162.5518
29:52,19,5879.8978,332.0848,852.9767,1439.4884,0.2294,330.2413,0.00025822,64:4,332.0848
29:53,12,1262.3064,145.0887,628.1928,834.8233,0.2887,240.9927,0.00018844,7:95,145.0887
29:54,6,182.2007,167.4968,182.2007,182.2007,0.4082,74.3831,5.816e-05,9:49,167.4968
29:55,13,1238.8824,395.8751,597.3414,817.8048,0.2774,226.8183,0.00017735,5:66,395.8751
29:56,8,1721.1042,43.8112,219.0558,438.1117,0.3536,154.8959,0.00012112,3:100,43.8112
29:57,7,549.3747,158.3336,357.3695,413.8416,0.378,156.4174,0.00012231,3:185,158.3336
29:58,17,13404.8286,579.6058,2618.3094,4897.7175,0.2425,1187.871,0.00092881,4:57,579.6058
29:59,5,598.7248,390.3299,570.9388,598.7248,0.4472,267.7579,0.00020936,16:42,390.3299
29:60,12,553.6854,52.4183,262.0917,330.0151,0.2887,95.2672,7.449e-05,2:137,52.4183
29:61,13,4140.1273,576.7284,2031.0743,2303.1609,0.2774,638.7819,0.00049947,31:25,576.7284
29:62,14,7798.8683,1021.6689,3081.2875,4629.186,0.2673,1237.202,0.00096739,34:39,1021.6689
29:63,22,5927.7052,1096.5175,2612.77,3089.0307,0.2132,658.5836,0.00051496,31:25,1096.5175
29:64,15,1245.2314,61.0076,269.1183,528.4322,0.2582,136.4406,0.00010668,39:26,61.0076
29:65,16,2320.7962,1286.3694,2023.1162,2132.0714,0.25,533.0178,0.00041677,31:32,1286.3694
29:66,6,185.5548,58.8157,158.3854,185.5548,0.4082,75.7524,5.923e-05,16:55,58.8157
29:67,15,552.3518,58.0362,237.5801,307.1982,0.2582,79.3182,6.202e-05,27:86,58.0362
29:68,17,8406.78,1146.2579,4684.5058,7063.4886,0.2425,1713.1476,0.00133954,6:21,1146.2579
29:69,9,358.9136,10.2547,51.2734,102.5467,0.3333,34.1822,2.673e-05,2:165,10.2547
30:1,1,0,0.0,0,0,1.0,0.0,0.0,,0.0
30:2,2,0,0.0,0,0,0.7071,0.0,0.0,,0.0
30:3,8,741.8932,13.893,64.2596,107.6976,0.3536,38.0769,2.977e-05,21:28,13.893
30:4,12,983.1222,51.1842,199.7831,268.1608,0.2887,77.4114,6.053e-05,2:108,51.1842
30:5,8,1062.6852,155.4057,285.0944,346.0864,0.3536,122.36,9.568e-05,14:4,155.4057
30:6,11,5603.8978,382.8954,1636.2833,3203.0183,0.3015,965.7464,0.00075513,39:20,382.8954
30:7,10,678.1781,54.5173,112.8866,169.1662,0.3162,53.495,4.183e-05,18:104,54.5173
30:8,22,5811.547,1018.4232,2045.6779,2654.5844,0.2132,565.9593,0.00044253,46:3,1018.4232
30:9,32,13841.4626,1634.5263,7424.9906,10186.576,0.1768,1800.7493,0.00140803,35:44,1634.5263
30:10,13,916.243,54.7859,260.9269,478.0129,0.2774,132.5769,0.00010366,10:95,54.7859
30:11,8,1059.0296,380.5119,892.0382,1045.712,0.3536,369.715,0.00028909,10:34,380.5119
30:12,5,222.2878,55.572,222.2878,222.2878,0.4472,99.4101,7.773e-05,30:14,55.572
30:13,9,457.606,58.4009,114.0855,172.89,0.3333,57.63,4.506e-05,24:6,58.4009
30:14,5,329.2428,162.527,329.2428,329.2428,0.4472,147.2419,0.00011513,45:27,162.527
30:15,9,5962.5932,323.2572,967.3947,1502.195,0.3333,500.7317,0.00039153,4:173,323.2572
30:16,11,1657.7177,59.1555,270.353,527.329,0.3015,158.9957,0.00012432,34:38,59.1555
30:17,6,15.2793,15.2793,15.2793,15.2793,0.4082,6.2377,4.88e-06,21:22,15.2793
30:18,8,2336.1681,68.9176,220.3138,409.559,0.3536,144.801,0.00011322,34:1,68.9176
30:19,14,1815.0798,1072.6284,1506.7291,1764.3569,0.2673,471.5442,0.00036871,10:31,1072.6284
30:20,11,928.033,155.6443,504.3949,696.5834,0.3015,210.0278,0.00016422,35:11,155.6443
30:21,20,7846.1648,508.8545,2143.4371,3623.0874,0.2236,810.147,0.00063347,13:3,508.8545
30:22,13,6274.1422,373.2105,933.2447,1522.6942,0.2774,422.3194,0.00033022,42:29,373.2105
30:23,14,6883.1759,524.544,1733.2776,3212.9278,0.2673,858.6911,0.00067142,10:67,524.544
30:24,21,9690.0327,852.2812,2497.1035,3976.7538,0.2182,867.7988,0.00067854,16:65,852.2812
30:25,16,731.1449,83.2763,223.0894,290.9325,0.25,72.7331,5.687e-05,30:20,83.2763
30:26,8,4130.8643,598.5797,1557.9625,2026.8001,0.3536,716.5821,0.00056031,2:116,598.5797
30:27,18,5424.5783,554.2474,1965.3874,2443.1102,0.2357,575.8466,0.00045026,45:37,554.2474
30:28,27,1646.8063,161.4686,598.09,725.9216,0.1925,139.7037,0.00010924,4:25,161.4686
30:29,16,1834.4001,158.8832,657.5861,809.1303,0.25,202.2826,0.00015817,16:37,158.8832
30:30,22,5296.231,998.6133,2252.0013,3818.7363,0.2132,814.1573,0.0006366,12:40,998.6133
30:31,9,431.3982,58.9199,113.4454,178.8557,0.3333,59.6186,4.662e-05,26:181,58.9199
30:32,11,1089.766,397.2614,830.2756,884.3361,0.3015,266.6374,0.00020849,6:159,397.2614
30:33,18,431.3458,73.0485,244.0204,314.8716,0.2357,74.2159,5.803e-05,39:8,73.0485
30:34,6,735.6091,622.4546,722.0244,735.6091,0.4082,300.3111,0.00023482,16:55,622.4546
30:35,10,590.4364,15.2793,63.0046,122.6613,0.3162,38.7889,3.033e-05,4:91,15.2793
30:36,15,1542.6168,843.0399,1178.7985,1368.19,0.2582,353.2651,0.00027622,42:48,843.0399
30:37,15,13201.6834,2023.4544,4081.8592,5817.4342,0.2582,1502.0551,0.00117448,39:52,2023.4544
30:38,16,1601.7057,619.1697,848.1075,1112.0394,0.25,278.0099,0.00021738,17:26,619.1697
30:39,22,1346.5043,52.9734,260.2954,445.3106,0.2132,94.9405,7.424e-05,2:229,52.9734
30:40,22,2333.3495,160.6239,792.3986,1260.0421,0.2132,268.6419,0.00021006,10:34,160.6239
30:41,15,531.2455,56.0905,198.8301,268.1909,0.2582,69.2466,5.414e-05,6:59,56.0905
30:42,14,7584.918,998.5651,3050.4026,4626.2168,0.2673,1236.4084,0.00096677,27:69,998.5651
30:43,16,5492.5088,1466.5939,2790.3588,3012.5059,0.25,753.1265,0.00058888,42:47,1466.5939
30:44,9,191.9348,61.1171,164.1488,191.9348,0.3333,63.9783,5.003e-05,35:39,61.1171
30:45,11,7021.5272,335.574,1225.6446,1771.3298,0.3015,534.076,0.0004176,65:11,335.574
30:46,17,2021.8466,592.5602,1523.7235,1686.9281,0.2425,409.1402,0.00031991,45:12,592.5602
30:47,18,1594.1536,396.686,697.944,894.3715,0.2357,210.8054,0.00016483,10:74,396.686
30:48,28,3676.0361,443.8636,1423.1666,1967.5471,0.189,371.8315,0.00029074,24:43,443.8636
30:49,10,2332.0137,153.5204,441.3683,645.147,0.3162,204.0134,0.00015952,3:164,153.5204
30:50,19,7121.8861,534.1578,1754.0319,2664.3435,0.2294,611.2423,0.00047794,42:9,534.1578
30:51,9,206.7308,11.485,57.4252,114.8504,0.3333,38.2835,2.993e-05,2:51,11.485
30:52,11,1641.3441,1539.3093,1641.3441,1641.3441,0.3015,494.8839,0.00038696,27:80,1539.3093
30:53,14,2417.1441,1775.9799,1833.6764,1899.4439,0.2673,507.6477,0.00039694,27:81,1775.9799
30:54,24,1874.5757,64.2229,280.1405,544.1365,0.2041,111.0714,8.685e-05,4:1,64.2229
30:55,12,237.5671,55.572,237.5671,237.5671,0.2887,68.5797,5.362e-05,30:12,55.572
30:56,20,1836.8022,153.5155,369.6,624.4175,0.2236,139.624,0.00010917,28:80,153.5155
30:57,9,788.6783,70.2143,215.7127,283.216,0.3333,94.4053,7.382e-05,32:29,70.2143
30:58,19,4497.211,1269.5769,2401.1579,2669.8075,0.2294,612.4959,0.00047892,39:27,1269.5769
30:59,8,1919.5936,384.9409,693.3796,838.1424,0.3536,296.3281,0.0002317,7:101,384.9409
30:60,10,2230.3637,357.2907,1126.116,1689.5328,0.3162,534.2772,0.00041776,40:55,357.2907
31:1,1,0,0.0,0,0,1.0,0.0,0.0,,0.0
31:2,4,471.7392,159.4146,369.2529,471.7392,0.5,235.8696,0.00018443,10:1,159.4146
31:3,3,29.4078,14.7039,29.4078,29.4078,0.5774,16.9786,1.328e-05,7:52,14.7039
31:4,9,2298.796,1276.1663,2146.087,2298.796,0.3333,766.2653,0.00059915,27:3,1276.1663
31:5,8,1658.5044,1070.8793,1275.7263,1350.9759,0.3536,477.6421,0.00037348,2:5,1070.8793
31:6,18,3172.2201,383.9011,845.7981,1111.2714,0.2357,261.9292,0.00020481,45:9,383.9011
31:7,16,718.2045,239.0773,382.4513,448.5683,0.25,112.1421,8.769e-05,45:8,239.0773
31:8,8,9167.9105,722.4887,2145.5085,3615.0802,0.3536,1278.1239,0.00099938,85:11,722.4887
31:9,8,1462.3369,65.2815,262.4097,498.903,0.3536,176.3889,0.00013792,4:122,65.2815
31:10,27,5939.9777,833.1697,2157.7412,2822.4267,0.1925,543.1763,0.00042472,16:15,833.1697
31:11,14,1592.239,57.5732,250.7035,487.5629,0.2673,130.3067,0.00010189,46:32,57.5732
31:12,18,1871.215,621.6437,1135.9658,1207.3356,0.2357,284.5717,0.00022251,27:40,621.6437
31:13,14,277.4103,25.7031,84.2832,147.4994,0.2673,39.4209,3.082e-05,2:67,25.7031
31:14,17,175.6835,88.3526,175.6835,175.6835,0.2425,42.6095,3.332e-05,46:15,88.3526
31:15,29,4150.6406,1679.215,2528.6819,2754.5775,0.1857,511.5122,0.00039996,29:8,1679.215
31:16,24,5043.9805,168.0721,449.9169,631.1816,0.2041,128.8394,0.00010074,21:47,168.0721
31:17,17,860.1129,165.2995,279.8478,345.2581,0.2425,83.7374,6.548e-05,3:186,165.2995
31:18,16,5897.331,390.0376,1387.0059,2011.1318,0.25,502.7829,0.00039313,57:23,390.0376
31:19,11,0,0.0,0,0,0.3015,0.0,0.0,,0.0
31:20,30,19687.0364,2173.6015,4917.2262,7097.7406,0.1826,1295.8642,0.00101326,22:8,2173.6015
31:21,21,4290.9004,1898.3949,2865.0111,3121.2164,0.2182,681.1053,0.00053257,2:170,1898.3949
31:22,15,777.3737,168.0721,225.8413,291.2516,0.2582,75.2008,5.88e-05,2:256,168.0721
31:23,15,3172.9855,358.4073,871.4561,1118.3883,0.2582,288.7666,0.00022579,3:119,358.4073
31:24,7,113.6241,29.1723,85.8382,113.6241,0.378,42.9459,3.358e-05,2:126,29.1723
31:25,15,8244.9007,1237.0386,4260.7581,5312.0316,0.2582,1371.5607,0.00107244,39:38,1237.0386
31:26,10,7912.982,315.5468,1417.8325,2075.3907,0.3162,656.2962,0.00051317,4:170,315.5468
31:27,21,5740.2585,344.9078,1105.8858,1348.2303,0.2182,294.208,0.00023005,8:10,344.9078
31:28,11,2088.5738,147.3867,441.8234,565.2633,0.3015,170.4333,0.00013326,22:75,147.3867
31:29,25,10439.9767,2116.877,5330.5248,5983.6829,0.2,1196.7366,0.00093575,35:13,2116.877
31:30,16,4231.7405,2101.3175,2748.6455,3017.627,0.25,754.4068,0.00058988,22:62,2101.3175
31:31,19,6625.4878,756.9821,2515.6163,3092.5592,0.2294,709.4817,0.00055475,14:5,756.9821
31:32,22,2455.8255,1286.3694,2130.1184,2415.8252,0.2132,515.0557,0.00040273,29:65,1286.3694
31:33,30,4544.4339,1973.3075,2563.6247,3249.5157,0.1826,593.2777,0.00046389,35:5,1973.3075
31:34,27,2942.6286,151.3053,349.7678,571.5193,0.1925,109.9889,8.6e-05,49:13,151.3053
32:1,1,0,0.0,0,0,1.0,0.0,0.0,,0.0
32:2,8,2162.1011,825.1106,1127.329,1377.4211,0.3536,486.9919,0.00038079,10:37,825.1106
32:3,18,3389.0484,1758.6831,1991.5172,2258.1869,0.2357,532.2598,0.00041618,28:46,1758.6831
32:4,24,13859.1882,2039.002,5906.7515,7446.0815,0.2041,1519.925,0.00118845,25:59,2039.002
32:5,17,1193.9685,410.1327,534.1411,606.3218,0.2425,147.0546,0.00011498,70:4,410.1327
32:6,6,742.0959,157.1955,358.1577,571.3183,0.4082,233.2397,0.00018237,64:18,157.1955
32:7,10,1168.5546,54.242,270.7983,353.4017,0.3162,111.7554,8.738e-05,16:4,54.242
32:8,8,216.2686,61.1171,162.9981,216.2686,0.3536,76.4625,5.979e-05,23:12,61.1171
32:9,14,2559.4088,1033.9112,2293.829,2359.2393,0.2673,630.5332,0.00049302,67:23,1033.9112
32:10,14,1634.099,165.3244,280.2812,344.3716,0.2673,92.0372,7.197e-05,13:5,165.3244
32:11,11,367.2779,162.137,301.365,367.2779,0.3015,110.7385,8.659e-05,45:15,162.137
32:12,16,541.6331,64.7555,277.8376,380.8425,0.25,95.2106,7.445e-05,34:31,64.7555
32:13,16,1059.0256,620.7196,722.8361,793.1843,0.25,198.2961,0.00015505,11:119,620.7196
32:14,14,1248.0323,163.9855,368.4048,594.3004,0.2673,158.8335,0.00012419,45:34,163.9855
32:15,15,573.1444,54.9966,114.963,185.5219,0.2582,47.9015,3.745e-05,16:49,54.9966
32:16,11,343.8745,54.3388,271.6938,343.8745,0.3015,103.6821,8.107e-05,2:3,54.3388
32:17,13,1787.7206,144.9277,441.1787,669.3038,0.2774,185.6315,0.00014515,46:14,144.9277
32:18,8,44.6871,15.2793,44.6871,44.6871,0.3536,15.7993,1.235e-05,9:19,15.2793
32:19,12,6546.4006,336.1493,773.9438,1308.7441,0.2887,377.8019,0.00029541,95:6,336.1493
32:20,21,1298.5977,410.9437,836.7795,990.9475,0.2182,216.2425,0.00016908,22:22,410.9437
32:21,9,213.7074,15.2793,69.8047,135.215,0.3333,45.0717,3.524e-05,88:24,15.2793
32:22,13,1138.6156,615.3035,817.4849,999.1042,0.2774,277.1016,0.00021667,18:57,615.3035
32:23,14,1525.257,179.3666,744.6997,1188.6371,0.2673,317.6766,0.0002484,17:2,179.3666
32:24,10,76.3964,61.1171,76.3964,76.3964,0.3162,24.1587,1.889e-05,21:73,61.1171
32:25,11,4471.0706,780.1906,3255.9567,3507.5105,0.3015,1057.5542,0.00082692,10:93,780.1906
32:26,18,6715.0477,1650.8567,2623.6465,3200.5893,0.2357,754.3861,0.00058987,20:128,1650.8567
32:27,17,372.1155,54.7549,205.2081,272.3716,0.2425,66.0598,5.165e-05,13:41,54.7549
32:28,7,1887.7083,93.9483,469.7415,727.3433,0.378,274.9099,0.00021496,10:48,93.9483
32:29,11,1602.1343,70.2143,277.631,351.1043,0.3015,105.8619,8.277e-05,30:57,70.2143
32:30,5,42.7729,14.2576,42.7729,42.7729,0.4472,19.1286,1.496e-05,4:63,14.2576
33:1,13,4090.5399,348.7975,1349.0131,1546.8497,0.2774,429.0189,0.00033546,4:11,348.7975
33:2,12,5033.8198,574.0092,1517.9884,1777.5977,0.2887,513.1482,0.00040124,4:94,574.0092
33:3,6,2115.5562,587.9016,1346.8595,1491.4806,0.4082,608.8944,0.0004761,4:81,587.9016
33:4,28,182.0994,58.9199,116.6891,182.0994,0.189,34.4136,2.691e-05,5:103,58.9199
33:5,28,2642.3676,137.2509,686.2544,1237.8069,0.189,233.9235,0.00018291,4:96,137.2509
33:6,29,3397.6259,1076.3482,1600.3679,1679.6094,0.1857,311.8956,0.00024388,8:75,1076.3482
33:7,17,563.6136,167.4968,269.2273,339.5031,0.2425,82.3416,6.438e-05,4:154,167.4968
33:8,8,189.1536,14.2576,67.1697,128.1617,0.3536,45.312,3.543e-05,4:37,14.2576
33:9,21,6448.0906,378.4604,1451.0297,1721.7887,0.2182,375.7251,0.00029378,48:24,378.4604
33:10,16,30.5586,15.2793,30.5586,30.5586,0.25,7.6396,5.97e-06,8:42,15.2793
33:11,6,0,0.0,0,0,0.4082,0.0,0.0,,0.0
33:12,13,2120.6078,600.5608,1232.54,1477.0745,0.2774,409.6668,0.00032032,8:49,600.5608
33:13,25,260.2684,15.2793,74.6703,143.713,0.2,28.7426,2.247e-05,71:6,15.2793
33:14,14,151.092,15.2793,64.6657,126.3988,0.2673,33.7815,2.641e-05,2:99,15.2793
33:15,13,1519.6345,45.9061,184.1926,249.0794,0.2774,69.0822,5.402e-05,2:91,45.9061
33:16,15,334.0231,26.3997,96.9111,156.0967,0.2582,40.304,3.151e-05,17:76,26.3997
33:17,24,6954.4323,1250.7144,2202.3497,2481.0249,0.2041,506.4371,0.00039599,4:173,1250.7144
33:18,14,387.818,58.8472,115.9998,176.5303,0.2673,47.1797,3.689e-05,24:63,58.8472
33:19,35,2383.2871,359.9909,1198.5579,1431.9957,0.169,242.0515,0.00018926,4:30,359.9909
33:20,23,373.6894,15.2793,74.7018,140.161,0.2085,29.2256,2.285e-05,24:62,15.2793
33:21,17,1896.8486,1135.2691,1202.8647,1273.059,0.2425,308.7622,0.00024143,60:6,1135.2691
33:22,18,730.0767,162.2187,219.3712,286.7606,0.2357,67.5901,5.285e-05,33:12,162.2187
33:23,18,614.1151,25.0134,125.067,191.184,0.2357,45.0625,3.524e-05,2:253,25.0134
33:24,16,3703.5214,355.1705,1077.1337,1289.0133,0.25,322.2533,0.00025197,4:23,355.1705
33:25,16,1708.4586,48.5214,144.8015,205.0553,0.25,51.2638,4.008e-05,8:55,48.5214
33:26,16,1385.4785,313.2903,512.9435,754.1369,0.25,188.5342,0.00014742,59:2,313.2903
33:27,13,5222.9355,549.8464,1628.5403,2212.1528,0.2774,613.5408,0.00047974,48:21,549.8464
33:28,15,1006.3723,163.2651,341.5876,405.6605,0.2582,104.7411,8.19e-05,33:59,163.2651
33:29,14,996.6243,19.7353,85.3084,149.6651,0.2673,39.9997,3.128e-05,8:13,19.7353
33:30,16,2003.7215,359.9909,1173.3477,1375.3773,0.25,343.8443,0.00026886,4:30,359.9909
33:31,14,15.2793,15.2793,15.2793,15.2793,0.2673,4.0836,3.19e-06,9:91,15.2793
33:32,19,156.5342,15.2793,74.3531,142.9495,0.2294,32.7949,2.564e-05,2:204,15.2793
33:33,25,674.6938,55.2796,196.3974,261.7757,0.2,52.3551,4.094e-05,5:49,55.2796
33:34,14,2716.3499,54.4776,227.6571,425.4938,0.2673,113.718,8.892e-05,7:26,54.4776
33:35,30,508.535,61.1171,240.2736,306.8617,0.1826,56.025,4.381e-05,48:29,61.1171
33:36,24,1582.732,157.0404,485.3127,599.0352,0.2041,122.2775,9.561e-05,4:14,157.0404
33:37,48,808.7846,162.9981,264.3037,337.8233,0.1443,48.7606,3.813e-05,4:47,162.9981
33:38,22,2784.4966,837.5735,1069.2149,1210.81,0.2132,258.1456,0.00020185,33:62,837.5735
33:39,13,555.0973,58.1845,274.2868,336.0198,0.2774,93.1951,7.287e-05,4:6,58.1845
33:40,17,1976.2285,373.9715,678.8595,926.7312,0.2425,224.7653,0.00017575,48:26,373.9715
33:41,7,3740.6309,135.3501,367.968,530.0812,0.378,200.3518,0.00015666,5:11,135.3501
33:42,3,42.7729,14.2576,42.7729,42.7729,0.5774,24.6949,1.931e-05,25:5,14.2576
33:43,13,1413.4636,386.4251,972.4006,1166.3995,0.2774,323.501,0.00025295,57:9,386.4251
33:44,8,100.2591,15.2793,72.4731,100.2591,0.3536,35.4469,2.772e-05,9:77,15.2793
33:45,7,616.9736,396.2397,494.9897,555.9816,0.378,210.1413,0.00016431,48:8,396.2397
33:46,6,358.9136,10.2547,51.2734,102.5467,0.4082,41.8645,3.273e-05,2:275,10.2547
33:47,8,1251.9084,46.8303,210.5242,294.4506,0.3536,104.104,8.14e-05,10:27,46.8303
33:48,12,2338.0496,587.9016,1458.9444,1646.672,0.2887,475.3533,0.00037169,4:81,587.9016
33:49,22,6431.441,376.9,865.1893,1465.0368,0.2132,312.3469,0.00024423,2:237,376.9
33:50,61,2865.732,149.4493,698.4528,1229.3589,0.128,157.4033,0.00012308,33:59,149.4493
33:51,35,2601.9411,146.2006,394.2569,653.4218,0.169,110.4484,8.636e-05,49:16,146.2006
33:52,25,6236.3917,320.6571,1408.0386,1991.6512,0.2,398.3302,0.00031146,4:85,320.6571
33:53,69,8757.5204,336.7212,825.0949,1384.2077,0.1204,166.639,0.0001303,24:27,336.7212
33:54,11,1677.5026,385.2723,616.2335,819.1113,0.3015,246.9714,0.00019311,4:32,385.2723
33:55,30,7487.7248,789.1835,1728.2835,1975.7854,0.1826,360.7274,0.00028206,4:33,789.1835
33:56,13,5132.8696,38.9048,194.524,389.048,0.2774,107.9025,8.437e-05,2:153,38.9048
33:57,14,2410.8287,150.2121,365.1909,599.9348,0.2673,160.3393,0.00012537,22:15,150.2121
33:58,12,200.8341,58.8157,160.08,200.8341,0.2887,57.9758,4.533e-05,4:20,58.8157
33:59,21,2007.0025,163.2651,724.4671,1341.8894,0.2182,292.8243,0.00022896,33:28,163.2651
33:60,19,1989.4672,371.9469,900.6274,1145.1619,0.2294,262.7181,0.00020542,8:49,371.9469
33:61,6,0,0.0,0,0,0.4082,0.0,0.0,,0.0
33:62,12,2897.8741,861.5142,1865.8036,1949.9725,0.2887,562.9086,0.00044015,48:23,861.5142
33:63,15,1668.5039,401.9629,726.4753,847.6987,0.2582,218.8749,0.00017114,7:187,401.9629
33:64,7,1624.2578,13.893,62.0541,94.465,0.378,35.7044,2.792e-05,9:100,13.893
33:65,8,1415.2568,389.0967,606.4517,844.299,0.3536,298.5048,0.00023341,48:22,389.0967
33:66,11,202.6232,57.8983,106.1399,166.4419,0.3015,50.1841,3.924e-05,27:90,57.8983
33:67,8,72.1807,14.7039,72.1807,72.1807,0.3536,25.5197,1.995e-05,4:77,14.7039
33:68,8,91.5744,13.0821,65.4103,91.5744,0.3536,32.3764,2.532e-05,2:96,13.0821
33:69,16,6560.202,564.7913,1006.542,1547.0787,0.25,386.7697,0.00030242,3:156,564.7913
33:70,8,5366.0529,324.2574,1621.2871,2089.1161,0.3536,738.6141,0.00057753,2:278,324.2574
33:71,14,1097.3869,151.1189,568.043,683.006,0.2673,182.541,0.00014273,4:13,151.1189
33:72,18,1321.517,18.2894,68.4043,121.447,0.2357,28.6253,2.238e-05,25:6,18.2894
33:73,15,2430.8693,167.4968,716.5003,1326.0456,0.2582,342.3835,0.00026771,48:6,167.4968
34:1,17,16555.8846,844.1882,3563.4236,6322.7876,0.2425,1533.5012,0.00119907,14:2,844.1882
34:2,18,5278.0558,2887.9389,3075.357,3298.9234,0.2357,777.5637,0.00060799,57:4,2887.9389
34:3,32,8030.8327,1636.3107,3338.7307,3888.4178,0.1768,687.3817,0.00053747,10:61,1636.3107
34:4,10,7180.2637,382.5066,1560.7016,2237.0504,0.3162,707.4174,0.00055314,11:11,382.5066
34:5,11,1252.6569,392.7942,816.2516,960.3344,0.3015,289.5517,0.0002264,45:11,392.7942
34:6,16,2417.5871,164.0276,734.9527,1102.0413,0.25,275.5103,0.00021543,14:1,164.0276
34:7,16,1744.3484,66.0955,276.7508,495.3196,0.25,123.8299,9.682e-05,13:5,66.0955
34:8,16,4007.9015,134.3257,671.6286,1335.6282,0.25,333.9071,0.00026109,6:113,134.3257
34:9,29,6763.851,351.6213,1758.1064,2398.3307,0.1857,445.3588,0.00034823,2:255,351.6213
34:10,12,212.8765,57.7692,105.4945,165.1512,0.2887,47.675,3.728e-05,27:15,57.7692
34:11,12,1189.4671,391.9833,580.1473,815.3523,0.2887,235.3719,0.00018404,23:51,391.9833
34:12,27,478.6385,57.6479,117.7434,182.0527,0.1925,35.0361,2.74e-05,22:25,57.6479
34:13,19,489.9033,15.2793,67.5984,129.3315,0.2294,29.6707,2.32e-05,23:109,15.2793
34:14,27,539.6624,51.7529,258.7644,407.5326,0.1925,78.4297,6.133e-05,2:102,51.7529
34:15,20,235.7368,15.2793,72.4731,141.9381,0.2236,31.7383,2.482e-05,29:17,15.2793
34:16,16,55.572,13.893,55.572,55.572,0.25,13.893,1.086e-05,7:133,13.893
34:17,8,30.5586,15.2793,30.5586,30.5586,0.3536,10.8041,8.45e-06,6:146,15.2793
34:18,17,201.6502,57.0305,201.6502,201.6502,0.2425,48.9073,3.824e-05,7:137,57.0305
34:19,19,5699.0147,756.9821,2501.7233,3078.6662,0.2294,706.2945,0.00055226,14:5,756.9821
34:20,10,280.0623,56.3012,107.7866,165.2118,0.3162,52.2446,4.085e-05,8:5,56.3012
34:21,21,3341.1703,143.9851,356.9682,542.1185,0.2182,118.3,9.25e-05,11:57,143.9851
34:22,26,8160.3386,811.7085,2316.2333,2776.1341,0.1961,544.4447,0.00042571,34:3,811.7085
34:23,22,650.976,29.9832,115.2301,188.7497,0.2132,40.2416,3.147e-05,2:255,29.9832
34:24,17,2438.7581,168.0133,484.8143,721.6737,0.2425,175.0316,0.00013686,13:16,168.0133
34:25,9,277.7676,14.7039,68.654,133.0427,0.3333,44.3476,3.468e-05,2:134,14.7039
34:26,11,30.5586,15.2793,30.5586,30.5586,0.3015,9.2138,7.2e-06,42:15,15.2793
34:27,12,801.061,50.3914,251.9571,367.0944,0.2887,105.971,8.286e-05,3:126,50.3914
34:28,12,4481.4268,313.347,1566.735,3133.4699,0.2887,904.5549,0.00070728,7:187,313.347
34:29,7,5148.0336,746.0134,3730.0668,3987.6686,0.378,1507.1971,0.0011785,10:48,746.0134
34:30,10,178.5856,14.2576,67.4661,129.1992,0.3162,40.8564,3.195e-05,7:34,14.2576
34:31,32,2873.6699,185.4957,527.8309,800.3576,0.1768,141.4846,0.00011063,34:33,185.4957
34:32,15,393.3059,55.3612,169.067,234.4773,0.2582,60.5418,4.734e-05,7:76,55.3612
34:33,34,4400.8227,599.8948,1386.2788,1616.5813,0.1715,277.2414,0.00021678,7:147,599.8948
34:34,14,2273.9965,1081.1415,2077.2673,2160.0499,0.2673,577.2976,0.0004514,43:23,1081.1415
34:35,8,249.8835,56.3102,152.2964,213.2884,0.3536,75.4088,5.896e-05,26:138,56.3102
34:36,13,7604.7475,819.2157,2195.0907,3792.4475,0.2774,1051.8357,0.00082245,34:39,819.2157
34:37,23,1186.7507,160.9749,371.216,465.5706,0.2085,97.0782,7.591e-05,18:88,160.9749
34:38,9,555.6689,160.6239,407.5726,475.4961,0.3333,158.4987,0.00012393,22:51,160.6239
34:39,20,4935.9188,1021.6689,2913.761,3452.4317,0.2236,771.9872,0.00060363,29:62,1021.6689
34:40,10,201.2213,60.0955,119.0402,187.6366,0.3162,59.3359,4.64e-05,6:128,60.0955
34:41,13,146.2757,15.2793,74.095,146.2757,0.2774,40.5696,3.172e-05,7:155,15.2793
34:42,18,1120.6197,394.2781,734.271,806.8981,0.2357,190.1877,0.00014871,52:14,394.2781
34:43,34,6737.6123,756.613,2266.5792,3872.1734,0.1715,664.0723,0.00051925,46:7,756.613
34:44,11,334.6929,26.3997,119.9531,190.8044,0.3015,57.5297,4.498e-05,34:34,26.3997
34:45,14,1583.3447,149.4885,400.9164,613.584,0.2673,163.9872,0.00012822,16:33,149.4885
34:46,24,1523.2397,613.5056,812.9724,1062.3059,0.2041,216.8423,0.00016955,7:184,613.5056
34:47,17,6339.757,412.8696,1226.4902,1937.3249,0.2425,469.8703,0.0003674,10:72,412.8696
34:48,7,511.0169,52.5666,147.906,208.898,0.378,78.956,6.174e-05,34:36,52.5666
34:49,8,44.6871,15.2793,44.6871,44.6871,0.3536,15.7993,1.235e-05,3:62,15.2793
34:50,16,510.201,58.7092,116.3967,182.7967,0.25,45.6992,3.573e-05,29:26,58.7092
34:51,10,433.3843,59.4225,272.5046,419.7996,0.3162,132.7523,0.0001038,50:41,59.4225
34:52,9,251.8141,56.3576,196.8587,251.8141,0.3333,83.938,6.563e-05,25:12,56.3576
34:53,10,1303.9031,56.3576,242.5453,306.6182,0.3162,96.9612,7.582e-05,25:12,56.3576
34:54,15,1378.1213,152.041,356.134,421.5443,0.2582,108.8423,8.511e-05,51:46,152.041
35:1,24,12788.3502,923.4113,2807.4013,5152.7879,0.2041,1051.8084,0.00082242,24:45,923.4113
35:2,19,1326.0126,47.2987,236.4933,472.9867,0.2294,108.5106,8.485e-05,14:4,47.2987
35:3,21,6520.2074,563.8352,1565.8248,2178.0713,0.2182,475.2941,0.00037164,40:62,563.8352
35:4,11,1516.5226,165.7707,772.7159,1197.2518,0.3015,360.985,0.00028226,22:42,165.7707
35:5,14,4262.2747,1973.3075,2522.0203,3124.2092,0.2673,834.98,0.00065288,31:33,1973.3075
35:6,13,230.6628,15.2793,70.8512,137.4394,0.2774,38.1188,2.981e-05,67:10,15.2793
35:7,13,6109.1536,575.1639,1381.0054,2023.2474,0.2774,561.1479,0.00043877,5:9,575.1639
35:8,25,5013.4228,573.6226,1826.7844,2265.2822,0.2,453.0564,0.00035425,16:93,573.6226
35:9,17,1026.5657,147.9656,652.9794,892.7414,0.2425,216.5216,0.0001693,2:164,147.9656
35:10,24,815.0789,53.164,264.5102,445.4342,0.2041,90.9239,7.109e-05,4:134,53.164
35:11,34,6324.6272,1084.8292,3863.0694,4891.5467,0.1715,838.8933,0.00065594,41:47,1084.8292
35:12,28,1305.2397,332.8579,918.8907,1032.2793,0.189,195.0825,0.00015254,16:14,332.8579
35:13,28,7542.7716,2116.877,5973.3161,6740.1942,0.189,1273.777,0.00099598,31:29,2116.877
35:14,18,122.133,15.2793,69.8047,122.133,0.2357,28.787,2.251e-05,5:83,15.2793
35:15,10,1062.4518,56.3012,236.1167,298.065,0.3162,94.2564,7.37e-05,31:26,56.3012
35:16,6,761.5757,621.6911,761.5757,761.5757,0.4082,310.912,0.00024311,14:19,621.6911
35:17,5,1324.9457,382.2565,569.0067,770.4609,0.4472,344.5606,0.00026942,14:20,382.2565
35:18,34,2329.6814,366.6874,1420.4174,2006.9792,0.1715,344.1941,0.00026913,6:164,366.6874
35:19,4,305.5402,162.9639,305.5402,305.5402,0.5,152.7701,0.00011945,40:58,162.9639
35:20,4,0,0.0,0,0,0.5,0.0,0.0,,0.0
35:21,4,0,0.0,0,0,0.5,0.0,0.0,,0.0
35:22,16,2617.5498,56.65,199.3936,278.7565,0.25,69.6891,5.449e-05,22:7,56.65
35:23,4,97.3313,14.7039,70.1619,97.3313,0.5,48.6656,3.805e-05,26:154,14.7039
35:24,12,586.5959,395.2181,452.2486,521.1856,0.2887,150.4533,0.00011764,2:119,395.2181
35:25,13,2001.2769,139.7845,625.0367,909.3614,0.2774,252.2115,0.00019721,6:148,139.7845
35:26,7,1239.1139,55.4536,191.7223,250.1713,0.378,94.5559,7.393e-05,22:44,55.4536
35:27,22,6914.4834,987.0031,3062.2195,3731.121,0.2132,795.4777,0.000622,22:63,987.0031
35:28,17,2773.2899,45.5176,227.5882,377.3209,0.2425,91.5138,7.156e-05,2:209,45.5176
35:29,16,2011.4284,845.1995,1056.2386,1124.0,0.25,281.0,0.00021972,13:22,845.1995
35:30,8,610.8974,160.6127,377.9214,436.74,0.3536,154.4109,0.00012074,4:173,160.6127
35:31,16,3119.7344,157.9734,740.4805,990.3854,0.25,247.5963,0.0001936,5:48,157.9734
35:32,21,707.8335,165.2995,262.2581,326.6148,0.2182,71.2732,5.573e-05,42:22,165.2995
35:33,13,2533.0226,1515.3524,2253.949,2319.2551,0.2774,643.2456,0.00050296,22:23,1515.3524
35:34,11,795.809,151.9299,450.8672,659.2237,0.3015,198.7634,0.00015542,7:43,151.9299
35:35,14,302.6795,15.2793,63.2131,117.6373,0.2673,31.4399,2.458e-05,15:48,15.2793
35:36,18,601.2422,56.65,115.8054,183.2271,0.2357,43.187,3.377e-05,10:4,56.65
35:37,25,516.7545,166.1105,270.2201,340.1877,0.2,68.0375,5.32e-05,7:53,166.1105
35:38,10,3876.9893,144.2122,721.061,1000.6512,0.3162,316.4337,0.00024742,8:43,144.2122
35:39,24,2077.8612,61.1171,258.2796,342.0681,0.2041,69.8243,5.46e-05,6:165,61.1171
35:40,33,7588.3534,2415.6292,3750.0047,4231.1344,0.1741,736.546,0.00057592,46:4,2415.6292
35:41,19,3541.3715,163.4014,355.2696,438.2362,0.2294,100.5383,7.861e-05,17:44,163.4014
35:42,19,1100.228,375.9342,978.095,1047.8998,0.2294,240.4047,0.00018798,6:109,375.9342
35:43,26,1521.2426,58.9199,145.286,213.5178,0.1961,41.8743,3.274e-05,47:18,58.9199
35:44,30,13528.1106,1634.5263,6911.5385,8414.6516,0.1826,1536.2982,0.00120125,30:9,1634.5263
35:45,25,3556.7262,1704.8243,1908.4258,2154.1414,0.2,430.8283,0.00033687,16:61,1704.8243
36:1,1,0,0.0,0,0,1.0,0.0,0.0,,0.0
36:2,2,0,0.0,0,0,0.7071,0.0,0.0,,0.0
36:3,3,55.572,13.893,55.572,55.572,0.5774,32.0845,2.509e-05,2:252,13.893
36:4,3,448.4192,51.8745,259.3723,314.9743,0.5774,181.8505,0.00014219,6:39,51.8745
36:5,3,146.3807,12.1984,60.992,121.9839,0.5774,70.4275,5.507e-05,26:9,12.1984
36:6,7,117.6314,58.8157,117.6314,117.6314,0.378,44.4605,3.476e-05,28:46,58.8157
36:7,8,745.1223,57.7692,224.1127,287.1173,0.3536,101.5113,7.937e-05,41:4,57.7692
36:8,10,112.6106,15.2793,71.8565,112.6106,0.3162,35.6106,2.784e-05,40:71,15.2793
36:9,12,554.1511,69.4898,182.0449,248.4449,0.2887,71.7199,5.608e-05,7:17,69.4898
36:10,8,1309.1463,848.5742,902.9129,952.4536,0.3536,336.7432,0.0002633,2:6,848.5742
36:11,12,59.9664,15.2793,59.9664,59.9664,0.2887,17.3108,1.354e-05,35:18,15.2793
36:12,14,202.8196,59.7308,161.1407,202.8196,0.2673,54.2058,4.238e-05,78:29,59.7308
36:13,8,75.2457,60.5418,75.2457,75.2457,0.3536,26.6034,2.08e-05,18:32,60.5418
36:14,11,61.1171,15.2793,61.1171,61.1171,0.3015,18.4275,1.441e-05,36:16,15.2793
36:15,15,1676.2006,382.7519,749.7173,958.5428,0.2582,247.4947,0.00019352,67:9,382.7519
36:16,6,129.4058,15.2793,66.0022,129.4058,0.4082,52.8297,4.131e-05,36:14,15.2793
36:17,5,233.375,55.4176,193.4221,233.375,0.4472,104.3685,8.161e-05,16:35,55.4176
36:18,12,671.699,56.0392,108.3674,171.4763,0.2887,49.5009,3.871e-05,11:48,56.0392
36:19,9,380.5246,161.716,341.2784,380.5246,0.3333,126.8415,9.918e-05,7:81,161.716
36:20,10,283.1272,76.3964,122.3366,179.7618,0.3162,56.8457,4.445e-05,28:20,76.3964
36:21,7,73.3315,15.2793,73.3315,73.3315,0.378,27.7167,2.167e-05,2:166,15.2793
36:22,7,147.6578,15.2793,70.4298,134.7865,0.378,50.9445,3.983e-05,109:2,15.2793
36:23,15,667.6314,52.9742,186.2624,246.5644,0.2582,63.6627,4.978e-05,18:15,52.9742
36:24,5,449.1565,59.1555,269.9204,333.2802,0.4472,149.0475,0.00011654,54:24,59.1555
36:25,4,0,0.0,0,0,0.5,0.0,0.0,,0.0
36:26,7,15.2793,15.2793,15.2793,15.2793,0.378,5.775,4.52e-06,43:38,15.2793
36:27,7,30.5586,30.5586,30.5586,30.5586,0.378,11.5501,9.03e-06,26:21,30.5586
36:28,13,1117.2987,60.0955,283.9415,356.1222,0.2774,98.7705,7.723e-05,19:11,60.0955
36:29,8,1133.7749,846.2887,1031.1168,1095.7327,0.3536,387.4,0.00030291,36:53,846.2887
36:30,11,1858.4773,829.2352,1160.866,1414.1178,0.3015,426.3726,0.00033339,15:11,829.2352
36:31,11,995.7252,385.9382,740.8677,863.9057,0.3015,260.4774,0.00020367,20:128,385.9382
36:32,6,76.3964,61.1171,76.3964,76.3964,0.4082,31.1887,2.439e-05,36:53,61.1171
36:33,10,29.4078,14.7039,29.4078,29.4078,0.3162,9.2996,7.27e-06,36:37,14.7039
36:34,10,412.1058,167.0505,236.6694,295.1482,0.3162,93.334,7.298e-05,23:19,167.0505
36:35,8,44.6871,15.2793,44.6871,44.6871,0.3536,15.7993,1.235e-05,36:73,15.2793
36:36,13,823.0799,61.1171,166.346,226.2277,0.2774,62.7443,4.906e-05,2:61,61.1171
36:37,9,143.5343,14.7039,67.45,130.8536,0.3333,43.6179,3.411e-05,36:33,14.7039
36:38,8,362.0019,160.6239,362.0019,362.0019,0.3536,127.987,0.00010007,6:96,160.6239
36:39,7,0,0.0,0,0,0.378,0.0,0.0,,0.0
36:40,15,61.1171,61.1171,61.1171,61.1171,0.2582,15.7804,1.234e-05,21:33,61.1171
36:41,8,157.2977,58.8472,116.5436,157.2977,0.3536,55.6131,4.348e-05,26:119,58.8472
36:42,6,331.6304,15.2793,57.4594,110.1846,0.4082,44.9827,3.517e-05,2:23,15.2793
36:43,9,398.3198,55.2997,104.782,157.1994,0.3333,52.3998,4.097e-05,60:10,55.2997
36:44,6,197.9244,59.1555,117.0786,184.6067,0.4082,75.3654,5.893e-05,16:80,59.1555
36:45,11,857.7547,47.5943,237.9717,475.9434,0.3015,143.5023,0.00011221,2:11,47.5943
36:46,11,2085.3797,1762.579,1818.037,1885.9604,0.3015,568.6385,0.00044463,6:4,1762.579
36:47,24,4662.0686,379.9365,1114.2226,1398.0412,0.2041,285.374,0.00022314,67:9,379.9365
36:48,7,5148.0336,746.0134,3730.0668,3987.6686,0.378,1507.1971,0.0011785,10:48,746.0134
36:49,8,275.4651,56.6659,196.9727,262.383,0.3536,92.7664,7.254e-05,36:29,56.6659
36:50,7,100.2591,15.2793,72.4731,100.2591,0.378,37.8944,2.963e-05,4:143,15.2793
36:51,10,521.4572,68.1343,208.4494,277.339,0.3162,87.7023,6.858e-05,39:68,68.1343
36:52,12,182.6451,15.2793,74.224,142.6922,0.2887,41.1917,3.221e-05,7:44,15.2793
36:53,10,1194.892,846.2887,1077.5301,1144.1691,0.3162,361.818,0.00028291,36:29,846.2887
36:54,11,2028.3549,366.8149,905.177,1146.0238,0.3015,345.5392,0.00027018,27:90,366.8149
36:55,7,176.9393,15.2793,67.1538,128.1457,0.378,48.4345,3.787e-05,18:9,15.2793
36:56,7,84.9798,14.7039,71.0868,84.9798,0.378,32.1193,2.511e-05,2:210,14.7039
36:57,6,179.0344,15.2793,73.2024,139.7883,0.4082,57.0683,4.462e-05,16:57,15.2793
36:58,5,114.1265,12.6807,63.4036,114.1265,0.4472,51.0389,3.991e-05,7:61,12.6807
36:59,4,0,0.0,0,0,0.5,0.0,0.0,,0.0
36:60,13,1710.2706,359.7587,1497.7441,1566.9007,0.2774,434.5801,0.0003398,2:168,359.7587
36:61,5,423.7162,52.4911,223.549,279.151,0.4472,124.8401,9.761e-05,3:51,52.4911
36:62,8,0,0.0,0,0,0.3536,0.0,0.0,,0.0
36:63,5,163.8564,61.1171,163.8564,163.8564,0.4472,73.2788,5.73e-05,55:43,61.1171
36:64,5,480.8704,52.3531,224.6916,278.0622,0.4472,124.3532,9.723e-05,3:106,52.3531
36:65,11,727.08,48.4648,242.3242,376.2937,0.3015,113.4568,8.871e-05,6:129,48.4648
36:66,9,42.7729,14.2576,42.7729,42.7729,0.3333,14.2576,1.115e-05,36:67,14.2576
36:67,10,58.0522,15.2793,58.0522,58.0522,0.3162,18.3577,1.435e-05,51:45,15.2793
36:68,7,29.4078,14.7039,29.4078,29.4078,0.378,11.1151,8.69e-06,7:69,14.7039
36:69,12,922.916,148.5762,549.6209,798.9544,0.2887,230.6383,0.00018034,12:104,148.5762
36:70,8,336.1366,15.2793,66.0022,129.4058,0.3536,45.7518,3.577e-05,36:7,15.2793
36:71,12,307.489,54.7549,194.8232,258.1026,0.2887,74.5078,5.826e-05,13:41,54.7549
36:72,6,0,0.0,0,0,0.4082,0.0,0.0,,0.0
36:73,6,87.46,15.2793,73.2024,87.46,0.4082,35.7054,2.792e-05,36:35,15.2793
36:74,7,2937.3925,370.0115,511.8688,689.1903,0.378,260.4894,0.00020368,19:81,370.0115
36:75,7,67.9234,13.5847,67.9234,67.9234,0.378,25.6726,2.007e-05,2:273,13.5847
36:76,9,526.211,156.161,499.0416,526.211,0.3333,175.4037,0.00013715,2:77,156.161
36:77,11,925.7506,623.4674,835.6512,900.0079,0.3015,271.3626,0.00021218,16:4,623.4674
36:78,11,15.2793,15.2793,15.2793,15.2793,0.3015,4.6069,3.6e-06,3:52,15.2793
36:79,10,145.7436,14.2576,68.5156,132.8723,0.3162,42.0179,3.285e-05,2:29,14.2576
36:80,11,1129.7802,49.9872,247.2427,490.4452,0.3015,147.8748,0.00011563,16:72,49.9872
36:81,14,3396.5995,289.4908,845.939,1472.0034,0.2673,393.4094,0.00030761,17:99,289.4908
36:82,10,838.5454,150.2859,654.1784,761.3174,0.3162,240.7497,0.00018825,2:117,150.2859
36:83,8,1004.8678,161.3607,242.2146,306.5713,0.3536,108.3893,8.475e-05,23:88,161.3607
37:1,2,0,0.0,0,0,0.7071,0.0,0.0,,0.0
37:2,2,0,0.0,0,0,0.7071,0.0,0.0,,0.0
37:3,2,0,0.0,0,0,0.7071,0.0,0.0,,0.0
37:4,3,0,0.0,0,0,0.5774,0.0,0.0,,0.0
37:5,7,4383.7568,322.0094,1610.0468,2218.9533,0.378,838.6855,0.00065578,19:65,322.0094
37:6,6,75.2457,60.5418,75.2457,75.2457,0.4082,30.7189,2.402e-05,67:5,60.5418
37:7,5,443.7189,55.3612,100.3614,150.8552,0.4472,67.4645,5.275e-05,15:17,55.3612
37:8,9,513.1583,15.2793,66.0022,129.4058,0.3333,43.1353,3.373e-05,2:246,15.2793
37:9,4,244.6488,11.1204,55.602,111.204,0.5,55.602,4.348e-05,2:7,11.1204
37:10,7,455.2089,25.0555,64.1604,113.0414,0.378,42.7256,3.341e-05,15:18,25.0555
37:11,12,210.7437,61.1171,119.1693,184.5796,0.2887,53.2835,4.166e-05,79:27,61.1171
37:12,3,0,0.0,0,0,0.5774,0.0,0.0,,0.0
37:13,4,15.2793,15.2793,15.2793,15.2793,0.5,7.6396,5.97e-06,6:138,15.2793
37:14,4,15.2793,15.2793,15.2793,15.2793,0.5,7.6396,5.97e-06,62:11,15.2793
37:15,6,2319.7534,347.3804,1529.3179,1762.6774,0.4082,719.61,0.00056267,5:110,347.3804
37:16,7,2178.0455,806.0579,2150.2595,2178.0455,0.378,823.2238,0.00064369,23:82,806.0579
37:17,2,15.2793,15.2793,15.2793,15.2793,0.7071,10.8041,8.45e-06,56:48,15.2793
37:18,4,0,0.0,0,0,0.5,0.0,0.0,,0.0
37:19,7,438.3456,168.0721,308.8265,374.942,0.378,141.7147,0.00011081,79:13,168.0721
37:20,5,194.0322,13.3176,66.5881,130.6286,0.4472,58.4189,4.568e-05,5:119,13.3176
37:21,7,682.6281,156.0413,480.1595,589.8759,0.378,222.9521,0.00017433,32:20,156.0413
37:22,7,451.2079,14.7039,64.8381,123.8885,0.378,46.8255,3.661e-05,34:40,14.7039
37:23,7,2736.7773,35.4643,177.3215,354.643,0.378,134.0425,0.00010481,2:23,35.4643
37:24,3,0,0.0,0,0,0.5774,0.0,0.0,,0.0
37:25,4,330.7495,54.6883,148.55,205.4874,0.5,102.7437,8.034e-05,37:92,54.6883
37:26,4,135.8127,12.3466,61.7331,123.4661,0.5,61.7331,4.827e-05,7:179,12.3466
37:27,5,931.0885,382.4265,686.5931,860.9139,0.4472,385.0124,0.00030105,52:25,382.4265
37:28,6,85.5458,14.2576,71.2882,85.5458,0.4082,34.9239,2.731e-05,2:187,14.2576
37:29,5,150.757,15.2793,70.8512,137.4394,0.4472,61.4648,4.806e-05,40:74,15.2793
37:30,10,802.4837,66.3604,197.0379,269.3003,0.3162,85.1602,6.659e-05,14:22,66.3604
37:31,6,42.7729,14.2576,42.7729,42.7729,0.4082,17.462,1.365e-05,28:53,14.2576
37:32,4,196.9897,11.5876,57.9382,115.8763,0.5,57.9382,4.53e-05,7:5,11.5876
37:33,5,125.7436,59.1555,112.426,125.7436,0.4472,56.2343,4.397e-05,43:39,59.1555
37:34,4,129.0406,61.1171,115.4559,129.0406,0.5,64.5203,5.045e-05,77:18,61.1171
37:35,10,2374.1559,141.9802,339.2448,543.5586,0.3162,171.8883,0.0001344,47:19,141.9802
37:36,6,0,0.0,0,0,0.4082,0.0,0.0,,0.0
37:37,5,0,0.0,0,0,0.4472,0.0,0.0,,0.0
37:38,4,67.9234,13.5847,67.9234,67.9234,0.5,33.9617,2.656e-05,10:88,13.5847
37:39,6,1681.3703,366.8149,878.1378,1010.975,0.4082,412.7288,0.00032272,27:90,366.8149
37:40,4,546.0319,154.8,532.7143,546.0319,0.5,273.016,0.00021348,37:74,154.8
37:41,4,167.0386,11.9313,59.6567,119.3133,0.5,59.6567,4.665e-05,2:202,11.9313
37:42,3,0,0.0,0,0,0.5774,0.0,0.0,,0.0
37:43,3,322.2369,53.8933,188.3152,249.8744,0.5774,144.2651,0.0001128,10:9,53.8933
37:44,3,88.6108,60.0955,88.6108,88.6108,0.5774,51.1594,4e-05,15:47,60.0955
37:45,5,30.5586,15.2793,30.5586,30.5586,0.4472,13.6662,1.069e-05,56:18,15.2793
37:46,3,15.2793,15.2793,15.2793,15.2793,0.5774,8.8215,6.9e-06,47:15,15.2793
37:47,7,340.2676,15.2793,57.2133,109.6307,0.378,41.4365,3.24e-05,82:16,15.2793
37:48,4,75.2457,60.5418,75.2457,75.2457,0.5,37.6228,2.942e-05,38:52,60.5418
37:49,3,0,0.0,0,0,0.5774,0.0,0.0,,0.0
37:50,5,808.8543,157.2648,564.3588,738.6797,0.4472,330.3476,0.0002583,68:30,157.2648
37:51,7,162.3185,58.8157,162.3185,162.3185,0.378,61.3506,4.797e-05,12:10,58.8157
37:52,4,0,0.0,0,0,0.5,0.0,0.0,,0.0
37:53,7,1710.7637,586.31,1710.7637,1710.7637,0.378,646.6079,0.00050559,23:82,586.31
37:54,4,70.8512,15.2793,70.8512,70.8512,0.5,35.4256,2.77e-05,26:39,15.2793
37:55,5,15.2793,15.2793,15.2793,15.2793,0.4472,6.8331,5.34e-06,44:47,15.2793
37:56,5,15.2793,15.2793,15.2793,15.2793,0.4472,6.8331,5.34e-06,26:97,15.2793
37:57,6,30.5586,15.2793,30.5586,30.5586,0.4082,12.4755,9.75e-06,28:61,15.2793
37:58,3,0,0.0,0,0,0.5774,0.0,0.0,,0.0
37:59,6,616.5864,394.1805,531.1976,592.1896,0.4082,241.7604,0.00018904,44:35,394.1805
37:60,5,672.0102,51.9336,219.933,280.9249,0.4472,125.6335,9.823e-05,3:62,51.9336
37:61,4,0,0.0,0,0,0.5,0.0,0.0,,0.0
37:62,6,15.2793,15.2793,15.2793,15.2793,0.4082,6.2377,4.88e-06,25:15,15.2793
37:63,4,0,0.0,0,0,0.5,0.0,0.0,,0.0
37:64,6,0,0.0,0,0,0.4082,0.0,0.0,,0.0
37:65,4,0,0.0,0,0,0.5,0.0,0.0,,0.0
37:66,6,61.1171,61.1171,61.1171,61.1171,0.4082,24.951,1.951e-05,56:53,61.1171
37:67,7,227.0521,13.893,68.8896,135.4777,0.378,51.2058,4.004e-05,6:70,13.893
37:68,5,79.9058,13.3176,66.5881,79.9058,0.4472,35.7349,2.794e-05,5:32,13.3176
37:69,4,0,0.0,0,0,0.5,0.0,0.0,,0.0
37:70,4,83.2027,15.2793,69.618,83.2027,0.5,41.6014,3.253e-05,35:40,15.2793
37:71,5,0,0.0,0,0,0.4472,0.0,0.0,,0.0
37:72,4,167.0386,11.9313,59.6567,119.3133,0.5,59.6567,4.665e-05,6:42,11.9313
37:73,5,1862.9656,364.3774,905.1301,1400.8722,0.4472,626.4891,0.00048986,10:73,364.3774
37:74,4,546.0319,154.8,532.7143,546.0319,0.5,273.016,0.00021348,37:40,154.8
37:75,5,0,0.0,0,0,0.4472,0.0,0.0,,0.0
37:76,5,224.5864,165.7707,224.5864,224.5864,0.4472,100.4381,7.853e-05,21:76,165.7707
37:77,4,0,0.0,0,0,0.5,0.0,0.0,,0.0
37:78,4,363.0154,160.4859,363.0154,363.0154,0.5,181.5077,0.00014192,37:108,160.4859
37:79,5,42.7729,14.2576,42.7729,42.7729,0.4472,19.1286,1.496e-05,37:109,14.2576
37:80,4,775.9855,149.33,649.7072,714.2525,0.5,357.1262,0.00027924,37:105,149.33
37:81,4,602.4076,154.845,431.0807,493.864,0.5,246.932,0.00019308,37:111,154.845
37:82,3,75.2457,60.5418,75.2457,75.2457,0.5774,43.4431,3.397e-05,26:66,60.5418
37:83,4,106.8537,15.2793,67.6075,106.8537,0.5,53.4269,4.178e-05,28:15,15.2793
37:84,5,15.2793,15.2793,15.2793,15.2793,0.4472,6.8331,5.34e-06,26:89,15.2793
37:85,6,619.6595,156.1389,391.078,445.5022,0.4082,181.8755,0.00014221,21:52,156.1389
37:86,5,624.6224,8.9232,44.6159,89.2318,0.4472,39.9057,3.12e-05,2:23,8.9232
37:87,4,42.7729,14.2576,42.7729,42.7729,0.5,21.3864,1.672e-05,7:121,14.2576
37:88,4,0,0.0,0,0,0.5,0.0,0.0,,0.0
37:89,3,29.4078,14.7039,29.4078,29.4078,0.5774,16.9786,1.328e-05,38:32,14.7039
37:90,3,0,0.0,0,0,0.5774,0.0,0.0,,0.0
37:91,6,30.5586,15.2793,30.5586,30.5586,0.4082,12.4755,9.75e-06,51:26,15.2793
37:92,4,330.7495,54.6883,148.55,205.4874,0.5,102.7437,8.034e-05,37:25,54.6883
37:93,4,0,0.0,0,0,0.5,0.0,0.0,,0.0
37:94,3,0,0.0,0,0,0.5774,0.0,0.0,,0.0
37:95,4,0,0.0,0,0,0.5,0.0,0.0,,0.0
37:96,4,44.6871,15.2793,44.6871,44.6871,0.5,22.3436,1.747e-05,45:4,15.2793
37:97,7,0,0.0,0,0,0.378,0.0,0.0,,0.0
37:98,5,61.1171,61.1171,61.1171,61.1171,0.4472,27.3324,2.137e-05,21:70,61.1171
37:99,6,100.2591,28.5969,86.3661,100.2591,0.4082,40.9306,3.2e-05,29:26,28.5969
37:100,5,414.2798,163.809,262.5776,326.7329,0.4472,146.1194,0.00011425,3:38,163.809
37:101,3,0,0.0,0,0,0.5774,0.0,0.0,,0.0
37:102,26,1647.6463,376.3051,681.1853,763.2132,0.1961,149.6784,0.00011704,28:27,376.3051
37:103,4,0,0.0,0,0,0.5,0.0,0.0,,0.0
37:104,3,0,0.0,0,0,0.5774,0.0,0.0,,0.0
37:105,7,775.9855,149.33,649.7072,714.2525,0.378,269.9621,0.00021109,37:80,149.33
37:106,5,525.6294,51.9336,217.9892,269.2626,0.4472,120.4179,9.416e-05,3:62,51.9336
37:107,3,0,0.0,0,0,0.5774,0.0,0.0,,0.0
37:108,4,363.0154,160.4859,363.0154,363.0154,0.5,181.5077,0.00014192,37:78,160.4859
37:109,3,72.1807,14.7039,72.1807,72.1807,0.5774,41.6736,3.259e-05,3:84,14.7039
37:110,3,374.6303,52.3873,261.9366,325.2439,0.5774,187.7796,0.00014683,37:80,52.3873
37:111,4,602.4076,154.845,431.0807,493.864,0.5,246.932,0.00019308,37:81,154.845
37:112,5,125.067,12.5067,62.5335,125.067,0.4472,55.9316,4.373e-05,3:39,12.5067
37:113,10,0,0.0,0,0,0.3162,0.0,0.0,,0.0
37:114,5,129.0406,59.4225,115.4559,129.0406,0.4472,57.7087,4.512e-05,37:120,59.4225
37:115,5,117.6314,58.8157,117.6314,117.6314,0.4472,52.6063,4.113e-05,21:76,58.8157
37:116,4,15.2793,15.2793,15.2793,15.2793,0.5,7.6396,5.97e-06,26:40,15.2793
37:117,3,0,0.0,0,0,0.5774,0.0,0.0,,0.0
37:118,3,15.2793,15.2793,15.2793,15.2793,0.5774,8.8215,6.9e-06,1:6,15.2793
37:119,4,55.572,13.893,55.572,55.572,0.5,27.786,2.173e-05,26:84,13.893
37:120,4,156.5342,59.4225,115.7801,156.5342,0.5,78.2671,6.12e-05,37:114,59.4225
37:121,4,775.9855,149.33,649.7072,714.2525,0.5,357.1262,0.00027924,37:80,149.33
37:122,4,242.4452,55.4536,191.7223,242.4452,0.5,121.2226,9.479e-05,37:81,55.4536
37:123,4,55.572,13.893,55.572,55.572,0.5,27.786,2.173e-05,2:252,13.893
37:124,5,543.8147,51.6389,258.1945,380.5421,0.4472,170.1836,0.00013307,7:80,51.6389
37:125,5,15.2793,15.2793,15.2793,15.2793,0.4472,6.8331,5.34e-06,23:14,15.2793
37:126,5,426.457,161.7431,362.1003,426.457,0.4472,190.7174,0.00014912,26:26,161.7431
37:127,3,0,0.0,0,0,0.5774,0.0,0.0,,0.0
37:128,4,546.0319,154.8,532.7143,546.0319,0.5,273.016,0.00021348,37:40,154.8
37:129,4,363.0154,160.4859,363.0154,363.0154,0.5,181.5077,0.00014192,37:78,160.4859
37:130,4,42.7729,14.2576,42.7729,42.7729,0.5,21.3864,1.672e-05,37:79,14.2576
37:131,4,775.9855,149.33,649.7072,714.2525,0.5,357.1262,0.00027924,37:80,149.33
37:132,4,602.4076,154.845,431.0807,493.864,0.5,246.932,0.00019308,37:81,154.845
37:133,4,55.572,13.893,55.572,55.572,0.5,27.786,2.173e-05,2:252,13.893
37:134,4,15.2793,15.2793,15.2793,15.2793,0.5,7.6396,5.97e-06,26:170,15.2793
37:135,4,168.0721,168.0721,168.0721,168.0721,0.5,84.0361,6.571e-05,26:171,168.0721
37:136,3,61.1171,61.1171,61.1171,61.1171,0.5774,35.286,2.759e-05,26:172,61.1171
37:137,4,0,0.0,0,0,0.5,0.0,0.0,,0.0
37:138,3,146.3807,12.1984,60.992,121.9839,0.5774,70.4275,5.507e-05,2:44,12.1984
37:139,4,55.572,13.893,55.572,55.572,0.5,27.786,2.173e-05,2:252,13.893
37:140,5,29.4078,14.7039,29.4078,29.4078,0.4472,13.1516,1.028e-05,26:119,14.7039
37:141,4,29.4078,14.7039,29.4078,29.4078,0.5,14.7039,1.15e-05,7:175,14.7039
37:142,4,15.2793,15.2793,15.2793,15.2793,0.5,7.6396,5.97e-06,51:40,15.2793
37:143,5,611.112,51.1368,135.6348,191.2368,0.4472,85.5237,6.687e-05,26:86,51.1368
37:144,6,423.7162,52.4911,223.549,279.151,0.4082,113.9629,8.911e-05,7:14,52.4911
37:145,4,15.2793,15.2793,15.2793,15.2793,0.5,7.6396,5.97e-06,68:49,15.2793
37:146,5,0,0.0,0,0,0.4472,0.0,0.0,,0.0
37:147,6,0,0.0,0,0,0.4082,0.0,0.0,,0.0
37:148,4,79.9058,13.3176,66.5881,79.9058,0.5,39.9529,3.124e-05,2:36,13.3176
37:149,5,0,0.0,0,0,0.4472,0.0,0.0,,0.0
37:150,6,15.2793,15.2793,15.2793,15.2793,0.4082,6.2377,4.88e-06,17:40,15.2793
37:151,5,106.8537,15.2793,67.6075,106.8537,0.4472,47.7864,3.736e-05,21:86,15.2793
37:152,4,29.4078,14.7039,29.4078,29.4078,0.5,14.7039,1.15e-05,6:28,14.7039
37:153,4,0,0.0,0,0,0.5,0.0,0.0,,0.0
37:154,4,439.034,161.4326,256.8345,313.7718,0.5,156.8859,0.00012267,68:36,161.4326
37:155,2,79.9058,13.3176,66.5881,79.9058,0.7071,56.5019,4.418e-05,10:3,13.3176
37:156,4,42.7729,14.2576,42.7729,42.7729,0.5,21.3864,1.672e-05,54:43,14.2576
37:157,5,1556.4166,40.9134,204.5668,409.1336,0.4472,182.9701,0.00014307,2:23,40.9134
37:158,10,0,0.0,0,0,0.3162,0.0,0.0,,0.0
37:159,4,380.6227,160.9863,299.9157,367.305,0.5,183.6525,0.0001436,23:91,160.9863
37:160,4,546.0319,154.8,532.7143,546.0319,0.5,273.016,0.00021348,37:40,154.8
37:161,3,15.2793,15.2793,15.2793,15.2793,0.5774,8.8215,6.9e-06,21:98,15.2793
37:162,4,156.147,57.6965,156.147,156.147,0.5,78.0735,6.105e-05,3:179,57.6965
37:163,5,519.8354,13.3176,66.5881,119.0106,0.4472,53.2232,4.162e-05,19:75,13.3176
37:164,5,29.4078,14.7039,29.4078,29.4078,0.4472,13.1516,1.028e-05,6:62,14.7039
37:165,3,29.4078,14.7039,29.4078,29.4078,0.5774,16.9786,1.328e-05,15:23,14.7039
37:166,3,29.4078,14.7039,29.4078,29.4078,0.5774,16.9786,1.328e-05,15:23,14.7039
37:167,3,55.572,13.893,55.572,55.572,0.5774,32.0845,2.509e-05,3:164,13.893
37:168,6,132.3786,14.7039,68.0219,132.3786,0.4082,54.0433,4.226e-05,56:13,14.7039
37:169,4,246.6216,54.9966,233.304,246.6216,0.5,123.3108,9.642e-05,37:40,54.9966
37:170,4,67.9234,13.5847,67.9234,67.9234,0.5,33.9617,2.656e-05,15:3,13.5847
37:171,5,0,0.0,0,0,0.4472,0.0,0.0,,0.0
37:172,3,0,0.0,0,0,0.5774,0.0,0.0,,0.0
37:173,4,0,0.0,0,0,0.5,0.0,0.0,,0.0
37:174,4,157.2977,58.8472,116.5436,157.2977,0.5,78.6488,6.15e-05,37:178,58.8472
37:175,3,15.2793,15.2793,15.2793,15.2793,0.5774,8.8215,6.9e-06,37:179,15.2793
37:176,2,15.2793,15.2793,15.2793,15.2793,0.7071,10.8041,8.45e-06,26:204,15.2793
37:177,6,0,0.0,0,0,0.4082,0.0,0.0,,0.0
37:178,4,127.8899,58.8472,114.3052,127.8899,0.5,63.9449,5e-05,37:174,58.8472
37:179,3,15.2793,15.2793,15.2793,15.2793,0.5774,8.8215,6.9e-06,37:175,15.2793
37:180,6,67.9234,13.5847,67.9234,67.9234,0.4082,27.7296,2.168e-05,6:100,13.5847
37:181,3,15.2793,15.2793,15.2793,15.2793,0.5774,8.8215,6.9e-06,27:59,15.2793
37:182,4,723.7501,156.567,355.015,485.3364,0.5,242.6682,0.00018975,6:45,156.567
38:1,4,0,0.0,0,0,0.5,0.0,0.0,,0.0
38:2,6,1326.0904,154.1877,353.7945,398.9566,0.4082,162.8734,0.00012735,85:19,154.1877
38:3,10,1712.6096,596.0367,1129.1198,1330.751,0.3162,420.8204,0.00032905,6:6,596.0367
38:4,10,268.3312,182.7761,240.5452,268.3312,0.3162,84.8538,6.635e-05,50:2,182.7761
38:5,8,476.5449,54.3664,148.3954,199.6688,0.3536,70.5936,5.52e-05,11:72,54.3664
38:6,12,553.9908,54.3664,170.6856,236.0959,0.2887,68.155,5.329e-05,11:72,54.3664
38:7,10,1149.2183,177.1581,383.8757,611.3997,0.3162,193.3416,0.00015118,23:24,177.1581
38:8,15,717.3172,155.2495,483.9047,553.134,0.2582,142.8186,0.00011167,27:66,155.2495
38:9,7,103.89,60.0955,103.89,103.89,0.378,39.2667,3.07e-05,52:37,60.0955
38:10,10,4520.3567,324.6363,1232.964,1841.8706,0.3162,582.4506,0.00045543,5:17,324.6363
38:11,6,15.2793,15.2793,15.2793,15.2793,0.4082,6.2377,4.88e-06,11:17,15.2793
38:12,8,1151.6841,372.9736,977.1958,1126.6707,0.3536,398.3383,0.00031147,22:42,372.9736
38:13,7,30.5586,15.2793,30.5586,30.5586,0.378,11.5501,9.03e-06,9:70,15.2793
38:14,7,90.525,61.1171,90.525,90.525,0.378,34.2152,2.675e-05,50:14,61.1171
38:15,10,314.7083,59.1555,244.4324,314.7083,0.3162,99.5195,7.782e-05,14:26,59.1555
38:16,8,59.9664,15.2793,59.9664,59.9664,0.3536,21.2013,1.658e-05,17:58,15.2793
38:17,11,529.2062,53.1387,188.824,249.3293,0.3015,75.1756,5.878e-05,20:130,53.1387
38:18,7,0,0.0,0,0,0.378,0.0,0.0,,0.0
38:19,5,29.4078,14.7039,29.4078,29.4078,0.4472,13.1516,1.028e-05,2:116,14.7039
38:20,6,0,0.0,0,0,0.4082,0.0,0.0,,0.0
38:21,7,15.2793,15.2793,15.2793,15.2793,0.378,5.775,4.52e-06,20:9,15.2793
38:22,23,536.2102,55.8075,156.8775,230.3971,0.2085,48.0411,3.756e-05,11:70,55.8075
38:23,15,358.9136,10.2547,51.2734,102.5467,0.2582,26.4775,2.07e-05,3:62,10.2547
38:24,32,7166.0343,312.8494,1358.3577,1893.1581,0.1768,334.6662,0.00026168,26:227,312.8494
38:25,9,640.5792,625.8753,640.5792,640.5792,0.3333,213.5264,0.00016696,38:40,625.8753
38:26,30,4867.5932,163.477,484.4317,742.0934,0.1826,135.4871,0.00010594,3:4,163.477
38:27,16,3433.7495,604.8898,1034.624,1267.0817,0.25,316.7704,0.00024769,21:16,604.8898
38:28,13,6660.3533,106.9601,534.8004,1069.6008,0.2774,296.6539,0.00023196,2:25,106.9601
38:29,9,168.5165,60.0955,115.246,168.5165,0.3333,56.1722,4.392e-05,14:1,60.0955
38:30,7,182.2007,167.4968,182.2007,182.2007,0.378,68.8654,5.385e-05,38:44,167.4968
38:31,6,0,0.0,0,0,0.4082,0.0,0.0,,0.0
38:32,11,109.3136,14.7039,69.3607,109.3136,0.3015,32.9593,2.577e-05,37:89,14.7039
38:33,6,0,0.0,0,0,0.4082,0.0,0.0,,0.0
38:34,9,29.4078,14.7039,29.4078,29.4078,0.3333,9.8026,7.66e-06,29:3,14.7039
38:35,15,811.2963,160.0823,305.5786,374.8075,0.2582,96.7749,7.567e-05,7:151,160.0823
38:36,8,15.2793,15.2793,15.2793,15.2793,0.3536,5.402,4.22e-06,21:81,15.2793
38:37,4,0,0.0,0,0,0.5,0.0,0.0,,0.0
38:38,4,61.1171,61.1171,61.1171,61.1171,0.5,30.5586,2.389e-05,14:49,61.1171
38:39,7,79.9058,13.3176,66.5881,79.9058,0.378,30.2015,2.361e-05,2:212,13.3176
38:40,6,640.5792,625.8753,640.5792,640.5792,0.4082,261.5154,0.00020448,38:25,625.8753
38:41,11,589.2879,391.4802,533.6032,589.2879,0.3015,177.677,0.00013893,21:83,391.4802
38:42,6,0,0.0,0,0,0.4082,0.0,0.0,,0.0
38:43,10,366.8132,168.0721,271.1038,339.6439,0.3162,107.4048,8.398e-05,21:84,168.0721
38:44,14,224.9736,167.4968,224.9736,224.9736,0.2673,60.1267,4.701e-05,38:30,167.4968
38:45,8,157.2977,58.8472,116.5436,157.2977,0.3536,55.6131,4.348e-05,12:38,58.8472
38:46,5,0,0.0,0,0,0.4472,0.0,0.0,,0.0
38:47,5,0,0.0,0,0,0.4472,0.0,0.0,,0.0
38:48,8,15.2793,15.2793,15.2793,15.2793,0.3536,5.402,4.22e-06,21:85,15.2793
38:49,6,15.2793,15.2793,15.2793,15.2793,0.4082,6.2377,4.88e-06,21:24,15.2793
38:50,5,125.067,12.5067,62.5335,125.067,0.4472,55.9316,4.373e-05,9:72,12.5067
38:51,7,44.6871,15.2793,44.6871,44.6871,0.378,16.8901,1.321e-05,44:55,15.2793
38:52,4,75.2457,60.5418,75.2457,75.2457,0.5,37.6228,2.942e-05,37:48,60.5418
38:53,5,166.0363,57.7692,112.7658,166.0363,0.4472,74.2537,5.806e-05,50:32,57.7692
38:54,7,726.5275,55.871,102.4005,155.4432,0.378,58.752,4.594e-05,52:8,55.871
38:55,5,15.2793,15.2793,15.2793,15.2793,0.4472,6.8331,5.34e-06,9:28,15.2793
38:56,4,75.2457,60.5418,75.2457,75.2457,0.5,37.6228,2.942e-05,58:8,60.5418
38:57,4,0,0.0,0,0,0.5,0.0,0.0,,0.0
38:58,4,0,0.0,0,0,0.5,0.0,0.0,,0.0
38:59,10,15.2793,15.2793,15.2793,15.2793,0.3162,4.8317,3.78e-06,38:60,15.2793
38:60,11,202.0387,15.2793,70.5114,136.6284,0.3015,41.195,3.221e-05,38:59,15.2793
38:61,11,301.4704,27.3397,80.6611,144.0647,0.3015,43.4371,3.396e-05,7:38,27.3397
38:62,10,87.46,15.2793,73.2024,87.46,0.3162,27.6573,2.163e-05,5:84,15.2793
38:63,6,0,0.0,0,0,0.4082,0.0,0.0,,0.0
38:64,6,91.5744,13.0821,65.4103,91.5744,0.4082,37.3851,2.923e-05,22:70,13.0821
38:65,11,1821.3494,376.0952,699.3838,881.9034,0.3015,265.9039,0.00020791,3:62,376.0952
38:66,7,4413.1647,322.0094,1610.0468,2218.9533,0.378,838.6855,0.00065578,19:65,322.0094
38:67,4,114.1265,12.6807,63.4036,114.1265,0.5,57.0632,4.462e-05,2:222,12.6807
38:68,3,0,0.0,0,0,0.5774,0.0,0.0,,0.0
38:69,9,470.0587,24.3564,82.3611,148.7137,0.3333,49.5712,3.876e-05,3:79,24.3564
38:70,8,411.4462,56.6185,191.4392,272.0494,0.3536,96.184,7.521e-05,29:50,56.6185
38:71,9,1413.265,848.1917,1049.5697,1114.98,0.3333,371.66,0.00029061,15:28,848.1917
38:72,9,1434.5519,1311.0858,1360.4722,1422.2053,0.3333,474.0684,0.00037068,15:29,1311.0858
38:73,4,168.0721,168.0721,168.0721,168.0721,0.5,84.0361,6.571e-05,15:30,168.0721
38:74,6,181.3156,73.0485,128.0451,181.3156,0.4082,74.0218,5.788e-05,2:34,73.0485
38:75,14,313.5141,61.1171,159.983,219.0334,0.2673,58.5391,4.577e-05,15:32,61.1171
38:76,10,1726.5683,1537.3543,1593.7372,1661.158,0.3162,525.3043,0.00041074,7:12,1537.3543
38:77,5,397.2614,397.2614,397.2614,397.2614,0.4472,177.6607,0.00013892,15:34,397.2614
38:78,6,404.6132,69.639,120.3618,182.2051,0.4082,74.3849,5.816e-05,15:35,69.639
38:79,6,1298.7588,613.0288,784.0867,839.6887,0.4082,342.8015,0.00026804,15:36,613.0288
38:80,4,182.2007,167.4968,182.2007,182.2007,0.5,91.1003,7.123e-05,15:37,167.4968
38:81,4,397.4417,163.9132,208.3949,263.9969,0.5,131.9984,0.00010321,15:38,163.9132
38:82,4,0,0.0,0,0,0.5,0.0,0.0,,0.0
38:83,4,168.0721,168.0721,168.0721,168.0721,0.5,84.0361,6.571e-05,15:40,168.0721
38:84,4,0,0.0,0,0,0.5,0.0,0.0,,0.0
38:85,7,72.1807,28.9616,72.1807,72.1807,0.378,27.2818,2.133e-05,7:18,28.9616
38:86,10,1882.0253,599.3699,1172.1244,1529.9092,0.3162,483.7998,0.00037829,25:57,599.3699
38:87,5,1383.4941,366.011,1084.2939,1333.6274,0.4472,596.4163,0.00046635,12:104,366.011
38:88,4,0,0.0,0,0,0.5,0.0,0.0,,0.0
39:1,6,2836.1543,574.4863,1610.4852,1756.8356,0.4082,717.2251,0.00056081,45:2,574.4863
39:2,10,909.1722,388.8394,682.4444,751.9094,0.3162,237.7746,0.00018592,4:105,388.8394
39:3,33,6407.207,575.6045,1376.4287,2002.6206,0.1741,348.6115,0.00027258,40:28,575.6045
39:4,16,1418.681,59.0738,280.2116,476.3642,0.25,119.091,9.312e-05,19:92,59.0738
39:5,23,5401.303,1029.7407,2698.273,3170.6044,0.2085,661.1167,0.00051694,35:13,1029.7407
39:6,36,6601.6623,388.7904,1458.7834,2087.4502,0.1667,347.9084,0.00027203,40:62,388.7904
39:7,31,6036.7521,1954.587,2984.9969,3702.5496,0.1796,664.9975,0.00051997,6:164,1954.587
39:8,34,1952.6231,73.6238,335.5262,413.792,0.1715,70.9647,5.549e-05,14:30,73.6238
39:9,24,994.6543,166.1105,318.6291,390.266,0.2041,79.6627,6.229e-05,13:19,166.1105
39:10,21,2690.0246,613.7154,925.4783,1156.9968,0.2182,252.4774,0.00019742,16:30,613.7154
39:11,9,788.6205,165.0888,577.9922,659.9071,0.3333,219.969,0.000172,39:2,165.0888
39:12,5,30.5586,15.2793,30.5586,30.5586,0.4472,13.6662,1.069e-05,6:163,15.2793
39:13,9,3029.348,1255.9871,2473.9108,2732.0585,0.3333,910.6862,0.00071208,6:15,1255.9871
39:14,6,175.7886,14.7039,66.003,126.995,0.4082,51.8455,4.054e-05,39:2,14.7039
39:15,19,3052.508,1299.3364,1632.9955,1797.7594,0.2294,412.4343,0.00032249,42:45,1299.3364
39:16,16,652.4208,15.2793,72.2375,136.8534,0.25,34.2134,2.675e-05,2:210,15.2793
39:17,12,499.2598,15.2793,65.3061,127.8395,0.2887,36.9041,2.886e-05,10:64,15.2793
39:18,13,667.4776,54.4687,208.5672,275.1553,0.2774,76.3144,5.967e-05,9:20,54.4687
39:19,10,434.2643,54.0064,120.0733,180.3753,0.3162,57.0397,4.46e-05,27:8,54.0064
39:20,20,5669.2545,505.9606,1265.1115,1833.3324,0.2236,409.9456,0.00032054,3:198,505.9606
39:21,31,9965.4591,987.0031,2700.788,3409.8175,0.1796,612.4213,0.00047886,22:63,987.0031
39:22,20,1400.7754,151.4816,357.4293,594.2887,0.2236,132.887,0.00010391,46:32,151.4816
39:23,34,6490.1926,838.0441,3658.6714,4599.0078,0.1715,788.7233,0.00061671,6:88,838.0441
39:24,13,1148.7954,157.9136,310.7396,378.7615,0.2774,105.0495,8.214e-05,39:47,157.9136
39:25,10,2830.2183,414.4495,1205.7189,1553.5565,0.3162,491.2777,0.00038414,16:26,414.4495
39:26,12,3437.7528,603.0421,2082.558,2350.5771,0.2887,678.5532,0.00053057,68:33,603.0421
39:27,11,2824.5147,1269.5769,2254.7666,2322.5618,0.3015,700.2787,0.00054756,30:58,1269.5769
39:28,7,113.6241,28.1506,85.8382,113.6241,0.378,42.9459,3.358e-05,20:113,28.1506
39:29,19,3157.0006,623.1698,1829.0738,2191.7489,0.2294,502.8217,0.00039316,16:75,623.1698
39:30,4,0,0.0,0,0,0.5,0.0,0.0,,0.0
39:31,7,755.7252,161.026,218.9491,265.2229,0.378,100.2448,7.838e-05,23:16,161.026
39:32,15,1932.4026,639.4107,1091.4817,1277.544,0.2582,329.8605,0.00025792,29:68,639.4107
39:33,8,261.0489,15.2793,67.4621,124.3994,0.3536,43.9818,3.439e-05,2:177,15.2793
39:34,8,1015.8577,617.5208,717.9539,782.5698,0.3536,276.6802,0.00021634,42:22,617.5208
39:35,12,604.7818,68.8896,187.806,255.5448,0.2887,73.7694,5.768e-05,41:27,68.8896
39:36,15,4531.2547,758.623,3365.3858,3811.4072,0.2582,984.1011,0.00076948,13:33,758.623
39:37,12,1463.2356,154.272,714.3296,1151.7552,0.2887,332.4831,0.00025997,39:36,154.272
39:38,36,9356.6716,1237.0386,3088.809,3729.0069,0.1667,621.5012,0.00048596,31:25,1237.0386
39:39,9,1132.4377,631.9212,1105.2684,1132.4377,0.3333,377.4792,0.00029516,6:135,631.9212
39:40,8,1280.536,1077.1139,1280.536,1280.536,0.3536,452.7378,0.000354,11:39,1077.1139
39:41,18,1867.3215,625.7488,1486.5704,1656.3099,0.2357,390.396,0.00030526,10:108,625.7488
39:42,26,7460.9084,508.8545,2118.4238,3598.074,0.1961,705.6404,0.00055175,13:3,508.8545
39:43,14,3340.7166,145.9419,526.7784,767.4505,0.2673,205.1098,0.00016038,45:10,145.9419
39:44,11,2619.5156,130.901,654.505,1235.6674,0.3015,372.5677,0.00029132,2:107,130.901
39:45,18,2957.6396,134.3257,671.6286,1104.5392,0.2357,260.3424,0.00020357,6:113,134.3257
39:46,17,2659.3937,57.9214,271.3548,525.6753,0.2425,127.495,9.969e-05,6:73,57.9214
39:47,25,7153.1114,1036.6383,2067.1628,2340.6433,0.2,468.1287,0.00036604,13:18,1036.6383
39:48,11,4140.2729,707.4125,2886.5134,3480.2679,0.3015,1049.3402,0.00082049,45:33,707.4125
39:49,22,2433.4107,393.9134,929.9279,1539.5662,0.2132,328.2366,0.00025665,28:78,393.9134
39:50,11,3513.5496,624.8913,1469.6029,1701.5537,0.3015,513.0378,0.00040115,40:82,624.8913
39:51,15,319.4263,59.7308,163.2562,230.6613,0.2582,59.5565,4.657e-05,16:34,59.7308
39:52,15,12769.1382,2023.4544,4081.8592,5817.4342,0.2582,1502.0551,0.00117448,30:37,2023.4544
39:53,20,3652.8222,155.7991,476.6699,657.9345,0.2236,147.1186,0.00011503,12:98,155.7991
39:54,13,2686.0733,376.3246,584.1308,795.5814,0.2774,220.6546,0.00017253,39:55,376.3246
39:55,16,3290.7068,381.6245,1024.5531,1228.3318,0.25,307.0829,0.00024011,7:3,381.6245
39:56,14,478.3334,15.2793,70.8512,136.2615,0.2673,36.4174,2.848e-05,12:3,15.2793
39:57,9,1717.4944,28.1506,84.4519,148.8086,0.3333,49.6029,3.879e-05,39:58,28.1506
39:58,12,236.2686,58.1338,130.5253,197.6546,0.2887,57.058,4.461e-05,11:80,58.1338
39:59,10,86.1305,15.2793,72.2375,86.1305,0.3162,27.2369,2.13e-05,67:9,15.2793
39:60,14,1344.7907,169.1008,431.8172,497.2275,0.2673,132.8896,0.00010391,29:68,169.1008
39:61,11,1087.346,47.0787,235.3934,470.7868,0.3015,141.9476,0.00011099,2:38,47.0787
39:62,9,4005.7649,393.031,1165.4856,1792.7906,0.3333,597.5969,0.00046727,6:102,393.031
39:63,11,2461.429,160.4737,531.6193,769.4923,0.3015,232.0107,0.00018141,42:12,160.4737
39:64,7,29.4078,14.7039,29.4078,29.4078,0.378,11.1151,8.69e-06,6:114,14.7039
39:65,14,1197.6981,387.6994,449.4501,514.6616,0.2673,137.5491,0.00010755,42:3,387.6994
39:66,6,158.3113,59.1555,116.6323,158.3113,0.4082,64.6303,5.054e-05,7:144,59.1555
39:67,17,1938.0616,388.1598,1000.8348,1187.1216,0.2425,287.9193,0.00022513,6:91,388.1598
39:68,22,6325.7534,1475.0704,2725.1957,2985.3512,0.2132,636.479,0.00049767,27:87,1475.0704
39:69,15,903.1605,154.4448,373.8858,614.2114,0.2582,158.5887,0.000124,23:62,154.4448
39:70,9,1161.722,156.7601,561.8357,704.4385,0.3333,234.8128,0.0001836,3:25,156.7601
39:71,34,2951.2954,559.2853,1088.052,1261.1408,0.1715,216.2839,0.00016912,6:130,559.2853
39:72,9,1768.383,1069.1114,1386.7517,1476.9514,0.3333,492.3171,0.00038495,40:76,1069.1114
39:73,20,1041.9646,345.1238,490.07,559.3393,0.2236,125.0721,9.78e-05,39:71,345.1238
39:74,16,905.1226,151.9299,450.8672,674.8987,0.25,168.7247,0.00013193,7:43,151.9299
39:75,17,1305.5631,146.4522,558.2678,815.0852,0.2425,197.6872,0.00015457,1:2,146.4522
40:1,1,0,0.0,0,0,1.0,0.0,0.0,,0.0
40:2,6,2092.4969,360.7299,1116.1694,1184.0929,0.4082,483.4039,0.00037798,39:1,360.7299
40:3,14,3767.3733,115.1088,575.544,1151.0879,0.2673,307.6412,0.00024055,2:163,115.1088
40:4,13,1862.7868,54.2579,203.5065,274.0654,0.2774,76.0121,5.943e-05,40:35,54.2579
40:5,21,1336.5665,168.0721,769.0507,942.2855,0.2182,205.6235,0.00016078,18:56,168.0721
40:6,10,1952.8696,391.8902,533.2605,601.6062,0.3162,190.2446,0.00014876,10:33,391.8902
40:7,27,1158.9086,58.3694,243.382,307.4308,0.1925,59.1651,4.626e-05,39:75,58.3694
40:8,16,1586.9063,638.9574,1057.132,1160.2411,0.25,290.0603,0.0002268,13:23,638.9574
40:9,12,484.3677,159.6404,370.382,435.5741,0.2887,125.7394,9.832e-05,9:111,159.6404
40:10,15,2216.329,39.4926,197.4629,394.9258,0.2582,101.9694,7.973e-05,2:6,39.4926
40:11,13,169.6984,13.893,68.2527,131.6563,0.2774,36.5149,2.855e-05,9:91,13.893
40:12,15,101.5886,14.7039,73.0733,101.5886,0.2582,26.2301,2.051e-05,7:70,14.7039
40:13,14,1732.5968,56.5798,172.2925,226.002,0.2673,60.4016,4.723e-05,13:12,56.5798
40:14,8,915.1003,150.0751,657.73,849.4047,0.3536,300.3099,0.00023482,10:22,150.0751
40:15,16,2920.6155,805.1798,1774.5394,2197.407,0.25,549.3518,0.00042955,16:2,805.1798
40:16,15,818.9721,59.7308,160.3861,226.3238,0.2582,58.4366,4.569e-05,14:48,59.7308
40:17,13,2850.7106,158.0834,757.2701,1079.4912,0.2774,299.397,0.0002341,14:51,158.0834
40:18,15,181.5476,28.1506,85.8382,154.3782,0.2582,39.8603,3.117e-05,6:70,28.1506
40:19,6,15.2793,15.2793,15.2793,15.2793,0.4082,6.2377,4.88e-06,3:118,15.2793
40:20,15,3341.0906,381.8753,615.287,879.9781,0.2582,227.2094,0.00017766,13:14,381.8753
40:21,30,11433.93,1276.7236,5582.9393,6557.2007,0.1826,1197.1756,0.00093609,30:9,1276.7236
40:22,13,798.6913,165.6642,311.5858,378.1717,0.2774,104.886,8.201e-05,64:6,165.6642
40:23,6,1147.61,609.5472,1002.7807,1064.0907,0.4082,434.4132,0.00033967,11:96,609.5472
40:24,7,191.0679,15.2793,69.0839,130.0759,0.378,49.1641,3.844e-05,38:4,15.2793
40:25,19,2390.2087,154.0322,500.1921,629.2057,0.2294,144.3497,0.00011287,13:14,154.0322
40:26,18,1760.835,51.763,258.8148,367.6083,0.2357,86.6461,6.775e-05,6:15,51.763
40:27,13,567.5483,61.1171,117.2077,183.7958,0.2774,50.9758,3.986e-05,44:20,61.1171
40:28,39,5117.5155,575.6045,1097.4348,1603.7497,0.1601,256.8055,0.0002008,39:3,575.6045
40:29,26,2327.155,53.031,120.6128,198.6833,0.1961,38.965,3.047e-05,35:39,53.031
40:30,10,629.5461,167.0505,375.2966,485.2812,0.3162,153.4594,0.00011999,40:38,167.0505
40:31,14,1773.7362,836.0117,1363.4751,1442.3344,0.2673,385.4801,0.00030141,14:9,836.0117
40:32,6,404.5725,52.0615,260.3076,321.902,0.4082,131.4159,0.00010276,7:59,52.0615
40:33,16,6784.5916,758.623,3365.3858,3911.5254,0.25,977.8813,0.00076462,13:33,758.623
40:34,30,2688.834,159.4709,404.2934,564.7122,0.1826,103.1019,8.062e-05,74:31,159.4709
40:35,23,5463.4383,1061.4676,1912.7229,2170.4631,0.2085,452.5728,0.00035387,40:56,1061.4676
40:36,9,119.1693,75.3748,119.1693,119.1693,0.3333,39.7231,3.106e-05,28:38,75.3748
40:37,23,739.8048,397.2614,470.3099,543.0185,0.2085,113.2272,8.853e-05,28:38,397.2614
40:38,8,210.845,167.0505,210.845,210.845,0.3536,74.545,5.829e-05,40:30,167.0505
40:39,11,689.6289,52.0277,180.617,226.8908,0.3015,68.4102,5.349e-05,3:117,52.0277
40:40,23,3161.4555,1278.4837,2726.623,2910.6543,0.2085,606.9134,0.00047455,4:124,1278.4837
40:41,9,70.8512,15.2793,70.8512,70.8512,0.3333,23.6171,1.847e-05,40:42,15.2793
40:42,15,700.2806,390.5288,523.9774,619.7687,0.2582,160.0236,0.00012512,11:47,390.5288
40:43,22,1511.8551,24.9317,115.5542,224.4576,0.2132,47.8545,3.742e-05,11:22,24.9317
40:44,12,3278.1599,36.2529,181.2646,362.5293,0.2887,104.6532,8.183e-05,2:110,36.2529
40:45,10,158.5427,13.893,68.4433,132.8,0.3162,41.995,3.284e-05,16:34,13.893
40:46,13,388.6591,55.572,237.5671,302.2329,0.2774,83.8243,6.554e-05,30:12,55.572
40:47,19,2375.4235,1764.9675,1832.4815,1903.0967,0.2294,436.6003,0.00034138,14:21,1764.9675
40:48,12,2145.7336,161.2946,335.6721,413.1594,0.2887,119.2689,9.326e-05,7:76,161.2946
40:49,13,569.4333,15.2793,68.5498,134.4312,0.2774,37.2845,2.915e-05,7:55,15.2793
40:50,16,810.8636,154.0322,438.8709,507.4207,0.25,126.8552,9.919e-05,13:14,154.0322
40:51,11,1786.1242,150.5673,444.5066,662.5681,0.3015,199.7718,0.0001562,2:85,150.5673
40:52,10,390.0154,168.0721,266.5493,328.2823,0.3162,103.812,8.117e-05,13:25,168.0721
40:53,8,858.0568,68.5813,277.9509,526.1478,0.3536,186.0213,0.00014545,45:16,68.5813
40:54,4,101.4098,59.7308,101.4098,101.4098,0.5,50.7049,3.965e-05,38:43,59.7308
40:55,12,2120.1091,357.2907,1126.116,1731.1864,0.2887,499.7505,0.00039076,30:60,357.2907
40:56,23,4224.5359,1061.4676,2033.5907,2302.4628,0.2085,480.0967,0.00037539,40:35,1061.4676
40:57,12,6117.4267,341.5367,1658.9848,3225.7198,0.2887,931.1851,0.00072811,2:243,341.5367
40:58,13,3408.857,162.9639,657.8605,1276.4812,0.2774,354.0322,0.00027682,35:19,162.9639
40:59,11,3231.1981,344.1081,1085.312,1727.0376,0.3015,520.7214,0.00040716,11:17,344.1081
40:60,13,968.3665,23.2951,80.4735,136.9456,0.2774,37.9819,2.97e-05,7:206,23.2951
40:61,20,9806.9654,1653.9571,4700.0729,5647.6038,0.2236,1262.8426,0.00098744,2:243,1653.9571
40:62,12,5509.9993,563.8352,1419.1865,1994.7304,0.2887,575.8291,0.00045025,35:3,563.8352
40:63,7,334.0231,56.3829,111.6151,167.2171,0.378,63.2021,4.942e-05,6:33,56.3829
40:64,21,2730.7324,160.2458,744.8738,1144.2555,0.2182,249.697,0.00019524,2:22,160.2458
40:65,14,5092.4093,146.4522,698.9821,1274.526,0.2673,340.6314,0.00026634,1:2,146.4522
40:66,20,5589.6073,1475.1706,2601.1513,3090.8962,0.2236,691.1454,0.00054042,6:56,1475.1706
40:67,30,4706.4688,1480.941,3172.9073,3538.6655,0.1826,646.069,0.00050517,22:5,1480.941
40:68,12,3126.3019,791.8794,2582.9071,2771.9135,0.2887,800.1825,0.00062567,2:117,791.8794
40:69,10,2951.5364,375.5944,1148.6261,1811.0216,0.3162,572.6953,0.0004478,40:35,375.5944
40:70,9,264.9132,13.5847,67.9234,125.8616,0.3333,41.9539,3.28e-05,15:3,13.5847
40:71,6,44.6871,15.2793,44.6871,44.6871,0.4082,18.2434,1.426e-05,36:8,15.2793
40:72,6,172.0646,15.2793,63.5209,123.823,0.4082,50.5505,3.953e-05,69:32,15.2793
40:73,7,760.3652,159.6727,293.4695,355.4906,0.378,134.3628,0.00010506,26:92,159.6727
40:74,17,4129.0024,598.6006,803.9832,981.3047,0.2425,238.0014,0.0001861,7:37,598.6006
40:75,11,2809.1526,608.4004,1178.7672,1380.4852,0.3015,416.2319,0.00032546,46:20,608.4004
40:76,8,1768.383,1069.1114,1386.7517,1476.9514,0.3536,522.1812,0.0004083,39:72,1069.1114
40:77,14,3390.3857,830.4281,2283.4267,2969.3177,0.2673,793.5835,0.00062051,10:46,830.4281
40:78,32,3732.0923,1685.5913,1924.7099,2130.7335,0.1768,376.664,0.00029452,13:38,1685.5913
40:79,9,1163.7924,147.3475,440.6165,683.8189,0.3333,227.9396,0.00017823,40:61,147.3475
40:80,12,342.2287,168.0721,270.9405,342.2287,0.2887,98.7929,7.725e-05,23:22,168.0721
40:81,6,222.0101,15.2793,61.2195,118.6447,0.4082,48.4365,3.787e-05,2:73,15.2793
40:82,25,12887.3463,1572.3923,7194.6495,9039.9161,0.2,1807.9832,0.00141369,30:9,1572.3923
40:83,15,4197.8705,541.302,2706.5099,3297.1995,0.2582,851.3332,0.00066567,11:8,541.302
40:84,12,247.1999,15.2793,69.8047,134.6397,0.2887,38.8671,3.039e-05,40:85,15.2793
40:85,17,378.6849,164.2779,223.3517,291.138,0.2425,70.6113,5.521e-05,48:23,164.2779
41:1,1,0,0.0,0,0,1.0,0.0,0.0,,0.0
41:2,4,153.4692,14.2576,71.2882,139.8846,0.5,69.9423,5.469e-05,19:45,14.2576
41:3,7,149.6266,15.2793,71.1342,136.5445,0.378,51.609,4.035e-05,41:44,15.2793
41:4,7,400.3344,57.7692,155.7127,219.1163,0.378,82.8182,6.476e-05,36:7,57.7692
41:5,17,91.6757,61.1171,91.6757,91.6757,0.2425,22.2346,1.739e-05,11:62,61.1171
41:6,16,2881.7497,1734.7159,2479.5759,2570.0011,0.25,642.5003,0.00050238,18:110,1734.7159
41:7,8,996.006,157.7448,646.2585,709.5756,0.3536,250.8728,0.00019616,11:19,157.7448
41:8,9,9542.6997,995.5721,2589.6543,4046.3546,0.3333,1348.7849,0.00105463,84:25,995.5721
41:9,14,402.0382,15.2793,70.3322,122.1613,0.2673,32.649,2.553e-05,20:4,15.2793
41:10,15,130.8177,59.1555,116.9247,130.8177,0.2582,33.777,2.641e-05,13:3,59.1555
41:11,16,332.978,164.8533,267.5677,332.978,0.25,83.2445,6.509e-05,2:29,164.8533
41:12,19,569.6261,160.6239,411.1974,479.5267,0.2294,110.011,8.602e-05,6:96,160.6239
41:13,9,15.2793,15.2793,15.2793,15.2793,0.3333,5.0931,3.98e-06,42:48,15.2793
41:14,23,1891.8969,390.3548,1029.6795,1331.7972,0.2085,277.6989,0.00021714,7:17,390.3548
41:15,25,5165.9694,363.4859,1153.9655,1777.2089,0.2,355.4418,0.00027793,17:99,363.4859
41:16,19,3063.1325,591.4494,1560.1183,1778.1798,0.2294,407.9424,0.00031898,39:26,591.4494
41:17,14,785.8957,48.4648,242.3242,383.3656,0.2673,102.4588,8.011e-05,6:129,48.4648
41:18,5,1624.9528,152.3116,375.7688,411.0565,0.4472,183.83,0.00014374,10:63,152.3116
41:19,8,129.6669,15.2793,74.095,129.6669,0.3536,45.8442,3.585e-05,41:28,15.2793
41:20,12,1478.5146,45.625,228.1251,423.7072,0.2887,122.3137,9.564e-05,6:108,45.625
41:21,18,1453.3445,49.4359,219.1826,316.827,0.2357,74.6768,5.839e-05,6:101,49.4359
41:22,20,2938.3913,36.858,184.2899,368.5799,0.2236,82.417,6.444e-05,2:26,36.858
41:23,9,114.1265,12.6807,63.4036,114.1265,0.3333,38.0422,2.975e-05,2:64,12.6807
41:24,11,115.5384,15.2793,73.8594,115.5384,0.3015,34.8361,2.724e-05,47:12,15.2793
41:25,25,6229.4744,2411.476,3893.9156,4754.8005,0.2,950.9601,0.00074357,46:18,2411.476
41:26,11,1672.9312,148.9427,331.9218,550.4906,0.3015,165.9792,0.00012978,34:3,148.9427
41:27,10,1556.7635,68.8896,185.2063,252.9452,0.3162,79.9883,6.254e-05,39:35,68.8896
41:28,14,925.1398,59.5201,274.0926,455.9745,0.2673,121.8643,9.529e-05,7:51,59.5201
41:29,16,1858.0672,52.5474,262.7371,481.3059,0.25,120.3265,9.409e-05,7:38,52.5474
41:30,19,2082.1098,839.3761,954.978,1028.1804,0.2294,235.8808,0.00018444,46:13,839.3761
41:31,16,2014.8117,365.9793,862.7956,1080.8572,0.25,270.2143,0.00021128,10:64,365.9793
41:32,4,423.3978,15.2793,55.0957,104.8663,0.5,52.4331,4.1e-05,3:198,15.2793
41:33,13,583.7364,22.9354,79.293,146.3125,0.2774,40.5798,3.173e-05,25:71,22.9354
41:34,17,405.9104,161.0267,377.3135,405.9104,0.2425,98.4477,7.698e-05,23:96,161.0267
41:35,11,333.0509,55.839,114.1836,173.6264,0.3015,52.3503,4.093e-05,11:11,55.839
41:36,11,2538.3507,1079.5759,1897.7812,2223.8587,0.3015,670.5186,0.00052429,7:200,1079.5759
41:37,19,1772.9879,157.3487,639.4686,704.4349,0.2294,161.6084,0.00012636,16:12,157.3487
41:38,12,473.2505,14.2576,68.1343,131.5379,0.2887,37.9717,2.969e-05,2:274,14.2576
41:39,22,5680.0912,626.4507,1335.2171,1885.2,0.2132,401.926,0.00031427,22:5,626.4507
41:40,26,2630.0297,153.4206,384.8666,620.0716,0.1961,121.6061,9.509e-05,11:112,153.4206
41:41,9,2159.2903,39.4926,197.4629,394.9258,0.3333,131.6419,0.00010293,2:6,39.4926
41:42,13,413.6073,53.3179,189.4907,256.62,0.2774,71.1736,5.565e-05,13:11,53.3179
41:43,17,1145.0809,60.5418,210.151,288.8221,0.2425,70.0497,5.477e-05,13:6,60.5418
41:44,30,1072.0907,56.3576,238.4034,310.2599,0.1826,56.6455,4.429e-05,25:12,56.3576
41:45,18,6409.9516,3283.245,5110.2097,5731.9005,0.2357,1351.0219,0.00105638,11:110,3283.245
41:46,11,1140.1999,849.6733,976.4044,1047.6925,0.3015,315.8912,0.000247,45:15,849.6733
41:47,27,1229.1907,1084.8292,1171.2676,1229.1907,0.1925,236.5579,0.00018497,35:11,1084.8292
41:48,12,3041.3099,157.3464,724.2119,1157.6782,0.2887,334.1929,0.00026131,42:35,157.3464
41:49,11,145.7436,14.2576,68.5156,132.8723,0.3015,40.0625,3.133e-05,17:83,14.2576
41:50,32,2826.3975,411.1544,724.043,806.9652,0.1768,142.6526,0.00011154,18:36,411.1544
41:51,13,1598.9585,1541.0354,1598.9585,1598.9585,0.2774,443.4713,0.00034676,17:83,1541.0354
41:52,17,3463.0243,816.2302,1021.6784,1273.8975,0.2425,308.9655,0.00024158,46:10,816.2302
41:53,19,3013.6476,139.1466,674.6619,1049.9979,0.2294,240.886,0.00018835,41:39,139.1466
41:54,12,678.6027,59.7308,198.3903,267.4089,0.2887,77.1943,6.036e-05,32:23,59.7308
42:1,1,0,0.0,0,0,1.0,0.0,0.0,,0.0
42:2,1,0,0.0,0,0,1.0,0.0,0.0,,0.0
42:3,10,1608.6822,387.6994,589.2651,739.5598,0.3162,233.8694,0.00018287,39:65,387.6994
42:4,10,15516.4161,685.5575,3246.3194,6371.3981,0.3162,2014.813,0.00157541,2:255,685.5575
42:5,19,4434.6362,62.5727,296.5192,545.8074,0.2294,125.2168,9.791e-05,39:53,62.5727
42:6,12,1635.8814,379.0423,901.1644,1155.7479,0.2887,333.6357,0.00026087,39:3,379.0423
42:7,22,899.3819,167.4968,376.323,626.8359,0.2132,133.6419,0.0001045,6:92,167.4968
42:8,19,3405.8835,389.9862,963.7387,1570.8706,0.2294,360.3824,0.00028179,76:31,389.9862
42:9,16,7313.518,534.1578,1754.0319,2640.9595,0.25,660.2399,0.00051625,30:50,534.1578
42:10,15,1291.1498,164.9597,276.2844,342.8726,0.2582,88.5293,6.922e-05,11:88,164.9597
42:11,19,2663.3738,379.5669,693.757,911.1658,0.2294,209.0358,0.00016345,16:72,379.5669
42:12,13,4533.866,573.158,1949.0331,2631.5647,0.2774,729.8647,0.00057069,17:30,573.158
42:13,38,1899.0828,384.5941,604.5188,769.8122,0.1622,124.88,9.765e-05,13:27,384.5941
42:14,30,7597.3987,1012.6544,3457.7046,4232.7765,0.1826,772.7957,0.00060426,3:19,1012.6544
42:15,34,1871.5641,165.7707,516.4073,779.953,0.1715,133.7608,0.00010459,28:55,165.7707
42:16,18,3399.2256,361.4808,629.278,835.4189,0.2357,196.9101,0.00015397,16:41,361.4808
42:17,11,741.5696,167.4968,224.9262,291.5143,0.3015,87.8949,6.873e-05,33:63,167.4968
42:18,22,2800.9834,53.2287,248.961,472.1484,0.2132,100.6624,7.871e-05,16:104,53.2287
42:19,9,830.596,52.1633,260.0872,370.466,0.3333,123.4887,9.656e-05,2:212,52.1633
42:20,22,1481.6341,383.1398,705.111,941.8062,0.2132,200.7938,0.000157,2:200,383.1398
42:21,22,1827.9253,155.179,396.6049,596.2324,0.2132,127.1172,9.939e-05,14:22,155.179
42:22,24,4443.7915,617.5208,1175.5982,1794.2189,0.2041,366.2434,0.00028637,39:34,617.5208
42:23,29,8508.2318,383.7311,881.8186,1416.619,0.1857,263.0595,0.00020569,6:90,383.7311
42:24,22,3239.292,144.2122,721.061,1379.9746,0.2132,294.2116,0.00023005,8:43,144.2122
42:25,12,619.8903,168.0721,235.7971,301.9864,0.2887,87.176,6.816e-05,9:104,168.0721
42:26,12,6172.3897,160.6178,599.3429,1134.1433,0.2887,327.399,0.000256,4:173,160.6178
42:27,17,1483.324,57.0726,125.6377,187.5819,0.2425,45.4953,3.557e-05,42:51,57.0726
42:28,13,1922.9439,40.4596,202.2981,404.5963,0.2774,112.2148,8.774e-05,2:75,40.4596
42:29,16,3494.9751,373.2105,730.4393,934.1079,0.25,233.527,0.0001826,30:22,373.2105
42:30,10,134.0614,59.9664,119.3575,134.0614,0.3162,42.3939,3.315e-05,5:15,59.9664
42:31,14,10837.8245,1536.7385,4721.6165,5446.9739,0.2673,1455.765,0.00113828,29:22,1536.7385
42:32,6,306.7175,58.1845,108.2112,170.7447,0.4082,69.7062,5.45e-05,55:24,58.1845
42:33,15,5722.2511,756.9821,2501.7233,3078.6662,0.2582,794.9082,0.00062155,14:5,756.9821
42:34,7,84.9798,14.7039,71.0868,84.9798,0.378,32.1193,2.511e-05,5:15,14.7039
42:35,9,905.3322,157.3464,378.7572,523.9916,0.3333,174.6639,0.00013657,41:48,157.3464
42:36,17,3323.5852,994.4072,1419.8561,1651.4138,0.2425,400.5267,0.00031318,28:60,994.4072
42:37,10,197.48,168.0721,197.48,197.48,0.3162,62.4487,4.883e-05,53:32,168.0721
42:38,11,378.5475,54.3388,271.6938,339.3013,0.3015,102.3032,7.999e-05,2:3,54.3388
42:39,6,42.7729,14.2576,42.7729,42.7729,0.4082,17.462,1.365e-05,3:135,14.2576
42:40,14,1467.006,55.2322,271.0344,519.9085,0.2673,138.9514,0.00010865,3:57,55.2322
42:41,9,206.664,15.2793,70.8512,132.5843,0.3333,44.1948,3.456e-05,5:39,15.2793
42:42,15,3499.1728,164.0873,732.9152,1254.8943,0.2582,324.0123,0.00025335,9:93,164.0873
42:43,8,200.888,27.786,82.4428,148.5598,0.3536,52.5238,4.107e-05,31:17,27.786
42:44,20,4028.5649,558.6514,2737.6853,3185.995,0.2236,712.4101,0.00055704,42:46,558.6514
42:45,27,4754.0652,1299.3364,1522.2132,1759.7166,0.1925,338.6576,0.0002648,39:15,1299.3364
42:46,16,7474.5413,558.6514,2737.6853,3525.9497,0.25,881.4874,0.00068925,42:44,558.6514
42:47,21,7943.4592,1466.5939,2861.0051,3516.9452,0.2182,767.4604,0.00060009,30:43,1466.5939
42:48,27,1701.6153,843.0399,1292.0945,1521.8755,0.1925,292.8851,0.00022901,30:36,843.0399
42:49,15,2328.6693,149.091,404.6541,657.0467,0.2582,169.6487,0.00013265,5:120,149.091
42:50,11,611.6574,15.2793,68.5498,123.3563,0.3015,37.1933,2.908e-05,16:70,15.2793
42:51,22,1085.8857,61.1171,162.8768,233.1527,0.2132,49.7083,3.887e-05,3:79,61.1171
42:52,27,1429.1649,58.5186,249.0134,487.1319,0.1925,93.7486,7.33e-05,42:7,58.5186
42:53,15,16605.2328,1068.5817,3787.8171,6532.4772,0.2582,1686.6784,0.00131884,14:2,1068.5817
43:1,1,0,0.0,0,0,1.0,0.0,0.0,,0.0
43:2,2,15.2793,15.2793,15.2793,15.2793,0.7071,10.8041,8.45e-06,44:2,15.2793
43:3,6,232.6986,166.1105,219.381,232.6986,0.4082,94.9988,7.428e-05,12:2,166.1105
43:4,7,72.1807,14.7039,72.1807,72.1807,0.378,27.2818,2.133e-05,3:7,14.7039
43:5,8,715.7291,14.7039,55.4707,98.9087,0.3536,34.9695,2.734e-05,9:53,14.7039
43:6,6,167.8399,14.2576,67.7863,130.3198,0.4082,53.2028,4.16e-05,3:146,14.2576
43:7,8,1097.0861,208.3395,552.2033,794.8358,0.3536,281.0169,0.00021973,15:11,208.3395
43:8,7,113.7613,59.4225,113.7613,113.7613,0.378,42.9977,3.362e-05,50:36,59.4225
43:9,10,4168.3847,783.3943,2237.7674,2436.9613,0.3162,770.6348,0.00060257,31:25,783.3943
43:10,11,1569.6358,432.2896,919.639,1162.8414,0.3015,350.6099,0.00027415,20:53,432.2896
43:11,12,1572.7404,165.7707,569.2467,788.123,0.2887,227.5115,0.00017789,50:11,165.7707
43:12,11,678.167,61.1171,228.3198,287.1184,0.3015,86.5695,6.769e-05,36:36,61.1171
43:13,20,203.5007,15.2793,74.6703,140.0971,0.2236,31.3267,2.449e-05,7:51,15.2793
43:14,4,42.7729,14.2576,42.7729,42.7729,0.5,21.3864,1.672e-05,7:125,14.2576
43:15,9,590.1764,59.1555,112.426,173.9852,0.3333,57.9951,4.535e-05,22:66,59.1555
43:16,7,30.5586,15.2793,30.5586,30.5586,0.378,11.5501,9.03e-06,19:78,15.2793
43:17,12,458.3785,458.3785,458.3785,458.3785,0.2887,132.3225,0.00010346,16:58,458.3785
43:18,9,29.4078,14.7039,29.4078,29.4078,0.3333,9.8026,7.66e-06,3:85,14.7039
43:19,12,102.9707,12.8713,64.3567,102.9707,0.2887,29.7251,2.324e-05,11:27,12.8713
43:20,15,1408.8965,845.7815,1073.5502,1222.8122,0.2582,315.7288,0.00024687,45:24,845.7815
43:21,8,233.1817,61.1171,112.5776,172.8797,0.3536,61.1222,4.779e-05,35:40,61.1171
43:22,11,1401.7061,1080.7267,1138.6498,1207.4981,0.3015,364.0744,0.00028468,43:23,1080.7267
43:23,21,3092.0983,1081.1415,2426.4643,2673.5279,0.2182,583.4116,0.00045618,34:34,1081.1415
43:24,14,859.3049,387.761,676.4116,739.9916,0.2673,197.7711,0.00015464,34:34,387.761
43:25,7,1962.5945,144.8922,705.053,1380.9938,0.378,521.9666,0.00040813,3:137,144.8922
43:26,9,442.5963,161.8552,260.5499,324.4954,0.3333,108.1651,8.458e-05,6:74,161.8552
43:27,5,44.6871,15.2793,44.6871,44.6871,0.4472,19.9847,1.563e-05,10:90,15.2793
43:28,7,91.5744,13.0821,65.4103,91.5744,0.378,34.6119,2.706e-05,3:72,13.0821
43:29,9,133.2979,60.5418,119.0402,133.2979,0.3333,44.4326,3.474e-05,21:44,60.5418
43:30,9,325.3431,56.8855,158.4582,229.017,0.3333,76.339,5.969e-05,27:13,56.8855
43:31,10,376.2137,59.1555,161.2946,231.4888,0.3162,73.2032,5.724e-05,6:37,59.1555
43:32,25,1456.1914,60.5418,264.5052,482.5668,0.2,96.5134,7.547e-05,6:165,60.5418
43:33,17,417.0863,56.9831,157.7608,227.6626,0.2425,55.2163,4.317e-05,2:213,56.9831
43:34,5,0,0.0,0,0,0.4472,0.0,0.0,,0.0
43:35,12,1034.5831,50.9337,231.6949,306.9519,0.2887,88.6094,6.928e-05,3:14,50.9337
43:36,11,79.9058,13.3176,66.5881,79.9058,0.3015,24.0925,1.884e-05,5:91,13.3176
43:37,7,130.8177,60.5418,116.9247,130.8177,0.378,49.4444,3.866e-05,7:30,60.5418
43:38,11,460.0132,15.2793,69.9676,119.9734,0.3015,36.1734,2.828e-05,36:26,15.2793
43:39,9,125.7436,59.1555,112.426,125.7436,0.3333,41.9145,3.277e-05,37:33,59.1555
43:40,11,1040.8186,60.0955,266.5983,503.4577,0.3015,151.7982,0.00011869,10:42,60.0955
43:41,6,0,0.0,0,0,0.4082,0.0,0.0,,0.0
43:42,7,0,0.0,0,0,0.378,0.0,0.0,,0.0
43:43,8,559.1155,51.8745,259.3723,329.3146,0.3536,116.4303,9.104e-05,6:39,51.8745
43:44,6,0,0.0,0,0,0.4082,0.0,0.0,,0.0
43:45,13,1649.3181,151.2209,465.7538,678.6841,0.2774,188.2331,0.00014718,21:25,151.2209
43:46,12,1776.6228,387.4021,904.016,1140.0847,0.2887,329.1141,0.00025734,7:103,387.4021
43:47,7,300.7186,57.1628,111.8422,177.2525,0.378,66.9951,5.238e-05,21:12,57.1628
43:48,13,239.4036,13.5847,67.9234,134.5116,0.2774,37.3068,2.917e-05,2:217,13.5847
43:49,11,814.1014,620.0218,800.5167,814.1014,0.3015,245.4608,0.00019193,7:134,620.0218
43:50,7,326.5968,118.1509,175.3447,240.1705,0.378,90.7759,7.098e-05,7:135,118.1509
43:51,17,696.2876,55.9366,115.903,173.3282,0.2425,42.0383,3.287e-05,6:6,55.9366
43:52,11,343.3743,58.3445,117.7356,186.3896,0.3015,56.1986,4.394e-05,67:20,58.3445
43:53,11,144.1827,60.0955,116.3967,144.1827,0.3015,43.4727,3.399e-05,11:12,60.0955
43:54,7,704.8137,152.4122,524.1029,580.5751,0.378,219.4367,0.00017158,27:12,152.4122
43:55,6,30.5586,15.2793,30.5586,30.5586,0.4082,12.4755,9.75e-06,21:77,15.2793
43:56,4,0,0.0,0,0,0.5,0.0,0.0,,0.0
43:57,9,235.3159,11.2055,56.0276,112.0552,0.3333,37.3517,2.921e-05,2:87,11.2055
43:58,14,376.176,55.6474,155.0894,224.3024,0.2673,59.9473,4.687e-05,27:60,55.6474
43:59,10,566.5856,49.8667,249.3335,498.667,0.3162,157.6923,0.0001233,6:90,49.8667
43:60,8,1258.4207,14.2576,57.1593,93.1252,0.3536,32.9247,2.574e-05,36:66,14.2576
43:61,10,423.7162,52.4911,223.549,279.151,0.3162,88.2753,6.902e-05,3:51,52.4911
43:62,7,1505.8901,359.7587,1452.6196,1505.8901,0.378,569.1729,0.00044504,2:168,359.7587
43:63,17,827.0813,107.0461,313.7966,563.0578,0.2425,136.5616,0.00010678,3:50,107.0461
43:64,9,3607.1888,601.8991,1358.8468,1573.6669,0.3333,524.5556,0.00041016,3:51,601.8991
43:65,11,1174.4076,624.489,766.7995,835.6479,0.3015,251.9573,0.00019701,19:37,624.489
43:66,10,2051.0094,621.4081,1215.3478,1509.3991,0.3162,477.3139,0.00037322,47:18,621.4081
43:67,7,58.0522,15.2793,58.0522,58.0522,0.378,21.9417,1.716e-05,17:88,15.2793
43:68,8,179.1357,120.6373,179.1357,179.1357,0.3536,63.334,4.952e-05,7:49,120.6373
43:69,5,1306.822,14.7039,50.5805,85.8681,0.4472,38.4014,3.003e-05,7:136,14.7039
43:70,5,29.4078,14.7039,29.4078,29.4078,0.4472,13.1516,1.028e-05,7:49,14.7039
43:71,15,277.582,15.2793,70.8512,128.2765,0.2582,33.1208,2.59e-05,37:45,15.2793
43:72,7,1075.0265,152.1341,332.8506,558.7461,0.378,211.1862,0.00016513,7:43,152.1341
43:73,6,132.3786,14.7039,68.0219,132.3786,0.4082,54.0433,4.226e-05,36:57,14.7039
43:74,6,134.4486,61.1171,120.191,134.4486,0.4082,54.8884,4.292e-05,54:47,61.1171
43:75,6,15.2793,15.2793,15.2793,15.2793,0.4082,6.2377,4.88e-06,23:77,15.2793
43:76,6,356.4535,163.5734,264.0681,330.2893,0.4082,134.8401,0.00010543,16:118,163.5734
43:77,8,29.4078,14.7039,29.4078,29.4078,0.3536,10.3972,8.13e-06,7:138,14.7039
43:78,7,30.5586,15.2793,30.5586,30.5586,0.378,11.5501,9.03e-06,23:70,15.2793
43:79,5,0,0.0,0,0,0.4472,0.0,0.0,,0.0
43:80,11,44.6871,15.2793,44.6871,44.6871,0.3015,13.4737,1.054e-05,9:78,15.2793
43:81,8,505.8752,53.1065,103.1487,161.0869,0.3536,56.9528,4.453e-05,9:24,53.1065
43:82,8,1671.3931,164.9912,344.5617,569.0248,0.3536,201.1806,0.00015731,21:22,164.9912
43:83,8,1295.9941,1076.3278,1295.9941,1295.9941,0.3536,458.2031,0.00035828,70:42,1076.3278
43:84,11,603.1259,24.9996,84.0734,150.0215,0.3015,45.2332,3.537e-05,6:73,24.9996
43:85,13,6138.4547,343.8255,1696.6397,2738.6152,0.2774,759.5552,0.00059391,7:158,343.8255
43:86,13,1442.3575,55.3391,267.6374,513.5534,0.2774,142.4341,0.00011137,6:108,55.3391
43:87,8,506.1695,220.1822,478.1479,506.1695,0.3536,178.9579,0.00013993,29:61,220.1822
43:88,7,730.6194,58.9199,191.6559,257.0662,0.378,97.1619,7.597e-05,44:22,58.9199
43:89,6,67.9234,13.5847,67.9234,67.9234,0.4082,27.7296,2.168e-05,15:3,13.5847
44:1,1,0,0.0,0,0,1.0,0.0,0.0,,0.0
44:2,2,15.2793,15.2793,15.2793,15.2793,0.7071,10.8041,8.45e-06,43:2,15.2793
44:3,8,379.1904,167.4968,216.9636,274.9017,0.3536,97.1924,7.6e-05,97:1,167.4968
44:4,5,15.2793,15.2793,15.2793,15.2793,0.4472,6.8331,5.34e-06,97:4,15.2793
44:5,6,292.1748,15.2793,68.5498,129.9479,0.4082,53.051,4.148e-05,28:45,15.2793
44:6,7,1689.3761,144.9396,637.0811,891.0596,0.378,336.7889,0.00026334,8:61,144.9396
44:7,8,5882.8887,997.3609,2285.3984,2924.3946,0.3536,1033.9296,0.00080844,26:24,997.3609
44:8,10,4532.9344,569.3533,1123.0571,1698.6011,0.3162,537.1448,0.00042,7:158,569.3533
44:9,5,580.9544,155.2495,390.6071,456.0174,0.4472,203.9372,0.00015946,27:66,155.2495
44:10,6,15.2793,15.2793,15.2793,15.2793,0.4082,6.2377,4.88e-06,16:111,15.2793
44:11,5,367.2481,10.2013,51.0067,102.0134,0.4472,45.6218,3.567e-05,2:10,10.2013
44:12,6,0,0.0,0,0,0.4082,0.0,0.0,,0.0
44:13,7,42.7729,14.2576,42.7729,42.7729,0.378,16.1666,1.264e-05,2:101,14.2576
44:14,6,30.5586,15.2793,30.5586,30.5586,0.4082,12.4755,9.75e-06,8:20,15.2793
44:15,6,15.2793,15.2793,15.2793,15.2793,0.4082,6.2377,4.88e-06,77:46,15.2793
44:16,6,0,0.0,0,0,0.4082,0.0,0.0,,0.0
44:17,8,181.4943,14.7039,73.0733,141.5415,0.3536,50.0425,3.913e-05,69:40,14.7039
44:18,9,1029.934,148.2605,741.3027,850.4932,0.3333,283.4977,0.00022167,26:107,148.2605
44:19,9,810.8643,15.2793,72.2375,136.8534,0.3333,45.6178,3.567e-05,11:14,15.2793
44:20,6,61.1171,61.1171,61.1171,61.1171,0.4082,24.951,1.951e-05,40:27,61.1171
44:21,5,83.2027,15.2793,69.618,83.2027,0.4472,37.2094,2.909e-05,49:14,15.2793
44:22,6,182.0994,58.9199,116.6891,182.0994,0.4082,74.3418,5.813e-05,43:88,58.9199
44:23,5,15.2793,15.2793,15.2793,15.2793,0.4472,6.8331,5.34e-06,26:52,15.2793
44:24,6,0,0.0,0,0,0.4082,0.0,0.0,,0.0
44:25,5,129.0406,59.4225,115.4559,129.0406,0.4472,57.7087,4.512e-05,26:57,59.4225
44:26,3,15.2793,15.2793,15.2793,15.2793,0.5774,8.8215,6.9e-06,26:58,15.2793
44:27,4,0,0.0,0,0,0.5,0.0,0.0,,0.0
44:28,4,30.5586,15.2793,30.5586,30.5586,0.5,15.2793,1.195e-05,21:11,15.2793
44:29,8,684.1202,52.1513,140.0965,199.7532,0.3536,70.6234,5.522e-05,21:16,52.1513
44:30,7,433.8062,56.65,111.1754,174.3158,0.378,65.8852,5.152e-05,2:246,56.65
44:31,7,379.8282,14.7039,72.1807,125.2234,0.378,47.33,3.701e-05,10:83,14.7039
44:32,6,147.1464,13.893,68.654,134.0643,0.4082,54.7315,4.28e-05,7:52,13.893
44:33,7,70.8512,15.2793,70.8512,70.8512,0.378,26.7793,2.094e-05,3:58,15.2793
44:34,3,91.5744,13.0821,65.4103,91.5744,0.5774,52.8705,4.134e-05,7:139,13.0821
44:35,8,774.9845,394.1805,638.5637,701.7941,0.3536,248.1217,0.00019401,37:59,394.1805
44:36,5,1663.3716,147.8684,311.5218,516.0886,0.4472,230.8018,0.00018047,45:25,147.8684
44:37,12,841.7909,52.0342,199.0942,268.7123,0.2887,77.5705,6.065e-05,3:11,52.0342
44:38,7,4177.3922,563.8134,1523.1756,2132.0821,0.378,805.8513,0.00063011,15:85,563.8134
44:39,8,1882.66,134.0036,670.0181,1169.5239,0.3536,413.4891,0.00032331,6:37,134.0036
44:40,5,101.4098,59.7308,101.4098,101.4098,0.4472,45.3518,3.546e-05,78:17,59.7308
44:41,10,986.3639,212.1365,441.2075,506.7626,0.3162,160.2524,0.0001253,52:46,212.1365
44:42,8,1089.5282,55.9366,245.8133,312.8454,0.3536,110.6076,8.649e-05,29:26,55.9366
44:43,3,0,0.0,0,0,0.5774,0.0,0.0,,0.0
44:44,2,0,0.0,0,0,0.7071,0.0,0.0,,0.0
44:45,4,0,0.0,0,0,0.5,0.0,0.0,,0.0
44:46,2,0,0.0,0,0,0.7071,0.0,0.0,,0.0
44:47,5,30.5586,15.2793,30.5586,30.5586,0.4472,13.6662,1.069e-05,37:55,15.2793
44:48,7,177.1512,11.8101,59.0504,118.1008,0.378,44.6379,3.49e-05,5:36,11.8101
44:49,5,287.4985,54.6067,189.9113,250.9033,0.4472,112.2074,8.774e-05,2:129,54.6067
44:50,6,805.6011,54.761,119.1519,185.0334,0.4082,75.5396,5.907e-05,77:29,54.761
44:51,5,271.6938,54.3388,271.6938,271.6938,0.4472,121.5052,9.501e-05,15:45,54.3388
44:52,3,310.2546,54.1604,189.6505,249.9525,0.5774,144.3102,0.00011284,15:45,54.1604
44:53,5,61.1171,61.1171,61.1171,61.1171,0.4472,27.3324,2.137e-05,18:31,61.1171
44:54,4,61.1171,61.1171,61.1171,61.1171,0.5,30.5586,2.389e-05,52:20,61.1171
44:55,5,15.2793,15.2793,15.2793,15.2793,0.4472,6.8331,5.34e-06,38:51,15.2793
44:56,10,90.525,61.1171,90.525,90.525,0.3162,28.6265,2.238e-05,78:24,61.1171
44:57,7,1191.4134,150.0086,556.3215,662.2774,0.378,250.3173,0.00019573,9:72,150.0086
44:58,5,141.0229,61.1171,114.3876,141.0229,0.4472,63.0674,4.931e-05,19:97,61.1171
44:59,3,0,0.0,0,0,0.5774,0.0,0.0,,0.0
45:1,1,0,0.0,0,0,1.0,0.0,0.0,,0.0
45:2,6,2836.1543,574.4863,1610.4852,1756.8356,0.4082,717.2251,0.00056081,39:1,574.4863
45:3,6,2891.7923,153.5843,304.9805,494.2257,0.4082,201.7668,0.00015776,10:6,153.5843
45:4,9,176.3022,15.2793,73.3315,137.6882,0.3333,45.8961,3.589e-05,37:96,15.2793
45:5,20,3981.7931,1054.481,1828.0539,2098.1708,0.2236,469.1653,0.00036685,2:164,1054.481
45:6,12,1523.3907,597.4446,1239.5764,1302.1099,0.2887,375.8867,0.00029391,2:252,597.4446
45:7,4,30.5586,15.2793,30.5586,30.5586,0.5,15.2793,1.195e-05,26:222,15.2793
45:8,14,631.0109,239.0773,294.2278,359.9234,0.2673,96.1936,7.522e-05,31:7,239.0773
45:9,11,993.2931,383.9011,591.0928,662.227,0.3015,199.669,0.00015612,31:6,383.9011
45:10,19,4139.0876,363.0707,744.8276,989.3353,0.2294,226.9691,0.00017747,29:41,363.0707
45:11,11,1096.8284,392.7942,596.3147,687.281,0.3015,207.223,0.00016203,34:5,392.7942
45:12,14,2110.058,592.5602,1520.16,1588.7413,0.2673,424.609,0.00033201,30:46,592.5602
45:13,16,20785.672,659.9908,2621.3608,4795.393,0.25,1198.8483,0.0009374,31:20,659.9908
45:14,14,1102.1628,48.4648,242.3242,382.5547,0.2673,102.242,7.994e-05,6:129,48.4648
45:15,11,1391.3734,849.6733,1178.3465,1261.1038,0.3015,380.2371,0.00029731,41:46,849.6733
45:16,13,1207.4704,393.5736,648.0278,724.0417,0.2774,200.813,0.00015702,17:70,393.5736
45:17,24,9234.4083,1476.2624,5051.0676,6307.7136,0.2041,1287.5566,0.00100676,10:93,1476.2624
45:18,13,1123.2034,166.1105,359.3211,428.2106,0.2774,118.7643,9.286e-05,6:150,166.1105
45:19,15,1418.6971,55.572,268.7282,500.9297,0.2582,129.3395,0.00010113,5:51,55.572
45:20,7,346.8278,58.1338,238.6765,308.2138,0.378,116.4939,9.109e-05,28:43,58.1338
45:21,17,2288.9067,128.9732,337.0706,528.9431,0.2425,128.2876,0.00010031,29:4,128.9732
45:22,13,3160.9869,159.163,781.1508,1249.4622,0.2774,346.5385,0.00027096,2:281,159.163
45:23,24,1497.6064,167.4968,244.7672,323.7306,0.2041,66.0812,5.167e-05,25:43,167.4968
45:24,21,2473.6305,847.9246,1980.5115,2136.5528,0.2182,466.234,0.00036456,23:37,847.9246
45:25,16,4447.8609,355.7844,1571.006,1914.8013,0.25,478.7003,0.0003743,19:73,355.7844
45:26,18,7132.8085,579.954,2099.949,3666.684,0.2357,864.2457,0.00067577,4:87,579.954
45:27,10,2438.7689,162.527,711.4421,1057.5227,0.3162,334.418,0.00026149,30:14,162.527
45:28,14,1012.6271,151.0968,446.7017,584.4838,0.2673,156.2099,0.00012214,52:16,151.0968
45:29,11,896.9083,48.1694,240.8468,371.9484,0.3015,112.1467,8.769e-05,27:90,48.1694
45:30,13,6320.1532,323.2572,967.3947,1502.195,0.2774,416.6339,0.00032577,4:173,323.2572
45:31,12,1441.0937,165.3244,338.9837,408.3918,0.2887,117.8926,9.218e-05,23:105,165.3244
45:32,22,2107.4281,192.0115,740.7243,1344.2704,0.2132,286.5994,0.0002241,18:21,192.0115
45:33,11,4791.8741,1225.7889,3557.1073,4140.6791,0.3015,1248.4617,0.00097619,16:34,1225.7889
45:34,14,1791.9618,606.8203,1035.2704,1276.7051,0.2673,341.2138,0.0002668,29:25,606.8203
45:35,16,1315.7015,57.3229,241.3443,310.8815,0.25,77.7204,6.077e-05,2:231,57.3229
45:36,8,488.4526,12.1984,60.992,121.9839,0.3536,43.1278,3.372e-05,13:16,12.1984
45:37,8,4461.8668,554.2474,1775.2418,2013.488,0.3536,711.8755,0.00055663,30:27,554.2474
46:1,1,0,0.0,0,0,1.0,0.0,0.0,,0.0
46:2,6,2836.1543,574.4863,1610.4852,1756.8356,0.4082,717.2251,0.00056081,39:1,574.4863
46:3,15,5471.7864,1018.4232,2586.427,3195.3335,0.2582,825.0316,0.0006451,30:8,1018.4232
46:4,29,9603.148,2415.6292,3185.5063,3713.8587,0.1857,689.6462,0.00053924,35:40,2415.6292
46:5,18,5036.3665,142.4193,634.164,1108.5827,0.2357,261.2955,0.00020431,22:12,142.4193
46:6,9,15.2793,15.2793,15.2793,15.2793,0.3333,5.0931,3.98e-06,27:82,15.2793
46:7,14,4199.1264,1029.7034,2653.0009,2945.5517,0.2673,787.2318,0.00061555,19:73,1029.7034
46:8,25,3055.9959,608.2227,1032.8255,1284.2026,0.2,256.8405,0.00020083,11:35,608.2227
46:9,24,2462.4668,606.755,1484.6613,1620.08,0.2041,330.6974,0.00025858,10:15,606.755
46:10,24,9760.4941,816.2302,2707.6875,3606.5989,0.2041,736.1939,0.00057564,41:52,816.2302
46:11,19,2356.4762,367.0796,749.9883,968.5571,0.2294,222.2022,0.00017374,29:12,367.0796
46:12,16,914.6359,625.8753,681.1075,736.7095,0.25,184.1774,0.00014401,11:17,625.8753
46:13,13,6565.6275,839.3761,2954.702,4575.1386,0.2774,1268.9151,0.00099218,41:30,839.3761
46:14,9,2192.7164,144.9277,449.3315,704.2438,0.3333,234.7479,0.00018355,32:17,144.9277
46:15,45,3685.4418,2456.4061,2709.1226,2861.7131,0.1491,426.599,0.00033356,27:19,2456.4061
46:16,18,690.5742,59.1555,161.7972,231.3185,0.2357,54.5223,4.263e-05,70:44,59.1555
46:17,28,2580.4052,149.2957,734.3611,1420.2521,0.189,268.4024,0.00020987,6:25,149.2957
46:18,17,4707.5862,2411.476,3111.068,3370.7224,0.2425,817.5203,0.00063923,41:25,2411.476
46:19,9,859.6241,168.0721,360.3326,600.6583,0.3333,200.2194,0.00015655,6:132,168.0721
46:20,27,4881.0269,627.877,1918.8787,2379.3055,0.1925,457.8976,0.00035804,46:34,627.877
46:21,25,4755.3823,1034.9128,2934.4377,3613.1836,0.2,722.6367,0.00056504,11:26,1034.9128
46:22,12,2990.7704,804.9533,2236.0949,2806.7246,0.2887,810.2316,0.00063353,7:70,804.9533
46:23,13,1007.3382,168.0721,418.7497,485.3379,0.2774,134.6085,0.00010525,11:29,168.0721
46:24,18,583.9801,15.2793,73.0072,139.504,0.2357,32.8814,2.571e-05,43:58,15.2793
46:25,14,1035.7956,164.1178,217.3263,279.0593,0.2673,74.5817,5.832e-05,10:13,164.1178
46:26,32,4661.309,541.302,2706.5099,3307.7197,0.1768,584.7278,0.00045721,11:8,541.302
46:27,10,151.5408,15.2793,73.0485,138.4588,0.3162,43.7845,3.424e-05,6:65,15.2793
46:28,17,3492.3453,361.3761,725.4624,902.7839,0.2425,218.9573,0.00017121,29:41,361.3761
46:29,18,183.8826,14.7039,71.3224,133.8559,0.2357,31.5501,2.467e-05,10:74,14.7039
46:30,19,1920.5528,145.6268,728.1339,925.3716,0.2294,212.2948,0.000166,2:97,145.6268
46:31,14,1309.7404,160.2676,365.7356,452.9871,0.2673,121.0659,9.466e-05,71:4,160.2676
46:32,18,3003.5623,151.4816,365.3456,612.9556,0.2357,144.475,0.00011297,39:22,151.4816
46:33,22,12615.1557,995.421,2410.3432,3732.0884,0.2132,795.6839,0.00062216,17:99,995.421
46:34,18,4900.0236,1963.9269,3463.7243,3585.0987,0.2357,845.0159,0.00066073,6:30,1963.9269
46:35,27,660.405,394.9599,559.709,631.8897,0.1925,121.6072,9.509e-05,10:45,394.9599
47:1,8,4325.7781,550.0239,2250.28,2470.2981,0.3536,873.3823,0.00068291,4:167,550.0239
47:2,18,3565.7137,137.6171,632.5137,1251.1344,0.2357,294.8952,0.00023058,29:7,137.6171
47:3,18,3042.0008,66.8048,272.857,388.4231,0.2357,91.5522,7.159e-05,2:26,66.8048
47:4,38,3627.1631,141.887,422.9831,617.7807,0.1622,100.2173,7.836e-05,3:167,141.887
47:5,3,0,0.0,0,0,0.5774,0.0,0.0,,0.0
47:6,4,0,0.0,0,0,0.5,0.0,0.0,,0.0
47:7,9,4282.8098,122.4468,612.2338,909.9252,0.3333,303.3084,0.00023716,3:100,122.4468
47:8,6,216.3618,11.3875,56.9373,113.8746,0.4082,46.4891,3.635e-05,2:39,11.3875
47:9,8,1009.9351,46.823,234.1151,468.2301,0.3536,165.5443,0.00012944,2:170,46.823
47:10,16,10288.6276,1562.364,6770.2817,7454.6564,0.25,1863.6641,0.00145723,12:109,1562.364
47:11,11,1631.7708,52.5887,262.9433,368.4717,0.3015,111.0984,8.687e-05,2:176,52.5887
47:12,22,18432.6401,1735.8828,5321.8018,6896.7884,0.2132,1470.4002,0.00114973,22:14,1735.8828
47:13,14,267.0854,55.4992,153.4471,217.0586,0.2673,58.0113,4.536e-05,22:48,55.4992
47:14,13,1327.0091,612.7567,941.1297,1053.5708,0.2774,292.208,0.00022848,11:17,612.7567
47:15,44,1975.1349,393.492,715.6692,958.0167,0.1508,144.4265,0.00011293,13:35,393.492
47:16,24,2506.3682,610.8115,923.6757,1005.0719,0.2041,205.1594,0.00016042,16:108,610.8115
47:17,6,0,0.0,0,0,0.4082,0.0,0.0,,0.0
47:18,15,858.8928,621.4081,748.3655,819.6466,0.2582,211.6318,0.00016548,43:66,621.4081
47:19,14,2577.0386,141.9802,684.8032,907.5897,0.2673,242.5635,0.00018966,37:35,141.9802
47:20,27,2723.2616,152.0234,658.8187,908.5742,0.1925,174.8552,0.00013672,74:31,152.0234
47:21,12,246.6216,54.9966,233.304,246.6216,0.2887,71.1935,5.567e-05,3:110,54.9966
47:22,10,1359.2457,49.9661,172.3707,208.3366,0.3162,65.8818,5.151e-05,2:11,49.9661
47:23,7,465.2064,162.2914,214.8552,269.2794,0.378,101.778,7.958e-05,4:52,162.2914
47:24,7,119.1693,61.1171,119.1693,119.1693,0.378,45.0418,3.522e-05,4:82,61.1171
47:25,16,3672.2311,588.4306,1477.6945,1688.5838,0.25,422.1459,0.00033008,47:32,588.4306
47:26,15,698.666,58.3694,279.2199,362.5129,0.2582,93.6004,7.319e-05,7:71,58.3694
47:27,7,210.845,168.0721,210.845,210.845,0.378,79.6919,6.231e-05,8:50,168.0721
47:28,10,289.6933,26.6667,84.7189,141.6563,0.3162,44.7956,3.503e-05,47:9,26.6667
47:29,11,1287.9501,144.9659,638.6791,895.7412,0.3015,270.0761,0.00021118,5:52,144.9659
47:30,12,219.9241,14.2576,66.3931,125.4435,0.2887,36.2124,2.832e-05,36:66,14.2576
47:31,8,0,0.0,0,0,0.3536,0.0,0.0,,0.0
47:32,21,9369.8441,758.2374,3204.9531,4599.2948,0.2182,1003.6484,0.00078477,4:167,758.2374
47:33,10,4924.5847,804.1708,1427.1763,1589.2894,0.3162,502.5774,0.00039297,4:59,804.1708
47:34,15,6456.7091,758.2374,2779.285,3162.1389,0.2582,816.4607,0.0006384,4:167,758.2374
47:35,12,15.2793,15.2793,15.2793,15.2793,0.2887,4.4107,3.45e-06,3:139,15.2793
47:36,13,1003.2587,390.6615,494.2469,540.5207,0.2774,149.9135,0.00011722,57:20,390.6615
47:37,6,0,0.0,0,0,0.4082,0.0,0.0,,0.0
47:38,29,2180.2357,52.5442,219.7698,414.5674,0.1857,76.9832,6.019e-05,9:120,52.5442
48:1,5,0,0.0,0,0,0.4472,0.0,0.0,,0.0
48:2,15,535.936,61.1171,113.7093,162.8054,0.2582,42.0362,3.287e-05,12:6,61.1171
48:3,4,0,0.0,0,0,0.5,0.0,0.0,,0.0
48:4,19,3737.6518,608.444,1630.8102,1948.7392,0.2294,447.0714,0.00034957,48:7,608.444
48:5,19,15568.8721,1075.7654,3574.9972,6670.4044,0.2294,1530.2957,0.00119656,9:72,1075.7654
48:6,21,598.1717,167.4968,361.5246,434.573,0.2182,94.8316,7.415e-05,33:73,167.4968
48:7,8,2569.3719,608.444,1215.2927,1277.0639,0.3536,451.5103,0.00035304,48:4,608.444
48:8,5,424.755,396.2397,424.755,424.755,0.4472,189.9562,0.00014853,33:45,396.2397
48:9,8,224.4235,58.1845,113.304,175.037,0.3536,61.8849,4.839e-05,58:4,58.1845
48:10,25,943.9307,15.2793,73.5511,140.7612,0.2,28.1522,2.201e-05,9:111,15.2793
48:11,37,3813.0002,439.9075,823.1898,1075.7611,0.1644,176.854,0.00013828,5:17,439.9075
48:12,20,367.7317,57.3229,117.4184,187.248,0.2236,41.8699,3.274e-05,72:7,57.3229
48:13,9,389.0472,24.545,79.0705,143.7453,0.3333,47.9151,3.747e-05,7:158,24.545
48:14,14,5819.564,720.8462,1942.0241,2628.2786,0.2673,702.437,0.00054925,5:18,720.8462
48:15,31,2236.9106,58.5801,222.1227,297.4367,0.1796,53.4212,4.177e-05,25:40,58.5801
48:16,28,1232.6482,60.0955,163.9696,235.7857,0.189,44.5593,3.484e-05,17:5,60.0955
48:17,27,12165.5628,1938.4258,4396.7245,5780.9444,0.1925,1112.5433,0.00086991,24:61,1938.4258
48:18,19,990.3149,50.7251,136.1986,203.6202,0.2294,46.7137,3.653e-05,4:63,50.7251
48:19,7,832.4533,152.2611,480.7255,530.9723,0.378,200.6887,0.00015692,4:158,152.2611
48:20,18,119.1693,61.1171,119.1693,119.1693,0.2357,28.0885,2.196e-05,4:94,61.1171
48:21,14,5280.9877,549.8464,1643.8196,2227.4321,0.2673,595.3063,0.00046548,33:27,549.8464
48:22,12,1906.9992,389.0967,609.3383,716.7435,0.2887,206.906,0.00016178,33:65,389.0967
48:23,12,2281.0919,861.5142,1180.4186,1415.1841,0.2887,408.5285,0.00031943,33:62,861.5142
48:24,19,2596.7497,378.4604,590.5714,834.0556,0.2294,191.3455,0.00014962,33:9,378.4604
48:25,40,2517.7742,58.0362,277.1948,454.0745,0.1581,71.7955,5.614e-05,4:161,58.0362
48:26,28,3623.6187,631.9068,1275.7267,1527.7572,0.189,288.719,0.00022575,9:26,631.9068
48:27,28,1985.2462,157.4432,374.897,581.6252,0.189,109.9168,8.595e-05,12:99,157.4432
48:28,14,3986.366,1700.1272,3525.1904,3593.1139,0.2673,960.3001,0.00075087,9:33,1700.1272
48:29,54,8166.8821,549.0198,1312.7708,1847.5712,0.1361,251.4226,0.00019659,5:9,549.0198
49:1,15,10607.5626,231.8156,853.2087,1526.4134,0.2582,394.1182,0.00030817,5:2,231.8156
49:2,22,5733.4388,108.1073,540.5366,1081.0733,0.2132,230.4856,0.00018022,2:104,108.1073
49:3,17,1703.2898,161.3147,390.5186,486.8588,0.2425,118.0806,9.233e-05,5:9,161.3147
49:4,9,1103.5248,54.6268,122.0767,185.4803,0.3333,61.8268,4.834e-05,29:63,54.6268
49:5,12,1223.8538,68.3142,292.9039,524.315,0.2887,151.3567,0.00011835,4:46,68.3142
49:6,17,4684.848,122.4468,612.2338,913.816,0.2425,221.6329,0.0001733,3:100,122.4468
49:7,28,902.5049,60.0955,131.3677,200.2161,0.189,37.8373,2.959e-05,4:114,60.0955
49:8,7,1591.8465,55.8661,253.0493,489.8837,0.378,185.1586,0.00014478,9:60,55.8661
49:9,30,2604.6007,147.2777,427.6064,623.4211,0.1826,113.8206,8.9e-05,5:42,147.2777
49:10,10,626.3363,57.1938,228.7757,297.2439,0.3162,93.9968,7.35e-05,27:46,57.1938
49:11,39,6353.004,174.9325,618.6562,1159.1928,0.1601,185.6194,0.00014514,9:23,174.9325
49:12,31,7507.8958,156.1309,748.2318,1242.177,0.1796,223.1016,0.00017445,5:2,156.1309
49:13,20,2883.498,151.3053,328.7065,532.7745,0.2236,119.132,9.315e-05,31:34,151.3053
49:14,27,4337.3544,122.2214,611.1069,1222.2138,0.1925,235.2152,0.00018392,2:173,122.2214
49:15,18,5544.0143,606.7559,1776.9993,2061.1228,0.2357,485.8113,0.00037986,24:62,606.7559
49:16,16,16074.5886,691.3766,2938.1341,5112.1663,0.25,1278.0416,0.00099932,5:97,691.3766
49:17,19,1829.3063,40.9134,204.5668,409.1336,0.2294,93.8617,7.339e-05,2:23,40.9134
49:18,10,3896.8799,60.4549,284.4447,537.1391,0.3162,169.8583,0.00013281,3:180,60.4549
50:1,3,0,0.0,0,0,0.5774,0.0,0.0,,0.0
50:2,11,197.48,182.7761,197.48,197.48,0.3015,59.5425,4.656e-05,38:4,182.7761
50:3,7,521.6981,155.3754,521.6981,521.6981,0.378,197.1834,0.00015418,23:82,155.3754
50:4,9,61.1171,61.1171,61.1171,61.1171,0.3333,20.3724,1.593e-05,33:50,61.1171
50:5,9,281.309,166.1105,224.9262,281.309,0.3333,93.7697,7.332e-05,6:5,166.1105
50:6,12,98.3449,14.2576,70.5589,98.3449,0.2887,28.3897,2.22e-05,2:29,14.2576
50:7,11,2422.9252,1299.0522,1804.6676,2008.7094,0.3015,605.6487,0.00047357,15:19,1299.0522
50:8,5,61.1171,61.1171,61.1171,61.1171,0.4472,27.3324,2.137e-05,34:9,61.1171
50:9,10,1150.6741,59.0545,234.1555,453.0318,0.3162,143.2612,0.00011202,27:60,59.0545
50:10,5,0,0.0,0,0,0.4472,0.0,0.0,,0.0
50:11,8,224.5864,165.7707,224.5864,224.5864,0.3536,79.4033,6.209e-05,43:11,165.7707
50:12,7,745.1026,150.2446,653.9722,720.0892,0.378,272.1681,0.00021281,22:42,150.2446
50:13,4,15.2793,15.2793,15.2793,15.2793,0.5,7.6396,5.97e-06,38:12,15.2793
50:14,9,61.1171,61.1171,61.1171,61.1171,0.3333,20.3724,1.593e-05,38:14,61.1171
50:15,10,469.8323,53.9439,202.6937,269.2796,0.3162,85.1537,6.658e-05,27:66,53.9439
50:16,14,311.3517,61.1171,202.6742,270.5976,0.2673,72.3203,5.655e-05,56:85,61.1171
50:17,8,195.5657,167.0505,195.5657,195.5657,0.3536,69.1429,5.406e-05,70:37,167.0505
50:18,8,0,0.0,0,0,0.3536,0.0,0.0,,0.0
50:19,9,98.482,15.2793,71.3126,98.482,0.3333,32.8273,2.567e-05,50:42,15.2793
50:20,6,298.0171,55.4536,194.1468,259.975,0.4082,106.1343,8.299e-05,18:99,55.4536
50:21,6,225.8885,11.2944,56.4721,112.9442,0.4082,46.1093,3.605e-05,2:281,11.2944
50:22,12,265.2663,165.0888,223.5873,265.2663,0.2887,76.5758,5.988e-05,21:97,165.0888
50:23,6,79.9058,13.3176,66.5881,79.9058,0.4082,32.6214,2.551e-05,9:35,13.3176
50:24,6,106.8537,15.2793,67.6075,106.8537,0.4082,43.6228,3.411e-05,2:276,15.2793
50:25,4,61.1171,61.1171,61.1171,61.1171,0.5,30.5586,2.389e-05,68:12,61.1171
50:26,10,1469.082,140.5235,702.6174,1152.7847,0.3162,364.5425,0.00028504,15:96,140.5235
50:27,10,479.0655,56.65,155.5175,222.075,0.3162,70.2263,5.491e-05,14:3,56.65
50:28,8,102.9707,12.8713,64.3567,102.9707,0.3536,36.4056,2.847e-05,2:124,12.8713
50:29,8,167.8399,14.2576,67.7863,130.3198,0.3536,46.075,3.603e-05,8:51,14.2576
50:30,9,67.9234,13.5847,67.9234,67.9234,0.3333,22.6411,1.77e-05,10:34,13.5847
50:31,5,76.3964,61.1171,76.3964,76.3964,0.4472,34.1655,2.671e-05,26:90,61.1171
50:32,6,166.0363,57.7692,112.7658,166.0363,0.4082,67.784,5.3e-05,38:53,57.7692
50:33,7,15.2793,15.2793,15.2793,15.2793,0.378,5.775,4.52e-06,36:11,15.2793
50:34,5,70.8512,15.2793,70.8512,70.8512,0.4472,31.6856,2.478e-05,15:46,15.2793
50:35,6,228.5141,55.9815,152.4298,215.8334,0.4082,88.1136,6.89e-05,39:34,55.9815
50:36,15,1609.2143,603.4574,1150.5962,1341.1882,0.2582,346.2933,0.00027077,19:74,603.4574
50:37,13,2144.808,145.0723,297.5413,488.1276,0.2774,135.3822,0.00010586,39:21,145.0723
50:38,13,5394.6708,777.9126,2562.7625,3171.6691,0.2774,879.6627,0.00068782,25:59,777.9126
50:39,12,2316.7954,1759.659,1978.6516,2036.9185,0.2887,588.0077,0.00045977,20:130,1759.659
50:40,5,195.5657,167.0505,195.5657,195.5657,0.4472,87.4597,6.839e-05,52:49,167.0505
50:41,7,113.7613,59.4225,113.7613,113.7613,0.378,42.9977,3.362e-05,34:51,59.4225
50:42,7,86.1305,15.2793,72.2375,86.1305,0.378,32.5543,2.545e-05,50:19,15.2793
50:43,6,116.6891,59.7308,116.6891,116.6891,0.4082,47.6381,3.725e-05,36:12,59.7308
50:44,9,0,0.0,0,0,0.3333,0.0,0.0,,0.0
50:45,13,737.5971,160.2729,380.005,490.2812,0.2774,135.9795,0.00010632,20:104,160.2729
51:1,2,0,0.0,0,0,0.7071,0.0,0.0,,0.0
51:2,2,0,0.0,0,0,0.7071,0.0,0.0,,0.0
51:3,2,0,0.0,0,0,0.7071,0.0,0.0,,0.0
51:4,2,0,0.0,0,0,0.7071,0.0,0.0,,0.0
51:5,3,15.2793,15.2793,15.2793,15.2793,0.5774,8.8215,6.9e-06,77:7,15.2793
51:6,3,0,0.0,0,0,0.5774,0.0,0.0,,0.0
51:7,3,29.4078,14.7039,29.4078,29.4078,0.5774,16.9786,1.328e-05,85:1,14.7039
51:8,4,15.2793,15.2793,15.2793,15.2793,0.5,7.6396,5.97e-06,34:7,15.2793
51:9,4,0,0.0,0,0,0.5,0.0,0.0,,0.0
51:10,2,0,0.0,0,0,0.7071,0.0,0.0,,0.0
51:11,5,268.6401,55.3612,152.1659,217.1547,0.4472,97.1146,7.594e-05,23:2,55.3612
51:12,4,129.4058,15.2793,66.0022,129.4058,0.5,64.7029,5.059e-05,75:6,15.2793
51:13,5,125.9756,15.2793,71.6369,125.9756,0.4472,56.338,4.405e-05,40:16,15.2793
51:14,7,584.5011,155.7583,479.342,545.2549,0.378,206.087,0.00016114,67:27,155.7583
51:15,5,1021.9371,377.3963,789.9638,937.5143,0.4472,419.2691,0.00032783,15:45,377.3963
51:16,9,436.7335,164.0873,222.1395,278.6116,0.3333,92.8705,7.262e-05,56:45,164.0873
51:17,6,55.572,13.893,55.572,55.572,0.4082,22.6872,1.774e-05,10:27,13.893
51:18,3,0,0.0,0,0,0.5774,0.0,0.0,,0.0
51:19,5,30.5586,15.2793,30.5586,30.5586,0.4472,13.6662,1.069e-05,70:25,15.2793
51:20,4,42.7729,14.2576,42.7729,42.7729,0.5,21.3864,1.672e-05,6:3,14.2576
51:21,4,29.4078,14.7039,29.4078,29.4078,0.5,14.7039,1.15e-05,28:72,14.7039
51:22,5,0,0.0,0,0,0.4472,0.0,0.0,,0.0
51:23,9,336.7927,15.2793,69.7005,132.234,0.3333,44.078,3.447e-05,10:53,15.2793
51:24,6,199.1699,56.6659,199.1699,199.1699,0.4082,81.3108,6.358e-05,79:15,56.6659
51:25,9,744.082,624.7246,729.3781,744.082,0.3333,248.0273,0.00019394,15:52,624.7246
51:26,6,58.0522,15.2793,58.0522,58.0522,0.4082,23.6997,1.853e-05,37:91,15.2793
51:27,5,15.2793,15.2793,15.2793,15.2793,0.4472,6.8331,5.34e-06,37:91,15.2793
51:28,9,581.7194,391.9518,502.9915,568.6373,0.3333,189.5458,0.00014821,11:70,391.9518
51:29,9,0,0.0,0,0,0.3333,0.0,0.0,,0.0
51:30,8,450.159,57.3229,200.2662,266.3983,0.3536,94.186,7.365e-05,44:6,57.3229
51:31,5,424.755,396.2397,424.755,424.755,0.4472,189.9562,0.00014853,15:57,396.2397
51:32,6,1083.8491,612.7439,824.4322,890.1277,0.4082,363.3931,0.00028414,15:58,612.7439
51:33,5,180.1852,60.0955,114.7749,180.1852,0.4472,80.5813,6.301e-05,15:74,60.0955
51:34,4,159.9643,58.5186,109.2414,159.9643,0.5,79.9822,6.254e-05,11:83,58.5186
51:35,6,600.5939,11.6958,58.4788,116.9577,0.4082,47.7478,3.733e-05,2:30,11.6958
51:36,7,83.2027,15.2793,69.618,83.2027,0.378,31.4477,2.459e-05,17:93,15.2793
51:37,7,67.9234,13.5847,67.9234,67.9234,0.378,25.6726,2.007e-05,10:88,13.5847
51:38,8,231.3605,14.7039,71.0868,133.7734,0.3536,47.296,3.698e-05,2:246,14.7039
51:39,6,15.2793,15.2793,15.2793,15.2793,0.4082,6.2377,4.88e-06,51:52,15.2793
51:40,7,465.1848,395.5668,451.6002,465.1848,0.378,175.8233,0.00013748,28:40,395.5668
51:41,7,73.3315,15.2793,73.3315,73.3315,0.378,27.7167,2.167e-05,36:14,15.2793
51:42,9,374.1929,15.2793,56.298,107.5713,0.3333,35.8571,2.804e-05,12:64,15.2793
51:43,8,284.2853,13.5847,67.9234,124.8608,0.3536,44.1449,3.452e-05,12:35,13.5847
51:44,8,119.1693,60.0955,119.1693,119.1693,0.3536,42.1327,3.294e-05,7:77,60.0955
51:45,7,192.4305,15.2793,62.5196,121.57,0.378,45.9492,3.593e-05,36:67,15.2793
51:46,8,2207.4206,609.8442,1219.1218,1323.2809,0.3536,467.8505,0.00036582,53:52,609.8442
51:47,5,0,0.0,0,0,0.4472,0.0,0.0,,0.0
51:48,4,0,0.0,0,0,0.5,0.0,0.0,,0.0
51:49,7,843.1918,13.893,69.1566,132.0632,0.378,49.9152,3.903e-05,6:64,13.893
51:50,8,1179.3741,389.1425,553.8067,618.7872,0.3536,218.7743,0.00017106,51:51,389.1425
51:51,11,1897.9132,389.1425,951.2364,1571.6997,0.3015,473.8853,0.00037054,51:50,389.1425
51:52,13,1816.2282,53.8361,269.1806,517.7673,0.2774,143.6028,0.00011229,4:64,53.8361
51:53,6,296.0382,59.7308,197.2653,258.9984,0.4082,105.7356,8.268e-05,52:32,59.7308
51:54,5,44.6871,15.2793,44.6871,44.6871,0.4472,19.9847,1.563e-05,52:29,15.2793
51:55,5,0,0.0,0,0,0.4472,0.0,0.0,,0.0
51:56,6,102.9707,12.8713,64.3567,102.9707,0.4082,42.0376,3.287e-05,6:130,12.8713
51:57,9,254.4918,58.3694,158.7824,227.3224,0.3333,75.7741,5.925e-05,11:88,58.3694
51:58,7,2041.5876,42.964,214.8201,404.2787,0.378,152.803,0.00011948,5:17,42.964
51:59,9,67.9234,13.5847,67.9234,67.9234,0.3333,22.6411,1.77e-05,10:52,13.5847
51:60,7,745.3631,155.5328,442.0621,506.4432,0.378,191.4176,0.00014967,19:37,155.5328
52:1,1,0,0.0,0,0,1.0,0.0,0.0,,0.0
52:2,2,0,0.0,0,0,0.7071,0.0,0.0,,0.0
52:3,3,0,0.0,0,0,0.5774,0.0,0.0,,0.0
52:4,2,0,0.0,0,0,0.7071,0.0,0.0,,0.0
52:5,2,0,0.0,0,0,0.7071,0.0,0.0,,0.0
52:6,2,0,0.0,0,0,0.7071,0.0,0.0,,0.0
52:7,4,89.3743,59.9664,89.3743,89.3743,0.5,44.6871,3.494e-05,17:57,59.9664
52:8,4,367.6139,55.871,102.4005,155.4432,0.5,77.7216,6.077e-05,38:54,55.871
52:9,4,0,0.0,0,0,0.5,0.0,0.0,,0.0
52:10,3,0,0.0,0,0,0.5774,0.0,0.0,,0.0
52:11,3,135.8127,12.3466,61.7331,123.4661,0.5774,71.2832,5.574e-05,77:15,12.3466
52:12,5,253.3608,55.3612,149.9687,214.7468,0.4472,96.0377,7.509e-05,23:2,55.3612
52:13,6,170.8942,13.5847,67.9234,132.2801,0.4082,54.0031,4.223e-05,2:221,13.5847
52:14,6,479.1762,394.2781,451.3903,479.1762,0.4082,195.6229,0.00015296,34:42,394.2781
52:15,6,59.9664,15.2793,59.9664,59.9664,0.4082,24.4812,1.914e-05,38:60,15.2793
52:16,12,1193.0149,380.2861,675.8909,816.0242,0.2887,235.5659,0.00018419,66:7,380.2861
52:17,5,685.1165,151.945,564.5124,624.8144,0.4472,279.4255,0.00021849,15:45,151.945
52:18,8,74.095,15.2793,74.095,74.095,0.3536,26.1965,2.048e-05,51:16,15.2793
52:19,6,1659.4113,603.7374,900.5715,1126.4671,0.4082,459.8783,0.00035959,77:43,603.7374
52:20,7,133.2979,61.1171,119.0402,133.2979,0.378,50.3819,3.939e-05,44:54,61.1171
52:21,19,738.8434,20.5641,70.5909,122.1383,0.2294,28.0204,2.191e-05,8:72,20.5641
52:22,5,29.4078,14.7039,29.4078,29.4078,0.4472,13.1516,1.028e-05,56:21,14.7039
52:23,8,83.2027,15.2793,69.618,83.2027,0.3536,29.4166,2.3e-05,76:17,15.2793
52:24,7,30.5586,15.2793,30.5586,30.5586,0.378,11.5501,9.03e-06,76:19,15.2793
52:25,5,931.0885,382.4265,686.5931,860.9139,0.4472,385.0124,0.00030105,37:27,382.4265
52:26,7,394.5869,54.0775,101.8029,161.4595,0.378,61.026,4.772e-05,7:5,54.0775
52:27,6,98.3449,14.2576,70.5589,98.3449,0.4082,40.1491,3.139e-05,4:79,14.2576
52:28,9,1214.9876,57.4255,112.0847,170.0229,0.3333,56.6743,4.431e-05,28:53,57.4255
52:29,8,15.2793,15.2793,15.2793,15.2793,0.3536,5.402,4.22e-06,51:54,15.2793
52:30,7,114.1265,12.6807,63.4036,114.1265,0.378,43.1358,3.373e-05,10:38,12.6807
52:31,6,67.9234,13.5847,67.9234,67.9234,0.4082,27.7296,2.168e-05,3:81,13.5847
52:32,8,144.1827,59.7308,116.3967,144.1827,0.3536,50.9763,3.986e-05,51:53,59.7308
52:33,6,585.8399,13.893,68.2527,131.6563,0.4082,53.7484,4.203e-05,23:56,13.893
52:34,6,101.4098,59.7308,101.4098,101.4098,0.4082,41.4004,3.237e-05,68:41,59.7308
52:35,8,130.2329,15.2793,73.2024,130.2329,0.3536,46.0443,3.6e-05,52:36,15.2793
52:36,7,1114.1286,15.2793,72.4731,123.3016,0.378,46.6036,3.644e-05,52:35,15.2793
52:37,7,131.3837,60.0955,117.126,131.3837,0.378,49.6584,3.883e-05,38:9,60.0955
52:38,9,169.6984,13.893,68.2527,131.6563,0.3333,43.8854,3.431e-05,14:10,13.893
52:39,5,0,0.0,0,0,0.4472,0.0,0.0,,0.0
52:40,7,869.7685,855.0646,869.7685,869.7685,0.378,328.7416,0.00025705,68:46,855.0646
52:41,5,424.755,396.2397,424.755,424.755,0.4472,189.9562,0.00014853,68:47,396.2397
52:42,7,15.2793,15.2793,15.2793,15.2793,0.378,5.775,4.52e-06,22:19,15.2793
52:43,9,813.8678,157.7049,382.5035,586.4127,0.3333,195.4709,0.00015284,59:23,157.7049
52:44,9,602.0265,53.7246,150.2221,198.2864,0.3333,66.0955,5.168e-05,26:187,53.7246
52:45,7,366.2591,161.2968,366.2591,366.2591,0.378,138.4329,0.00010824,43:83,161.2968
52:46,9,1031.051,212.1365,441.2075,526.4704,0.3333,175.4901,0.00013722,44:41,212.1365
52:47,10,1923.9079,134.0036,670.0181,1169.5239,0.3162,369.8359,0.00028918,6:37,134.0036
52:48,10,240.9293,56.3576,199.056,240.9293,0.3162,76.1885,5.957e-05,20:130,56.3576
52:49,5,195.5657,167.0505,195.5657,195.5657,0.4472,87.4597,6.839e-05,50:40,167.0505
53:1,3,0,0.0,0,0,0.5774,0.0,0.0,,0.0
53:2,5,0,0.0,0,0,0.4472,0.0,0.0,,0.0
53:3,4,15.2793,15.2793,15.2793,15.2793,0.5,7.6396,5.97e-06,79:40,15.2793
53:4,5,511.0136,49.8667,249.3335,498.667,0.4472,223.0107,0.00017438,6:90,49.8667
53:5,3,0,0.0,0,0,0.5774,0.0,0.0,,0.0
53:6,3,0,0.0,0,0,0.5774,0.0,0.0,,0.0
53:7,3,0,0.0,0,0,0.5774,0.0,0.0,,0.0
53:8,3,0,0.0,0,0,0.5774,0.0,0.0,,0.0
53:9,5,0,0.0,0,0,0.4472,0.0,0.0,,0.0
53:10,5,55.572,13.893,55.572,55.572,0.4472,24.8525,1.943e-05,6:106,13.893
53:11,5,0,0.0,0,0,0.4472,0.0,0.0,,0.0
53:12,4,342.0718,10.3658,51.8291,103.6581,0.5,51.8291,4.053e-05,2:185,10.3658
53:13,4,15.2793,15.2793,15.2793,15.2793,0.5,7.6396,5.97e-06,81:23,15.2793
53:14,3,0,0.0,0,0,0.5774,0.0,0.0,,0.0
53:15,3,0,0.0,0,0,0.5774,0.0,0.0,,0.0
53:16,5,0,0.0,0,0,0.4472,0.0,0.0,,0.0
53:17,5,0,0.0,0,0,0.4472,0.0,0.0,,0.0
53:18,6,67.9234,13.5847,67.9234,67.9234,0.4082,27.7296,2.168e-05,6:4,13.5847
53:19,3,0,0.0,0,0,0.5774,0.0,0.0,,0.0
53:20,3,0,0.0,0,0,0.5774,0.0,0.0,,0.0
53:21,4,0,0.0,0,0,0.5,0.0,0.0,,0.0
53:22,4,15.2793,15.2793,15.2793,15.2793,0.5,7.6396,5.97e-06,79:12,15.2793
53:23,25,4389.398,1961.7383,2970.926,3264.0899,0.2,652.818,0.00051045,12:40,1961.7383
53:24,4,0,0.0,0,0,0.5,0.0,0.0,,0.0
53:25,3,15.2793,15.2793,15.2793,15.2793,0.5774,8.8215,6.9e-06,79:25,15.2793
53:26,18,2248.0129,52.3531,241.6058,392.4719,0.2357,92.5065,7.233e-05,12:100,52.3531
53:27,9,2828.0855,352.4822,896.019,1399.9398,0.3333,466.6466,0.00036488,27:4,352.4822
53:28,16,2710.0997,621.9994,1685.2658,2086.817,0.25,521.7043,0.00040793,10:36,621.9994
53:29,11,591.8688,24.534,73.6021,119.8759,0.3015,36.144,2.826e-05,18:28,24.534
53:30,16,4112.5309,1460.1519,3433.2312,3652.2692,0.25,913.0673,0.00071394,16:125,1460.1519
53:31,16,14436.3142,638.5768,3192.8839,5380.2337,0.25,1345.0584,0.00105172,3:109,638.5768
53:32,31,1021.5847,168.0721,425.4379,560.8406,0.1796,100.73,7.876e-05,42:37,168.0721
53:33,3,15.2793,15.2793,15.2793,15.2793,0.5774,8.8215,6.9e-06,19:77,15.2793
53:34,3,0,0.0,0,0,0.5774,0.0,0.0,,0.0
53:35,5,146.3807,12.1984,60.992,121.9839,0.4472,54.5529,4.266e-05,6:73,12.1984
53:36,7,138.7747,15.2793,70.8512,138.7747,0.378,52.4519,4.101e-05,80:13,15.2793
53:37,3,0,0.0,0,0,0.5774,0.0,0.0,,0.0
53:38,5,611.2916,152.8229,611.2916,611.2916,0.4472,273.3779,0.00021376,6:164,152.8229
53:39,6,365.8013,15.2793,56.5172,108.0645,0.4082,44.1172,3.45e-05,79:35,15.2793
53:40,4,0,0.0,0,0,0.5,0.0,0.0,,0.0
53:41,4,0,0.0,0,0,0.5,0.0,0.0,,0.0
53:42,4,135.8127,12.3466,61.7331,123.4661,0.5,61.7331,4.827e-05,12:50,12.3466
53:43,4,42.7729,14.2576,42.7729,42.7729,0.5,21.3864,1.672e-05,53:44,14.2576
53:44,4,42.7729,14.2576,42.7729,42.7729,0.5,21.3864,1.672e-05,53:43,14.2576
53:45,5,75.2457,60.5418,75.2457,75.2457,0.4472,33.6509,2.631e-05,75:39,60.5418
53:46,4,118.25,15.2793,66.7646,118.25,0.5,59.125,4.623e-05,22:52,15.2793
53:47,4,0,0.0,0,0,0.5,0.0,0.0,,0.0
53:48,4,42.7729,14.2576,42.7729,42.7729,0.5,21.3864,1.672e-05,53:43,14.2576
53:49,4,72.1807,14.7039,72.1807,72.1807,0.5,36.0904,2.822e-05,23:116,14.7039
53:50,4,0,0.0,0,0,0.5,0.0,0.0,,0.0
53:51,3,0,0.0,0,0,0.5774,0.0,0.0,,0.0
53:52,9,1784.0673,609.8442,804.3751,866.0444,0.3333,288.6815,0.00022572,51:46,609.8442
53:53,2,0,0.0,0,0,0.7071,0.0,0.0,,0.0
53:54,3,0,0.0,0,0,0.5774,0.0,0.0,,0.0
53:55,4,324.9883,10.4835,52.4175,104.8349,0.5,52.4175,4.099e-05,55:13,10.4835
53:56,5,29.4078,14.7039,29.4078,29.4078,0.4472,13.1516,1.028e-05,28:46,14.7039
53:57,2,0,0.0,0,0,0.7071,0.0,0.0,,0.0
53:58,6,2936.063,370.2223,512.0795,689.401,0.4082,281.4468,0.00022007,6:70,370.2223
53:59,4,0,0.0,0,0,0.5,0.0,0.0,,0.0
53:60,3,0,0.0,0,0,0.5774,0.0,0.0,,0.0
53:61,2,0,0.0,0,0,0.7071,0.0,0.0,,0.0
53:62,3,0,0.0,0,0,0.5774,0.0,0.0,,0.0
54:1,4,0,0.0,0,0,0.5,0.0,0.0,,0.0
54:2,7,42.7729,14.2576,42.7729,42.7729,0.378,16.1666,1.264e-05,6:25,14.2576
54:3,6,29.4078,14.7039,29.4078,29.4078,0.4082,12.0057,9.39e-06,47:14,14.7039
54:4,7,144.1827,60.0955,116.3967,144.1827,0.378,54.4959,4.261e-05,53:23,60.0955
54:5,5,0,0.0,0,0,0.4472,0.0,0.0,,0.0
54:6,8,44.6871,15.2793,44.6871,44.6871,0.3536,15.7993,1.235e-05,4:109,15.2793
54:7,8,75.2457,60.5418,75.2457,75.2457,0.3536,26.6034,2.08e-05,70:43,60.5418
54:8,8,109.3136,14.7039,69.3607,109.3136,0.3536,38.6482,3.022e-05,38:4,14.7039
54:9,9,729.8233,150.2446,653.9722,717.3166,0.3333,239.1055,0.00018696,22:42,150.2446
54:10,5,58.0522,15.2793,58.0522,58.0522,0.4472,25.9617,2.03e-05,44:22,15.2793
54:11,5,15.2793,15.2793,15.2793,15.2793,0.4472,6.8331,5.34e-06,7:40,15.2793
54:12,9,15.2793,15.2793,15.2793,15.2793,0.3333,5.0931,3.98e-06,24:62,15.2793
54:13,5,0,0.0,0,0,0.4472,0.0,0.0,,0.0
54:14,6,42.7729,14.2576,42.7729,42.7729,0.4082,17.462,1.365e-05,33:21,14.2576
54:15,6,271.6938,54.3388,271.6938,271.6938,0.4082,110.9185,8.673e-05,54:17,54.3388
54:16,4,567.006,154.5841,490.9217,554.3253,0.5,277.1626,0.00021672,54:18,154.5841
54:17,7,2495.8846,795.7357,2495.8846,2495.8846,0.378,943.3557,0.00073762,54:22,795.7357
54:18,6,582.2853,154.5841,492.6163,556.9239,0.4082,227.3632,0.00017778,54:16,154.5841
54:19,9,442.3319,167.4968,309.5319,377.9752,0.3333,125.9917,9.851e-05,41:16,167.4968
54:20,6,61.1171,61.1171,61.1171,61.1171,0.4082,24.951,1.951e-05,69:7,61.1171
54:21,4,567.006,154.5841,490.9217,554.3253,0.5,277.1626,0.00021672,54:16,154.5841
54:22,7,2495.8846,795.7357,2495.8846,2495.8846,0.378,943.3557,0.00073762,54:17,795.7357
54:23,3,42.7729,14.2576,42.7729,42.7729,0.5774,24.6949,1.931e-05,26:141,14.2576
54:24,10,196.5949,59.1555,116.1137,183.2772,0.3162,57.9573,4.532e-05,36:24,59.1555
54:25,9,345.2551,60.5418,113.8597,178.2164,0.3333,59.4055,4.645e-05,38:8,60.5418
54:26,5,0,0.0,0,0,0.4472,0.0,0.0,,0.0
54:27,7,0,0.0,0,0,0.378,0.0,0.0,,0.0
54:28,8,15.2793,15.2793,15.2793,15.2793,0.3536,5.402,4.22e-06,21:93,15.2793
54:29,4,0,0.0,0,0,0.5,0.0,0.0,,0.0
54:30,4,567.006,154.5841,490.9217,554.3253,0.5,277.1626,0.00021672,54:16,154.5841
54:31,8,260.1313,56.5368,155.1172,221.5172,0.3536,78.3182,6.124e-05,54:19,56.5368
54:32,7,2495.8846,795.7357,2495.8846,2495.8846,0.378,943.3557,0.00073762,54:17,795.7357
54:33,4,115.5384,59.1555,115.5384,115.5384,0.5,57.7692,4.517e-05,26:160,59.1555
54:34,9,293.17,60.0955,201.6844,267.4274,0.3333,89.1425,6.97e-05,15:59,60.0955
54:35,7,246.277,15.2793,70.5114,135.1575,0.378,51.0848,3.994e-05,68:49,15.2793
54:36,5,0,0.0,0,0,0.4472,0.0,0.0,,0.0
54:37,9,113.7613,59.4225,113.7613,113.7613,0.3333,37.9204,2.965e-05,54:39,59.4225
54:38,5,0,0.0,0,0,0.4472,0.0,0.0,,0.0
54:39,3,113.7613,59.4225,113.7613,113.7613,0.5774,65.6801,5.136e-05,54:37,59.4225
54:40,7,2495.8846,795.7357,2495.8846,2495.8846,0.378,943.3557,0.00073762,54:17,795.7357
54:41,5,151.092,15.2793,64.6657,126.3988,0.4472,56.5273,4.42e-05,15:61,15.2793
54:42,7,196.9897,11.5876,57.9382,115.8763,0.378,43.7971,3.425e-05,3:11,11.5876
54:43,9,149.6266,15.2793,71.1342,136.5445,0.3333,45.5148,3.559e-05,54:52,15.2793
54:44,5,114.1265,12.6807,63.4036,114.1265,0.4472,51.0389,3.991e-05,10:38,12.6807
54:45,4,0,0.0,0,0,0.5,0.0,0.0,,0.0
54:46,6,0,0.0,0,0,0.4082,0.0,0.0,,0.0
54:47,5,292.7582,61.1171,110.5588,167.4961,0.4472,74.9065,5.857e-05,43:74,61.1171
54:48,9,186.1932,14.7039,65.5891,125.8911,0.3333,41.9637,3.281e-05,17:97,14.7039
54:49,5,734.9757,15.2793,49.5505,92.3896,0.4472,41.3179,3.231e-05,40:48,15.2793
54:50,6,0,0.0,0,0,0.4082,0.0,0.0,,0.0
54:51,6,301.1016,54.3388,271.6938,301.1016,0.4082,122.9242,9.612e-05,54:15,54.3388
54:52,5,70.8512,15.2793,70.8512,70.8512,0.4472,31.6856,2.478e-05,54:43,15.2793
54:53,4,0,0.0,0,0,0.5,0.0,0.0,,0.0
54:54,5,685.1165,151.945,564.5124,624.8144,0.4472,279.4255,0.00021849,15:45,151.945
54:55,6,15.2793,15.2793,15.2793,15.2793,0.4082,6.2377,4.88e-06,10:2,15.2793
55:1,1,0,0.0,0,0,1.0,0.0,0.0,,0.0
55:2,2,0,0.0,0,0,0.7071,0.0,0.0,,0.0
55:3,2,67.9234,13.5847,67.9234,67.9234,0.7071,48.0291,3.755e-05,16:4,13.5847
55:4,2,0,0.0,0,0,0.7071,0.0,0.0,,0.0
55:5,3,91.5744,13.0821,65.4103,91.5744,0.5774,52.8705,4.134e-05,13:2,13.0821
55:6,3,0,0.0,0,0,0.5774,0.0,0.0,,0.0
55:7,4,0,0.0,0,0,0.5,0.0,0.0,,0.0
55:8,4,0,0.0,0,0,0.5,0.0,0.0,,0.0
55:9,6,29.4078,14.7039,29.4078,29.4078,0.4082,12.0057,9.39e-06,5:8,14.7039
55:10,3,0,0.0,0,0,0.5774,0.0,0.0,,0.0
55:11,5,29.4078,14.7039,29.4078,29.4078,0.4472,13.1516,1.028e-05,36:57,14.7039
55:12,4,0,0.0,0,0,0.5,0.0,0.0,,0.0
55:13,4,3488.4995,115.9339,579.6693,1159.3387,0.5,579.6693,0.00045325,55:16,115.9339
55:14,5,355.3695,57.6875,274.6556,342.4982,0.4472,153.1699,0.00011977,15:26,57.6875
55:15,6,67.9234,13.5847,67.9234,67.9234,0.4082,27.7296,2.168e-05,7:12,13.5847
55:16,4,3488.4995,115.9339,579.6693,1159.3387,0.5,579.6693,0.00045325,55:13,115.9339
55:17,4,0,0.0,0,0,0.5,0.0,0.0,,0.0
55:18,4,3488.4995,115.9339,579.6693,1159.3387,0.5,579.6693,0.00045325,55:13,115.9339
55:19,3,15.2793,15.2793,15.2793,15.2793,0.5774,8.8215,6.9e-06,25:53,15.2793
55:20,4,0,0.0,0,0,0.5,0.0,0.0,,0.0
55:21,4,3488.4995,115.9339,579.6693,1159.3387,0.5,579.6693,0.00045325,55:13,115.9339
55:22,4,0,0.0,0,0,0.5,0.0,0.0,,0.0
55:23,4,3488.4995,115.9339,579.6693,1159.3387,0.5,579.6693,0.00045325,55:13,115.9339
55:24,6,181.6506,58.1845,107.5709,169.304,0.4082,69.1181,5.404e-05,42:32,58.1845
55:25,4,3488.4995,115.9339,579.6693,1159.3387,0.5,579.6693,0.00045325,55:13,115.9339
55:26,4,67.9234,13.5847,67.9234,67.9234,0.5,33.9617,2.656e-05,3:7,13.5847
55:27,6,15.2793,15.2793,15.2793,15.2793,0.4082,6.2377,4.88e-06,55:78,15.2793
55:28,4,3488.4995,115.9339,579.6693,1159.3387,0.5,579.6693,0.00045325,55:13,115.9339
55:29,10,3500.0192,351.4197,870.9701,1339.8077,0.3162,423.6844,0.00033129,30:26,351.4197
55:30,4,3488.4995,115.9339,579.6693,1159.3387,0.5,579.6693,0.00045325,55:13,115.9339
55:31,4,0,0.0,0,0,0.5,0.0,0.0,,0.0
55:32,4,3488.4995,115.9339,579.6693,1159.3387,0.5,579.6693,0.00045325,55:13,115.9339
55:33,16,1176.8066,58.1338,111.4518,170.618,0.25,42.6545,3.335e-05,6:130,58.1338
55:34,4,3488.4995,115.9339,579.6693,1159.3387,0.5,579.6693,0.00045325,55:13,115.9339
55:35,8,67.9234,13.5847,67.9234,67.9234,0.3536,24.0146,1.878e-05,7:12,13.5847
55:36,4,3488.4995,115.9339,579.6693,1159.3387,0.5,579.6693,0.00045325,55:13,115.9339
55:37,6,15.2793,15.2793,15.2793,15.2793,0.4082,6.2377,4.88e-06,78:19,15.2793
55:38,4,3488.4995,115.9339,579.6693,1159.3387,0.5,579.6693,0.00045325,55:13,115.9339
55:39,8,89.3743,15.2793,74.6703,89.3743,0.3536,31.5986,2.471e-05,28:78,15.2793
55:40,4,3488.4995,115.9339,579.6693,1159.3387,0.5,579.6693,0.00045325,55:13,115.9339
55:41,6,0,0.0,0,0,0.4082,0.0,0.0,,0.0
55:42,4,3488.4995,115.9339,579.6693,1159.3387,0.5,579.6693,0.00045325,55:13,115.9339
55:43,6,61.1171,61.1171,61.1171,61.1171,0.4082,24.951,1.951e-05,36:63,61.1171
55:44,5,0,0.0,0,0,0.4472,0.0,0.0,,0.0
55:45,4,3488.4995,115.9339,579.6693,1159.3387,0.5,579.6693,0.00045325,55:13,115.9339
55:46,5,61.1171,61.1171,61.1171,61.1171,0.4472,27.3324,2.137e-05,79:40,61.1171
55:47,4,3488.4995,115.9339,579.6693,1159.3387,0.5,579.6693,0.00045325,55:13,115.9339
55:48,2,0,0.0,0,0,0.7071,0.0,0.0,,0.0
55:49,4,3488.4995,115.9339,579.6693,1159.3387,0.5,579.6693,0.00045325,55:13,115.9339
55:50,3,15.2793,15.2793,15.2793,15.2793,0.5774,8.8215,6.9e-06,55:66,15.2793
55:51,4,3488.4995,115.9339,579.6693,1159.3387,0.5,579.6693,0.00045325,55:13,115.9339
55:52,5,413.1604,14.7039,59.7041,110.1978,0.4472,49.282,3.853e-05,34:22,14.7039
55:53,4,3488.4995,115.9339,579.6693,1159.3387,0.5,579.6693,0.00045325,55:13,115.9339
55:54,9,29.4078,14.7039,29.4078,29.4078,0.3333,9.8026,7.66e-06,52:20,14.7039
55:55,4,3488.4995,115.9339,579.6693,1159.3387,0.5,579.6693,0.00045325,55:13,115.9339
55:56,9,669.9871,625.8753,669.9871,669.9871,0.3333,223.329,0.00017462,55:74,625.8753
55:57,4,3488.4995,115.9339,579.6693,1159.3387,0.5,579.6693,0.00045325,55:13,115.9339
55:58,3,0,0.0,0,0,0.5774,0.0,0.0,,0.0
55:59,4,3488.4995,115.9339,579.6693,1159.3387,0.5,579.6693,0.00045325,55:13,115.9339
55:60,5,0,0.0,0,0,0.4472,0.0,0.0,,0.0
55:61,4,3488.4995,115.9339,579.6693,1159.3387,0.5,579.6693,0.00045325,55:13,115.9339
55:62,3,0,0.0,0,0,0.5774,0.0,0.0,,0.0
55:63,4,3488.4995,115.9339,579.6693,1159.3387,0.5,579.6693,0.00045325,55:13,115.9339
55:64,1,0,0.0,0,0,1.0,0.0,0.0,,0.0
55:65,4,3488.4995,115.9339,579.6693,1159.3387,0.5,579.6693,0.00045325,55:13,115.9339
55:66,3,15.2793,15.2793,15.2793,15.2793,0.5774,8.8215,6.9e-06,55:50,15.2793
55:67,4,3488.4995,115.9339,579.6693,1159.3387,0.5,579.6693,0.00045325,55:13,115.9339
55:68,4,0,0.0,0,0,0.5,0.0,0.0,,0.0
55:69,4,3488.4995,115.9339,579.6693,1159.3387,0.5,579.6693,0.00045325,55:13,115.9339
55:70,3,0,0.0,0,0,0.5774,0.0,0.0,,0.0
55:71,4,3488.4995,115.9339,579.6693,1159.3387,0.5,579.6693,0.00045325,55:13,115.9339
55:72,4,0,0.0,0,0,0.5,0.0,0.0,,0.0
55:73,4,3488.4995,115.9339,579.6693,1159.3387,0.5,579.6693,0.00045325,55:13,115.9339
55:74,6,640.5792,625.8753,640.5792,640.5792,0.4082,261.5154,0.00020448,55:56,625.8753
55:75,4,3488.4995,115.9339,579.6693,1159.3387,0.5,579.6693,0.00045325,55:13,115.9339
55:76,6,29.4078,14.7039,29.4078,29.4078,0.4082,12.0057,9.39e-06,52:20,14.7039
55:77,4,3488.4995,115.9339,579.6693,1159.3387,0.5,579.6693,0.00045325,55:13,115.9339
55:78,6,58.0522,15.2793,58.0522,58.0522,0.4082,23.6997,1.853e-05,55:27,15.2793
56:1,3,15.2793,15.2793,15.2793,15.2793,0.5774,8.8215,6.9e-06,69:15,15.2793
56:2,3,0,0.0,0,0,0.5774,0.0,0.0,,0.0
56:3,2,0,0.0,0,0,0.7071,0.0,0.0,,0.0
56:4,4,0,0.0,0,0,0.5,0.0,0.0,,0.0
56:5,3,0,0.0,0,0,0.5774,0.0,0.0,,0.0
56:6,3,0,0.0,0,0,0.5774,0.0,0.0,,0.0
56:7,3,0,0.0,0,0,0.5774,0.0,0.0,,0.0
56:8,5,58.0522,15.2793,58.0522,58.0522,0.4472,25.9617,2.03e-05,90:18,15.2793
56:9,5,58.0522,15.2793,58.0522,58.0522,0.4472,25.9617,2.03e-05,90:19,15.2793
56:10,2,0,0.0,0,0,0.7071,0.0,0.0,,0.0
56:11,2,0,0.0,0,0,0.7071,0.0,0.0,,0.0
56:12,3,322.2369,53.8933,188.3152,249.8744,0.5774,144.2651,0.0001128,10:9,53.8933
56:13,3,75.2457,60.5418,75.2457,75.2457,0.5774,43.4431,3.397e-05,56:39,60.5418
56:14,3,30.5586,15.2793,30.5586,30.5586,0.5774,17.643,1.38e-05,34:13,15.2793
56:15,3,42.7729,14.2576,42.7729,42.7729,0.5774,24.6949,1.931e-05,15:47,14.2576
56:16,3,0,0.0,0,0,0.5774,0.0,0.0,,0.0
56:17,4,61.1171,61.1171,61.1171,61.1171,0.5,30.5586,2.389e-05,76:19,61.1171
56:18,5,15.2793,15.2793,15.2793,15.2793,0.4472,6.8331,5.34e-06,37:45,15.2793
56:19,5,0,0.0,0,0,0.4472,0.0,0.0,,0.0
56:20,3,0,0.0,0,0,0.5774,0.0,0.0,,0.0
56:21,4,29.4078,14.7039,29.4078,29.4078,0.5,14.7039,1.15e-05,52:22,14.7039
56:22,2,0,0.0,0,0,0.7071,0.0,0.0,,0.0
56:23,3,0,0.0,0,0,0.5774,0.0,0.0,,0.0
56:24,4,1320.2774,144.9277,441.1787,669.3038,0.5,334.6519,0.00026167,32:17,144.9277
56:25,6,637.3941,388.9092,586.6713,637.3941,0.4082,260.2151,0.00020347,78:35,388.9092
56:26,4,0,0.0,0,0,0.5,0.0,0.0,,0.0
56:27,5,85.5458,14.2576,71.2882,85.5458,0.4472,38.2572,2.991e-05,56:8,14.2576
56:28,3,0,0.0,0,0,0.5774,0.0,0.0,,0.0
56:29,2,0,0.0,0,0,0.7071,0.0,0.0,,0.0
56:30,2,0,0.0,0,0,0.7071,0.0,0.0,,0.0
56:31,2,0,0.0,0,0,0.7071,0.0,0.0,,0.0
56:32,2,0,0.0,0,0,0.7071,0.0,0.0,,0.0
56:33,4,0,0.0,0,0,0.5,0.0,0.0,,0.0
56:34,2,0,0.0,0,0,0.7071,0.0,0.0,,0.0
56:35,3,0,0.0,0,0,0.5774,0.0,0.0,,0.0
56:36,2,0,0.0,0,0,0.7071,0.0,0.0,,0.0
56:37,2,0,0.0,0,0,0.7071,0.0,0.0,,0.0
56:38,2,0,0.0,0,0,0.7071,0.0,0.0,,0.0
56:39,3,75.2457,60.5418,75.2457,75.2457,0.5774,43.4431,3.397e-05,56:13,60.5418
56:40,3,15.2793,15.2793,15.2793,15.2793,0.5774,8.8215,6.9e-06,56:14,15.2793
56:41,5,42.7729,14.2576,42.7729,42.7729,0.4472,19.1286,1.496e-05,56:8,14.2576
56:42,3,0,0.0,0,0,0.5774,0.0,0.0,,0.0
56:43,3,0,0.0,0,0,0.5774,0.0,0.0,,0.0
56:44,4,0,0.0,0,0,0.5,0.0,0.0,,0.0
56:45,5,378.6813,164.0873,209.265,265.7371,0.4472,118.8412,9.292e-05,51:16,164.0873
56:46,5,0,0.0,0,0,0.4472,0.0,0.0,,0.0
56:47,9,1643.3724,588.6231,1615.5865,1643.3724,0.3333,547.7908,0.00042833,23:82,588.6231
56:48,2,15.2793,15.2793,15.2793,15.2793,0.7071,10.8041,8.45e-06,37:17,15.2793
56:49,4,263.0476,10.9603,54.8016,109.6032,0.5,54.8016,4.285e-05,2:94,10.9603
56:50,5,29.4078,14.7039,29.4078,29.4078,0.4472,13.1516,1.028e-05,26:38,14.7039
56:51,5,42.7729,14.2576,42.7729,42.7729,0.4472,19.1286,1.496e-05,23:15,14.2576
56:52,5,0,0.0,0,0,0.4472,0.0,0.0,,0.0
56:53,3,61.1171,61.1171,61.1171,61.1171,0.5774,35.286,2.759e-05,37:66,61.1171
56:54,4,167.0386,11.9313,59.6567,119.3133,0.5,59.6567,4.665e-05,12:51,11.9313
56:55,3,0,0.0,0,0,0.5774,0.0,0.0,,0.0
56:56,4,114.1265,12.6807,63.4036,114.1265,0.5,57.0632,4.462e-05,1:4,12.6807
56:57,4,0,0.0,0,0,0.5,0.0,0.0,,0.0
56:58,3,42.7729,14.2576,42.7729,42.7729,0.5774,24.6949,1.931e-05,26:75,14.2576
56:59,5,42.7729,14.2576,42.7729,42.7729,0.4472,19.1286,1.496e-05,56:64,14.2576
56:60,7,192.2186,58.0362,106.8298,167.8218,0.378,63.4307,4.96e-05,70:41,58.0362
56:61,9,1152.5332,57.3229,245.2506,480.1603,0.3333,160.0534,0.00012515,70:41,57.3229
56:62,6,15.2793,15.2793,15.2793,15.2793,0.4082,6.2377,4.88e-06,2:65,15.2793
56:63,3,42.7729,14.2576,42.7729,42.7729,0.5774,24.6949,1.931e-05,26:75,14.2576
56:64,5,42.7729,14.2576,42.7729,42.7729,0.4472,19.1286,1.496e-05,56:59,14.2576
56:65,6,42.7729,14.2576,42.7729,42.7729,0.4082,17.462,1.365e-05,7:100,14.2576
56:66,2,0,0.0,0,0,0.7071,0.0,0.0,,0.0
56:67,3,75.2457,60.5418,75.2457,75.2457,0.5774,43.4431,3.397e-05,68:27,60.5418
56:68,4,0,0.0,0,0,0.5,0.0,0.0,,0.0
56:69,7,42.7729,14.2576,42.7729,42.7729,0.378,16.1666,1.264e-05,56:59,14.2576
56:70,6,42.7729,14.2576,42.7729,42.7729,0.4082,17.462,1.365e-05,7:100,14.2576
56:71,4,55.572,13.893,55.572,55.572,0.5,27.786,2.173e-05,2:24,13.893
56:72,6,42.7729,14.2576,42.7729,42.7729,0.4082,17.462,1.365e-05,56:59,14.2576
56:73,5,0,0.0,0,0,0.4472,0.0,0.0,,0.0
56:74,4,336.8513,161.2968,336.8513,336.8513,0.5,168.4257,0.00013169,56:96,161.2968
56:75,4,55.572,13.893,55.572,55.572,0.5,27.786,2.173e-05,69:38,13.893
56:76,5,15.2793,15.2793,15.2793,15.2793,0.4472,6.8331,5.34e-06,102:5,15.2793
56:77,3,0,0.0,0,0,0.5774,0.0,0.0,,0.0
56:78,3,156.7853,12.0604,60.302,120.6041,0.5774,69.6308,5.445e-05,6:59,12.0604
56:79,4,0,0.0,0,0,0.5,0.0,0.0,,0.0
56:80,4,750.4584,155.6151,354.3423,457.9007,0.5,228.9504,0.00017902,69:43,155.6151
56:81,4,0,0.0,0,0,0.5,0.0,0.0,,0.0
56:82,4,0,0.0,0,0,0.5,0.0,0.0,,0.0
56:83,4,15.2793,15.2793,15.2793,15.2793,0.5,7.6396,5.97e-06,75:26,15.2793
56:84,3,0,0.0,0,0,0.5774,0.0,0.0,,0.0
56:85,7,182.0994,61.1171,116.6891,182.0994,0.378,68.8271,5.382e-05,50:16,61.1171
56:86,5,686.3213,8.6876,43.4381,86.8761,0.4472,38.8522,3.038e-05,2:23,8.6876
56:87,4,1556.4166,40.9134,204.5668,409.1336,0.5,204.5668,0.00015995,2:23,40.9134
56:88,5,601.4501,49.3433,246.7164,342.4102,0.4472,153.1305,0.00011973,24:7,49.3433
56:89,4,0,0.0,0,0,0.5,0.0,0.0,,0.0
56:90,6,901.935,154.912,361.0757,502.1705,0.4082,205.0102,0.0001603,56:92,154.912
56:91,5,244.8116,58.1338,113.2843,179.4013,0.4472,80.2307,6.273e-05,56:90,58.1338
56:92,6,748.6977,154.912,352.2851,454.895,0.4082,185.7101,0.00014521,56:90,154.912
56:93,3,55.572,13.893,55.572,55.572,0.5774,32.0845,2.509e-05,6:70,13.893
56:94,2,0,0.0,0,0,0.7071,0.0,0.0,,0.0
56:95,5,525.6294,51.9336,217.9892,269.2626,0.4472,120.4179,9.416e-05,3:62,51.9336
56:96,4,336.8513,161.2968,336.8513,336.8513,0.5,168.4257,0.00013169,56:74,161.2968
57:1,9,8188.0718,755.935,2651.1011,4049.4409,0.3333,1349.8136,0.00105544,59:24,755.935
57:2,11,8982.5964,586.8716,1848.8816,3019.7799,0.3015,910.4979,0.00071193,9:116,586.8716
57:3,9,1013.7212,148.8717,436.9151,668.8679,0.3333,222.956,0.00017433,2:29,148.8717
57:4,36,15941.1596,2887.9389,7878.4167,9218.982,0.1667,1536.497,0.00120141,34:2,2887.9389
57:5,8,3547.1731,375.6817,969.7921,1641.9237,0.3536,580.5077,0.00045391,24:42,375.6817
57:6,12,3707.2222,1008.7582,3186.1884,3433.1206,0.2887,991.0566,0.00077492,22:61,1008.7582
57:7,15,493.2115,53.5426,202.2701,274.0045,0.2582,70.7477,5.532e-05,4:136,53.5426
57:8,15,1497.7704,56.7982,233.2696,453.8589,0.2582,117.1859,9.163e-05,4:75,56.7982
57:9,17,1964.2107,386.4251,972.4006,1187.4937,0.2425,288.0095,0.0002252,33:43,386.4251
57:10,37,7109.2718,298.6643,938.7778,1415.3489,0.1644,232.6819,0.00018194,3:180,298.6643
57:11,12,1662.6479,1302.7888,1540.0774,1662.6479,0.2887,479.9651,0.00037529,2:245,1302.7888
57:12,22,15637.5578,859.8937,3537.7942,6645.3998,0.2132,1416.804,0.00110782,9:89,859.8937
57:13,27,388.6047,15.2793,68.8079,129.11,0.1925,24.8472,1.943e-05,9:67,15.2793
57:14,20,426.0801,61.1171,174.4831,242.9513,0.2236,54.3256,4.248e-05,4:141,61.1171
57:15,15,1539.6314,47.0535,177.0372,247.9607,0.2582,64.0232,5.006e-05,3:55,47.0535
57:16,28,2126.668,57.9231,269.3973,410.9033,0.189,77.6534,6.072e-05,57:26,57.9231
57:17,13,2692.4068,165.5351,596.1866,854.6089,0.2774,237.0259,0.00018533,3:118,165.5351
57:18,12,409.2073,161.2937,393.9281,409.2073,0.2887,118.128,9.237e-05,73:20,161.2937
57:19,20,4453.666,778.9488,2836.3595,3170.1798,0.2236,708.8738,0.00055428,5:10,778.9488
57:20,39,3285.4686,611.4194,1634.3941,1847.5549,0.1601,295.8455,0.00023133,3:185,611.4194
57:21,25,7282.6274,1416.7403,4398.3482,5566.0596,0.2,1113.2119,0.00087044,62:4,1416.7403
57:22,21,6391.0211,409.2471,1496.2157,2098.8347,0.2182,458.0033,0.00035812,35:11,409.2471
57:23,15,1607.6713,390.0376,810.5292,982.8238,0.2582,253.764,0.00019842,31:18,390.0376
57:24,12,2204.9837,835.4954,1494.3902,1565.3954,0.2887,451.8907,0.00035334,60:6,835.4954
57:25,28,2568.8866,157.5489,300.3658,377.3094,0.189,71.3048,5.575e-05,58:21,157.5489
57:26,14,522.9216,72.1807,292.1977,378.0922,0.2673,101.0494,7.901e-05,57:27,72.1807
57:27,39,2188.2818,85.9073,336.8398,414.4939,0.1601,66.3721,5.19e-05,5:46,85.9073
57:28,21,7004.4952,370.1507,1667.1804,2692.4879,0.2182,587.549,0.00045941,8:70,370.1507
57:29,22,6103.0502,990.3266,3912.0769,4593.352,0.2132,979.3059,0.00076573,57:21,990.3266
58:1,18,2783.8119,147.3867,469.76,670.5552,0.2357,158.0514,0.00012358,22:75,147.3867
58:2,23,643.4708,61.1171,117.1602,183.1115,0.2085,38.1814,2.985e-05,22:60,61.1171
58:3,21,3358.7458,147.7107,708.8844,1146.387,0.2182,250.1622,0.00019561,58:4,147.7107
58:4,26,3454.5775,615.2125,1134.7756,1407.1002,0.1961,275.9551,0.00021577,4:92,615.2125
58:5,18,2985.5239,385.2952,570.794,783.4617,0.2357,184.6637,0.00014439,58:20,385.2952
58:6,15,4130.1541,340.6352,903.1144,1528.4698,0.2582,394.6492,0.00030858,85:9,340.6352
58:7,47,23139.1181,1199.5683,3279.2696,5459.784,0.1459,796.3913,0.00062271,5:97,1199.5683
58:8,38,2583.4374,167.4968,697.4132,1359.8087,0.1622,220.5901,0.00017248,58:9,167.4968
58:9,19,5755.0477,381.9099,919.9237,1519.7712,0.2294,348.6594,0.00027262,5:96,381.9099
58:10,17,3603.0764,814.148,1622.3655,1972.9752,0.2425,478.5168,0.00037416,14:11,814.148
58:11,30,7132.6011,150.121,702.8834,1349.1743,0.1826,246.3244,0.0001926,24:55,150.121
58:12,22,7157.2993,163.9746,690.9465,1337.0263,0.2132,285.055,0.00022289,64:14,163.9746
58:13,24,2740.816,156.3414,760.0411,1052.8357,0.2041,214.9092,0.00016804,24:56,156.3414
58:14,19,2403.1612,164.5641,694.4805,1356.876,0.2294,311.2887,0.0002434,60:13,164.5641
58:15,10,2688.8996,387.5005,1226.9524,1441.8687,0.3162,455.9589,0.00035652,65:10,387.5005
58:16,10,2231.6723,836.4058,1019.3215,1231.6135,0.3162,389.4704,0.00030453,63:2,836.4058
58:17,15,8030.7687,1574.1275,4422.6879,6250.5024,0.2582,1613.8728,0.00126191,3:116,1574.1275
58:18,17,636.8977,166.1105,309.5887,382.6621,0.2425,92.8092,7.257e-05,58:6,166.1105
58:19,15,976.6559,70.3719,193.0804,262.3497,0.2582,67.7384,5.297e-05,58:22,70.3719
58:20,8,1635.9667,385.2952,525.6981,590.0381,0.3536,208.61,0.00016312,58:5,385.2952
58:21,9,1920.6496,157.5489,263.7706,324.0726,0.3333,108.0242,8.447e-05,57:25,157.5489
58:22,51,18633.9373,988.4752,3680.9961,6776.4033,0.14,948.8863,0.00074195,5:119,988.4752
59:1,11,16747.1152,1516.2622,4074.0552,6443.8655,0.3015,1942.8986,0.00151918,61:1,1516.2622
59:2,40,5857.4376,342.2455,1682.2722,1930.1642,0.1581,305.1857,0.00023863,2:105,342.2455
59:3,14,1897.2688,607.0916,980.681,1082.0613,0.2673,289.1931,0.00022612,5:33,607.0916
59:4,12,2441.9591,766.2816,1070.3523,1298.1111,0.2887,374.7324,0.00029301,8:13,766.2816
59:5,13,15.2793,15.2793,15.2793,15.2793,0.2774,4.2377,3.31e-06,3:166,15.2793
59:6,25,9539.8302,727.4106,2356.3877,3565.9687,0.2,713.1937,0.00055766,2:284,727.4106
59:7,37,7491.605,828.2792,2073.6808,2754.3559,0.1644,452.8133,0.00035406,8:41,828.2792
59:8,18,2253.9821,385.6429,719.9456,884.1009,0.2357,208.3846,0.00016294,48:29,385.6429
59:9,31,1855.192,846.6791,986.7451,1056.9393,0.1796,189.8319,0.00014843,64:16,846.6791
59:10,23,727.0267,60.5418,162.1872,232.1294,0.2085,48.4023,3.785e-05,3:147,60.5418
59:11,28,5131.3998,342.2455,1535.4571,2197.8526,0.189,415.3551,0.00032477,2:105,342.2455
59:12,16,350.8104,57.2253,157.2235,214.1609,0.25,53.5402,4.186e-05,48:22,57.2253
59:13,12,2156.1958,154.9923,765.9716,1076.896,0.2887,310.8731,0.00024308,2:61,154.9923
59:14,23,1333.631,377.1494,785.5175,869.8853,0.2085,181.3836,0.00014183,5:58,377.1494
59:15,11,2453.6112,382.1592,566.2191,796.2939,0.3015,240.0916,0.00018773,64:5,382.1592
59:16,17,1586.6194,381.0321,601.0963,755.4482,0.2425,183.2231,0.00014326,5:28,381.0321
59:17,10,783.9842,61.1171,275.4712,335.7732,0.3162,106.1808,8.302e-05,5:29,61.1171
59:18,17,11087.1956,815.9901,2149.518,3434.552,0.2425,833.0012,0.00065134,5:8,815.9901
59:19,10,544.6082,55.182,207.9947,275.9182,0.3162,87.253,6.822e-05,3:105,55.182
59:20,10,630.2835,53.8774,254.3746,334.991,0.3162,105.9335,8.283e-05,2:82,53.8774
59:21,18,519.2725,168.0721,317.0707,386.608,0.2357,91.1244,7.125e-05,29:43,168.0721
59:22,13,5722.639,778.7873,1734.5206,2310.0645,0.2774,640.6966,0.00050097,59:23,778.7873
59:23,19,5624.7675,778.7873,1730.6161,2306.1601,0.2294,529.0694,0.00041369,59:22,778.7873
59:24,17,7627.4118,755.935,2324.502,2952.5831,0.2425,716.1066,0.00055993,57:1,755.935
60:1,48,8320.5179,388.6939,1652.5115,2460.8201,0.1443,355.1888,0.00027773,5:12,388.6939
60:2,13,30.5586,15.2793,30.5586,30.5586,0.2774,8.4754,6.63e-06,5:11,15.2793
60:3,13,2181.1253,137.0525,685.2625,937.61,0.2774,260.0462,0.00020333,2:265,137.0525
60:4,52,5816.3159,144.527,697.2628,1223.8456,0.1387,169.7168,0.0001327,2:120,144.527
60:5,13,1359.2591,164.9597,585.6488,763.3054,0.2774,211.7028,0.00016553,10:85,164.9597
60:6,19,3427.7988,1135.2691,2239.1789,2347.3644,0.2294,538.5223,0.00042108,33:21,1135.2691
60:7,15,1674.5361,60.5563,258.6449,490.0561,0.2582,126.5319,9.894e-05,9:102,60.5563
60:8,21,2527.9856,193.6041,576.8602,798.6117,0.2182,174.2714,0.00013627,60:9,193.6041
60:9,21,838.1555,193.6041,414.4915,523.9604,0.2182,114.3375,8.94e-05,60:8,193.6041
60:10,55,6256.7631,160.4269,640.3048,1240.1523,0.1348,167.2221,0.00013075,4:102,160.4269
60:11,21,1551.0481,613.6362,790.2534,863.4558,0.2182,188.4215,0.00014733,5:88,613.6362
60:12,38,6313.4607,318.708,1405.9766,2017.0835,0.1622,327.2142,0.00025585,2:199,318.708
60:13,19,5915.7767,164.5641,596.9934,1137.53,0.2294,260.9673,0.00020405,58:14,164.5641
61:1,11,16747.1152,1516.2622,4074.0552,6443.8655,0.3015,1942.8986,0.00151918,59:1,1516.2622
61:2,8,3879.4891,56.512,186.2025,348.3156,0.3536,123.1482,9.629e-05,61:3,56.512
61:3,9,1840.4057,162.1143,371.8768,490.7654,0.3333,163.5885,0.00012791,40:35,162.1143
61:4,11,1994.1864,44.3503,221.7515,419.8926,0.3015,126.6024,9.899e-05,2:195,44.3503
61:5,23,4590.7279,367.8317,1760.3423,2524.4801,0.2085,526.3905,0.00041159,2:54,367.8317
61:6,31,2964.7403,391.8701,1031.8753,1442.6351,0.1796,259.1049,0.0002026,3:50,391.8701
61:7,16,8055.5461,533.1341,2593.4036,4231.427,0.25,1057.8567,0.00082715,6:21,533.1341
61:8,11,336.2014,225.5015,322.8838,336.2014,0.3015,101.3685,7.926e-05,9:32,225.5015
61:9,14,4476.0084,2385.7334,4127.2877,4194.1428,0.2673,1120.9318,0.00087647,9:33,2385.7334
61:10,11,4282.3525,58.8157,269.2114,461.9286,0.3015,139.2767,0.0001089,20:40,58.8157
61:11,15,6248.9149,591.6673,2337.3409,3235.1244,0.2582,835.3055,0.00065314,9:41,591.6673
61:12,17,9174.1863,680.3123,2177.5848,3599.7862,0.2425,873.0764,0.00068267,9:72,680.3123
61:13,9,810.2848,22.3922,79.3505,121.8467,0.3333,40.6156,3.176e-05,33:47,22.3922
61:14,35,6683.0724,1307.0322,1883.2263,2167.625,0.169,366.3955,0.00028649,3:52,1307.0322
62:1,12,15273.423,859.7738,3403.4602,5577.4924,0.2887,1610.0834,0.00125895,64:1,859.7738
62:2,21,4402.2133,2431.2561,2913.6171,3030.7241,0.2182,661.3582,0.00051713,3:164,2431.2561
62:3,8,752.8186,47.2987,236.4933,472.9867,0.3536,167.226,0.00013076,14:4,47.2987
62:4,10,5730.6606,1416.7403,4306.7365,4953.8349,0.3162,1566.5402,0.0012249,57:21,1416.7403
62:5,23,4876.0884,552.3359,1861.5577,2578.4429,0.2085,537.6425,0.00042039,9:19,552.3359
62:6,17,4293.4148,1053.5111,1345.5622,1567.4067,0.2425,380.152,0.00029725,2:94,1053.5111
62:7,9,1422.3568,840.8427,1055.7168,1201.5817,0.3333,400.5272,0.00031318,2:95,840.8427
62:8,18,4259.6083,1472.7426,2819.1415,3070.7307,0.2357,723.7782,0.00056593,9:94,1472.7426
62:9,21,8833.9621,537.4284,2283.1021,3329.4338,0.2182,726.542,0.00056809,9:41,537.4284
62:10,15,2154.0357,391.9518,574.4349,641.023,0.2582,165.5114,0.00012942,8:45,391.9518
62:11,21,1030.8131,50.1895,216.0372,286.5961,0.2182,62.5404,4.89e-05,2:103,50.1895
63:1,17,524.5394,15.2793,74.224,138.1696,0.2425,33.511,2.62e-05,73:20,15.2793
63:2,12,4094.9354,836.4058,1665.969,1880.8853,0.2887,542.9648,0.00042455,58:16,836.4058
63:3,11,1294.1379,379.0758,768.8301,835.0513,0.3015,251.7774,0.00019687,9:87,379.0758
63:4,22,281.0479,164.8982,217.6443,281.0479,0.2132,59.9196,4.685e-05,9:30,164.8982
63:5,14,1187.8118,150.0755,442.934,680.9057,0.2673,181.9797,0.00014229,4:61,150.0755
63:6,18,6007.0131,321.6415,1608.2076,2393.2842,0.2357,564.1025,0.00044108,5:51,321.6415
63:7,20,1826.9514,61.1171,168.5859,239.4372,0.2236,53.5398,4.186e-05,63:8,61.1171
63:8,17,492.5379,61.1171,106.1208,155.6615,0.2425,37.7534,2.952e-05,63:7,61.1171
63:9,17,6883.9875,119.4018,563.1255,1103.6621,0.2425,267.6774,0.0002093,9:23,119.4018
63:10,21,2800.8651,366.385,842.4266,1061.4926,0.2182,231.6367,0.00018112,2:254,366.385
63:11,11,1071.5529,149.3112,546.9491,652.5,0.3015,196.7361,0.00015383,3:153,149.3112
64:1,17,21035.0285,859.7738,3492.1085,5790.8413,0.2425,1404.4853,0.00109819,62:1,859.7738
64:2,11,2068.9555,147.7944,696.0044,946.472,0.3015,285.372,0.00022314,57:4,147.7944
64:3,9,2445.3383,135.3636,602.5716,817.3554,0.3333,272.4518,0.00021303,6:73,135.3636
64:4,14,6376.8034,386.2893,1188.8374,1813.4082,0.2673,484.6537,0.00037896,27:25,386.2893
64:5,13,3751.7179,382.1592,792.6211,1022.6959,0.2774,283.6448,0.00022179,59:15,382.1592
64:6,16,545.0995,165.6642,223.2226,287.5793,0.25,71.8948,5.622e-05,40:22,165.6642
64:7,18,2313.4959,68.8433,271.4772,499.4484,0.2357,117.7211,9.205e-05,34:3,68.8433
64:8,10,1714.7658,138.1906,690.953,1026.9016,0.3162,324.7348,0.00025391,2:234,138.1906
64:9,27,17359.3822,1208.8674,4722.685,7942.3882,0.1925,1528.5133,0.00119517,65:11,1208.8674
64:10,11,3831.8949,782.31,2609.2103,2880.3851,0.3015,868.4688,0.00067907,2:39,782.31
64:11,16,2324.9787,166.9214,732.8549,1089.3137,0.25,272.3284,0.00021294,57:22,166.9214
64:12,11,763.2999,341.3384,642.106,710.0294,0.3015,214.0819,0.00016739,5:92,341.3384
64:13,9,6487.4443,306.1521,1530.7603,2578.5152,0.3333,859.5051,0.00067206,2:255,306.1521
64:14,18,6495.1546,163.9746,690.1823,1320.6264,0.2357,311.2746,0.00024339,58:12,163.9746
64:15,8,341.2755,226.0769,327.3825,341.2755,0.3536,120.6591,9.435e-05,8:28,226.0769
64:16,16,1866.2463,846.6791,978.6176,1040.3506,0.25,260.0877,0.00020337,59:9,846.6791
64:17,12,528.1337,54.9713,273.5914,463.777,0.2887,133.8809,0.00010468,8:29,54.9713
64:18,5,894.5903,157.1955,358.1577,571.3183,0.4472,255.5013,0.00019978,32:6,157.1955
65:1,41,2475.3,390.6615,769.0226,992.9496,0.1562,155.0727,0.00012125,4:19,390.6615
65:2,30,2788.7697,393.3629,1144.3214,1507.5998,0.1826,275.2488,0.00021522,65:4,393.3629
65:3,21,2963.1949,161.7724,369.8255,534.0205,0.2182,116.5328,9.112e-05,8:49,161.7724
65:4,28,907.6988,393.3629,498.0165,571.5361,0.189,108.0102,8.445e-05,65:2,393.3629
65:5,14,361.0664,61.1171,205.9591,265.6158,0.2673,70.9888,5.551e-05,64:9,61.1171
65:6,32,187.3439,15.2793,66.7398,127.0418,0.1768,22.458,1.756e-05,4:24,15.2793
65:7,25,1460.5717,395.2997,456.4169,528.3146,0.2,105.6629,8.262e-05,2:286,395.2997
65:8,14,309.8583,55.4992,154.793,222.3114,0.2673,59.4152,4.646e-05,22:48,55.4992
65:9,7,0,0.0,0,0,0.378,0.0,0.0,,0.0
65:10,16,2650.2991,387.5005,675.8986,746.2468,0.25,186.5617,0.00014588,58:15,387.5005
65:11,34,23576.9518,1208.8674,4574.4958,7810.9948,0.1715,1339.5746,0.00104743,64:9,1208.8674
65:12,25,12289.388,469.0773,2345.3865,4690.7731,0.2,938.1546,0.00073356,2:20,469.0773
66:1,14,1075.4164,61.1171,258.4445,489.8556,0.2673,130.9194,0.00010237,5:87,61.1171
66:2,11,333.2596,15.2793,74.3531,133.0924,0.3015,40.1289,3.138e-05,30:54,15.2793
66:3,29,251.0426,15.2793,71.6369,138.4823,0.1857,25.7155,2.011e-05,5:49,15.2793
66:4,21,1384.2037,50.2623,168.058,227.2436,0.2182,49.5886,3.877e-05,57:24,50.2623
66:5,17,29.4078,14.7039,29.4078,29.4078,0.2425,7.1324,5.58e-06,2:258,14.7039
66:6,22,4089.0562,61.1171,219.5022,381.6153,0.2132,81.3607,6.362e-05,2:24,61.1171
66:7,11,3014.6921,380.2861,683.228,901.4942,0.3015,271.8107,0.00021253,52:16,380.2861
66:8,45,18112.7949,506.0333,1757.6411,3180.4007,0.1491,474.1061,0.00037071,61:12,506.0333
66:9,11,2203.8211,1759.766,1977.7317,2043.8961,0.3015,616.2579,0.00048186,9:73,1759.766
66:10,27,1621.6045,59.1555,273.8674,506.0689,0.1925,97.393,7.615e-05,66:11,59.1555
66:11,24,932.3768,59.1555,280.179,393.8031,0.2041,80.3847,6.285e-05,66:10,59.1555
66:12,17,212.2091,76.3964,125.7829,187.5159,0.2425,45.4793,3.556e-05,21:91,76.3964
67:1,9,6032.9871,304.9685,1524.8426,2316.1907,0.3333,772.0636,0.00060369,5:120,304.9685
67:2,11,588.4929,178.3449,230.7228,290.3795,0.3015,87.5527,6.846e-05,11:7,178.3449
67:3,18,510.065,163.0656,278.2501,340.6486,0.2357,80.2916,6.278e-05,65:12,163.0656
67:4,10,0,0.0,0,0,0.3162,0.0,0.0,,0.0
67:5,12,380.2183,60.5418,163.8564,220.7938,0.2887,63.7377,4.984e-05,41:12,60.5418
67:6,7,391.2349,53.7394,229.2152,300.5033,0.378,113.5796,8.881e-05,3:162,53.7394
67:7,8,15.2793,15.2793,15.2793,15.2793,0.3536,5.402,4.22e-06,25:12,15.2793
67:8,13,116.6891,59.7308,116.6891,116.6891,0.2774,32.3637,2.531e-05,39:71,59.7308
67:9,18,2904.6065,382.7519,1035.2397,1306.1278,0.2357,307.8573,0.00024072,36:15,382.7519
67:10,11,103.89,15.2793,75.3748,103.89,0.3015,31.324,2.449e-05,43:20,15.2793
67:11,5,0,0.0,0,0,0.4472,0.0,0.0,,0.0
67:12,9,1576.7139,159.958,697.4411,846.8735,0.3333,282.2912,0.00022073,21:49,159.958
67:13,9,1045.9766,144.2122,721.061,967.9932,0.3333,322.6644,0.0002523,8:43,144.2122
67:14,7,204.6514,61.1171,115.8864,179.29,0.378,67.7653,5.299e-05,6:103,61.1171
67:15,14,1440.3276,149.9074,729.7735,980.2258,0.2673,261.9764,0.00020484,10:67,149.9074
67:16,11,784.6535,159.1024,263.5203,329.9203,0.3015,99.4747,7.778e-05,67:17,159.1024
67:17,12,682.8335,159.1024,264.6711,327.2199,0.2887,94.4603,7.386e-05,67:16,159.1024
67:18,8,1880.6727,139.7845,657.125,895.6328,0.3536,316.654,0.0002476,6:148,139.7845
67:19,15,708.4265,120.848,342.287,405.5665,0.2582,104.7168,8.188e-05,16:79,120.848
67:20,15,1125.2795,58.9199,201.7243,267.1346,0.2582,68.9739,5.393e-05,67:21,58.9199
67:21,12,137.4123,58.9199,111.2482,137.4123,0.2887,39.6675,3.102e-05,67:20,58.9199
67:22,12,477.827,51.8745,259.3723,322.1414,0.2887,92.9942,7.271e-05,6:39,51.8745
67:23,12,2873.5921,1033.9112,2333.9173,2402.3357,0.2887,693.4946,0.00054225,32:9,1033.9112
67:24,8,2261.536,618.3646,726.1511,789.5547,0.3536,279.1497,0.00021827,23:79,618.3646
67:25,7,5148.0336,746.0134,3730.0668,3987.6686,0.378,1507.1971,0.0011785,10:48,746.0134
67:26,9,1624.6106,627.8042,888.8,959.9583,0.3333,319.9861,0.0002502,29:50,627.8042
67:27,13,1596.4492,155.7583,473.9861,542.0962,0.2774,150.3504,0.00011756,51:14,155.7583
67:28,15,1245.5458,51.1775,255.8876,509.8226,0.2582,131.6356,0.00010293,6:46,51.1775
67:29,13,1147.652,152.9406,342.4281,579.2875,0.2774,160.6655,0.00012563,28:85,152.9406
67:30,10,433.2828,51.1775,255.8876,395.7627,0.3162,125.1511,9.786e-05,6:46,51.1775
68:1,4,0,0.0,0,0,0.5,0.0,0.0,,0.0
68:2,5,44.6871,15.2793,44.6871,44.6871,0.4472,19.9847,1.563e-05,93:11,15.2793
68:3,5,58.0522,15.2793,58.0522,58.0522,0.4472,25.9617,2.03e-05,20:97,15.2793
68:4,4,0,0.0,0,0,0.5,0.0,0.0,,0.0
68:5,2,0,0.0,0,0,0.7071,0.0,0.0,,0.0
68:6,2,0,0.0,0,0,0.7071,0.0,0.0,,0.0
68:7,11,4442.2028,1679.3718,3871.6711,4089.8001,0.3015,1233.1211,0.0009642,16:125,1679.3718
68:8,3,15.2793,15.2793,15.2793,15.2793,0.5774,8.8215,6.9e-06,25:52,15.2793
68:9,4,15.2793,15.2793,15.2793,15.2793,0.5,7.6396,5.97e-06,4:89,15.2793
68:10,5,55.572,13.893,55.572,55.572,0.4472,24.8525,1.943e-05,18:28,13.893
68:11,3,0,0.0,0,0,0.5774,0.0,0.0,,0.0
68:12,4,76.3964,61.1171,76.3964,76.3964,0.5,38.1982,2.987e-05,50:25,61.1171
68:13,4,244.6488,11.1204,55.602,111.204,0.5,55.602,4.348e-05,2:52,11.1204
68:14,5,255.0419,15.2793,69.6398,127.578,0.4472,57.0546,4.461e-05,23:55,15.2793
68:15,7,1027.3392,849.9089,950.1112,1014.4679,0.378,383.4328,0.00029981,83:13,849.9089
68:16,3,0,0.0,0,0,0.5774,0.0,0.0,,0.0
68:17,10,146.3807,12.1984,60.992,121.9839,0.3162,38.5747,3.016e-05,2:82,12.1984
68:18,2,0,0.0,0,0,0.7071,0.0,0.0,,0.0
68:19,7,357.3511,15.2793,56.7425,108.5716,0.378,41.0362,3.209e-05,7:97,15.2793
68:20,2,0,0.0,0,0,0.7071,0.0,0.0,,0.0
68:21,2,0,0.0,0,0,0.7071,0.0,0.0,,0.0
68:22,7,686.3213,8.6876,43.4381,86.8761,0.378,32.8361,2.568e-05,2:23,8.6876
68:23,3,0,0.0,0,0,0.5774,0.0,0.0,,0.0
68:24,6,102.9707,12.8713,64.3567,102.9707,0.4082,42.0376,3.287e-05,7:105,12.8713
68:25,4,0,0.0,0,0,0.5,0.0,0.0,,0.0
68:26,5,167.0386,11.9313,59.6567,119.3133,0.4472,53.3585,4.172e-05,2:14,11.9313
68:27,3,75.2457,60.5418,75.2457,75.2457,0.5774,43.4431,3.397e-05,56:67,60.5418
68:28,7,143.7955,58.0048,143.7955,143.7955,0.378,54.3496,4.25e-05,2:33,58.0048
68:29,6,439.0697,56.4038,232.7459,300.0182,0.4082,122.4819,9.577e-05,28:53,56.4038
68:30,5,602.9994,157.2648,358.5039,532.8248,0.4472,238.2865,0.00018632,37:50,157.2648
68:31,5,406.2968,162.079,255.6576,313.5958,0.4472,140.2443,0.00010966,21:14,162.079
68:32,10,174.9201,57.9231,160.6624,174.9201,0.3162,55.3146,4.325e-05,7:125,57.9231
68:33,8,1316.2447,603.0421,1133.5399,1278.7246,0.3536,452.0974,0.0003535,39:26,603.0421
68:34,6,390.1394,55.5968,153.1081,217.8637,0.4082,88.9425,6.955e-05,3:15,55.5968
68:35,3,0,0.0,0,0,0.5774,0.0,0.0,,0.0
68:36,4,439.034,161.4326,256.8345,313.7718,0.5,156.8859,0.00012267,37:154,161.4326
68:37,5,42.7729,14.2576,42.7729,42.7729,0.4472,19.1286,1.496e-05,37:156,14.2576
68:38,5,15.2793,15.2793,15.2793,15.2793,0.4472,6.8331,5.34e-06,68:39,15.2793
68:39,12,1248.6761,52.0277,246.2198,471.5617,0.2887,136.1281,0.00010644,10:60,52.0277
68:40,4,0,0.0,0,0,0.5,0.0,0.0,,0.0
68:41,8,215.5363,59.7308,114.0905,177.4941,0.3536,62.7537,4.907e-05,52:34,59.7308
68:42,9,70.8512,15.2793,70.8512,70.8512,0.3333,23.6171,1.847e-05,68:43,15.2793
68:43,11,266.5541,168.0721,225.8001,266.5541,0.3015,80.3691,6.284e-05,70:44,168.0721
68:44,10,1148.7883,382.7864,590.8395,704.2215,0.3162,222.6944,0.00017413,7:182,382.7864
68:45,5,476.0164,394.7244,449.3812,476.0164,0.4472,212.881,0.00016645,7:183,394.7244
68:46,7,869.7685,855.0646,869.7685,869.7685,0.378,328.7416,0.00025705,52:40,855.0646
68:47,5,424.755,396.2397,424.755,424.755,0.4472,189.9562,0.00014853,52:41,396.2397
68:48,11,319.8246,166.9214,224.1152,292.6553,0.3015,88.2389,6.9e-05,76:24,166.9214
68:49,10,267.2496,15.2793,70.5114,134.5851,0.3162,42.5596,3.328e-05,54:35,15.2793
68:50,5,125.067,12.5067,62.5335,125.067,0.4472,55.9316,4.373e-05,3:39,12.5067
68:51,12,996.6688,7.7261,38.6306,77.2611,0.2887,22.3034,1.744e-05,2:6,7.7261
68:52,5,704.9096,153.829,528.384,592.7407,0.4472,265.0817,0.00020727,12:104,153.829
69:1,1,0,0.0,0,0,1.0,0.0,0.0,,0.0
69:2,2,15.2793,15.2793,15.2793,15.2793,0.7071,10.8041,8.45e-06,69:3,15.2793
69:3,4,569.0982,49.2382,246.1911,492.3823,0.5,246.1911,0.0001925,74:27,49.2382
69:4,4,42.7729,14.2576,42.7729,42.7729,0.5,21.3864,1.672e-05,26:141,14.2576
69:5,4,0,0.0,0,0,0.5,0.0,0.0,,0.0
69:6,6,0,0.0,0,0,0.4082,0.0,0.0,,0.0
69:7,15,61.1171,61.1171,61.1171,61.1171,0.2582,15.7804,1.234e-05,54:20,61.1171
69:8,5,316.3511,10.545,52.7252,105.4504,0.4472,47.1588,3.687e-05,3:22,10.545
69:9,6,29.4078,14.7039,29.4078,29.4078,0.4082,12.0057,9.39e-06,11:17,14.7039
69:10,6,0,0.0,0,0,0.4082,0.0,0.0,,0.0
69:11,7,0,0.0,0,0,0.378,0.0,0.0,,0.0
69:12,6,0,0.0,0,0,0.4082,0.0,0.0,,0.0
69:13,6,266.9193,165.4736,216.1964,266.9193,0.4082,108.9694,8.52e-05,23:101,165.4736
69:14,6,15.2793,15.2793,15.2793,15.2793,0.4082,6.2377,4.88e-06,73:14,15.2793
69:15,3,15.2793,15.2793,15.2793,15.2793,0.5774,8.8215,6.9e-06,56:1,15.2793
69:16,5,0,0.0,0,0,0.4472,0.0,0.0,,0.0
69:17,9,0,0.0,0,0,0.3333,0.0,0.0,,0.0
69:18,6,0,0.0,0,0,0.4082,0.0,0.0,,0.0
69:19,9,615.0648,389.3895,574.3107,615.0648,0.3333,205.0216,0.00016031,84:7,389.3895
69:20,5,0,0.0,0,0,0.4472,0.0,0.0,,0.0
69:21,4,182.2007,167.4968,182.2007,182.2007,0.5,91.1003,7.123e-05,101:7,167.4968
69:22,3,61.1171,61.1171,61.1171,61.1171,0.5774,35.286,2.759e-05,88:10,61.1171
69:23,2,0,0.0,0,0,0.7071,0.0,0.0,,0.0
69:24,8,336.8513,161.2968,336.8513,336.8513,0.3536,119.0949,9.312e-05,52:19,161.2968
69:25,10,370.7514,161.6592,304.1633,370.7514,0.3162,117.2419,9.167e-05,84:10,161.6592
69:26,4,0,0.0,0,0,0.5,0.0,0.0,,0.0
69:27,3,0,0.0,0,0,0.5774,0.0,0.0,,0.0
69:28,4,42.7729,14.2576,42.7729,42.7729,0.5,21.3864,1.672e-05,7:48,14.2576
69:29,3,0,0.0,0,0,0.5774,0.0,0.0,,0.0
69:30,2,0,0.0,0,0,0.7071,0.0,0.0,,0.0
69:31,3,0,0.0,0,0,0.5774,0.0,0.0,,0.0
69:32,7,15.2793,15.2793,15.2793,15.2793,0.378,5.775,4.52e-06,40:72,15.2793
69:33,6,496.8011,14.2576,67.1697,128.1617,0.4082,52.3218,4.091e-05,10:40,14.2576
69:34,5,467.1407,394.5137,467.1407,467.1407,0.4472,208.9117,0.00016335,107:3,394.5137
69:35,5,0,0.0,0,0,0.4472,0.0,0.0,,0.0
69:36,5,485.7675,55.6141,94.7189,143.6,0.4472,64.2199,5.021e-05,88:6,55.6141
69:37,4,0,0.0,0,0,0.5,0.0,0.0,,0.0
69:38,4,55.572,13.893,55.572,55.572,0.5,27.786,2.173e-05,56:75,13.893
69:39,3,44.6871,15.2793,44.6871,44.6871,0.5774,25.8001,2.017e-05,22:12,15.2793
69:40,4,196.3292,166.9214,196.3292,196.3292,0.5,98.1646,7.676e-05,81:19,166.9214
69:41,7,251.7793,58.7092,110.1945,174.5512,0.378,65.9742,5.159e-05,81:25,58.7092
69:42,6,191.1942,56.9831,152.5802,191.1942,0.4082,78.0547,6.103e-05,7:3,56.9831
69:43,4,750.4584,155.6151,354.3423,457.9007,0.5,228.9504,0.00017902,56:80,155.6151
69:44,5,0,0.0,0,0,0.4472,0.0,0.0,,0.0
69:45,3,0,0.0,0,0,0.5774,0.0,0.0,,0.0
69:46,4,0,0.0,0,0,0.5,0.0,0.0,,0.0
69:47,6,236.2595,56.3213,108.6496,172.8559,0.4082,70.5681,5.518e-05,24:21,56.3213
69:48,3,0,0.0,0,0,0.5774,0.0,0.0,,0.0
69:49,5,0,0.0,0,0,0.4472,0.0,0.0,,0.0
69:50,4,114.1265,12.6807,63.4036,114.1265,0.5,57.0632,4.462e-05,2:89,12.6807
69:51,3,0,0.0,0,0,0.5774,0.0,0.0,,0.0
69:52,4,336.8513,161.2968,336.8513,336.8513,0.5,168.4257,0.00013169,56:74,161.2968
70:1,4,0,0.0,0,0,0.5,0.0,0.0,,0.0
70:2,4,42.7729,14.2576,42.7729,42.7729,0.5,21.3864,1.672e-05,4:176,14.2576
70:3,4,739.4336,8.4992,42.4962,84.9924,0.5,42.4962,3.323e-05,2:61,8.4992
70:4,11,495.6063,410.1327,467.8203,495.6063,0.3015,149.4309,0.00011684,32:5,410.1327
70:5,3,0,0.0,0,0,0.5774,0.0,0.0,,0.0
70:6,3,0,0.0,0,0,0.5774,0.0,0.0,,0.0
70:7,2,0,0.0,0,0,0.7071,0.0,0.0,,0.0
70:8,4,0,0.0,0,0,0.5,0.0,0.0,,0.0
70:9,3,61.1171,61.1171,61.1171,61.1171,0.5774,35.286,2.759e-05,101:5,61.1171
70:10,4,15.2793,15.2793,15.2793,15.2793,0.5,7.6396,5.97e-06,28:78,15.2793
70:11,9,177.1512,11.8101,59.0504,118.1008,0.3333,39.3669,3.078e-05,5:36,11.8101
70:12,2,0,0.0,0,0,0.7071,0.0,0.0,,0.0
70:13,3,0,0.0,0,0,0.5774,0.0,0.0,,0.0
70:14,6,2041.5077,151.0676,534.5112,766.225,0.4082,312.81,0.00024459,2:29,151.0676
70:15,3,29.4078,14.7039,29.4078,29.4078,0.5774,16.9786,1.328e-05,23:100,14.7039
70:16,2,0,0.0,0,0,0.7071,0.0,0.0,,0.0
70:17,4,0,0.0,0,0,0.5,0.0,0.0,,0.0
70:18,2,0,0.0,0,0,0.7071,0.0,0.0,,0.0
70:19,4,79.9058,13.3176,66.5881,79.9058,0.5,39.9529,3.124e-05,14:34,13.3176
70:20,4,42.7729,14.2576,42.7729,42.7729,0.5,21.3864,1.672e-05,17:83,14.2576
70:21,4,29.4078,14.7039,29.4078,29.4078,0.5,14.7039,1.15e-05,17:83,14.7039
70:22,2,0,0.0,0,0,0.7071,0.0,0.0,,0.0
70:23,5,205.71,59.5201,115.6106,179.9673,0.4472,80.4838,6.293e-05,70:34,59.5201
70:24,5,58.0522,15.2793,58.0522,58.0522,0.4472,25.9617,2.03e-05,51:19,15.2793
70:25,2,15.2793,15.2793,15.2793,15.2793,0.7071,10.8041,8.45e-06,51:19,15.2793
70:26,4,29.4078,14.7039,29.4078,29.4078,0.5,14.7039,1.15e-05,74:46,14.7039
70:27,6,440.433,29.1723,86.1305,145.1809,0.4082,59.2699,4.634e-05,23:57,29.1723
70:28,5,44.6871,15.2793,44.6871,44.6871,0.4472,19.9847,1.563e-05,70:27,15.2793
70:29,4,329.9441,164.6029,211.8433,270.8937,0.5,135.4468,0.00010591,23:5,164.6029
70:30,10,1977.29,1531.1154,1711.2806,1776.4921,0.3162,561.7761,0.00043926,23:6,1531.1154
70:31,7,1224.1816,846.5713,1054.7653,1111.2374,0.378,420.0082,0.00032841,23:7,846.5713
70:32,5,559.1334,393.7922,441.0325,500.0829,0.4472,223.6439,0.00017487,23:8,393.7922
70:33,4,177.1512,11.8101,59.0504,118.1008,0.5,59.0504,4.617e-05,7:156,11.8101
70:34,5,356.287,60.5418,202.7559,261.8063,0.4472,117.0833,9.155e-05,6:92,60.5418
70:35,4,224.7088,13.5847,67.9234,128.2255,0.5,64.1127,5.013e-05,14:3,13.5847
70:36,5,996.6688,7.7261,38.6306,77.2611,0.4472,34.5522,2.702e-05,2:6,7.7261
70:37,5,195.5657,167.0505,195.5657,195.5657,0.4472,87.4597,6.839e-05,50:17,167.0505
70:38,8,285.9894,164.2779,220.5791,285.9894,0.3536,101.1125,7.906e-05,74:52,164.2779
70:39,5,15.2793,15.2793,15.2793,15.2793,0.4472,6.8331,5.34e-06,37:11,15.2793
70:40,7,123.4954,13.893,69.1566,123.4954,0.378,46.6769,3.65e-05,56:75,13.893
70:41,8,460.0665,58.0362,155.0352,216.0272,0.3536,76.3771,5.972e-05,56:60,58.0362
70:42,8,1295.9941,1076.3278,1295.9941,1295.9941,0.3536,458.2031,0.00035828,43:83,1076.3278
70:43,9,75.2457,60.5418,75.2457,75.2457,0.3333,25.0819,1.961e-05,54:7,60.5418
70:44,9,313.0183,168.0721,271.3394,313.0183,0.3333,104.3394,8.158e-05,68:43,168.0721
71:1,14,2905.2235,151.9392,660.9844,885.1657,0.2673,236.5705,0.00018498,7:59,151.9392
71:2,6,685.7899,160.9749,324.7157,390.1425,0.4082,159.275,0.00012454,11:25,160.9749
71:3,5,389.705,57.6479,271.6041,330.6546,0.4472,147.8732,0.00011562,29:16,57.6479
71:4,18,2325.275,836.4368,1251.0887,1496.8043,0.2357,352.8002,0.00027586,14:10,836.4368
71:5,7,687.7151,48.2866,241.4329,410.4135,0.378,155.1217,0.00012129,3:40,48.2866
71:6,5,15.2793,15.2793,15.2793,15.2793,0.4472,6.8331,5.34e-06,33:13,15.2793
71:7,14,75.2457,60.5418,75.2457,75.2457,0.2673,20.1103,1.572e-05,2:19,60.5418
71:8,4,15.2793,15.2793,15.2793,15.2793,0.5,7.6396,5.97e-06,71:9,15.2793
71:9,7,15.2793,15.2793,15.2793,15.2793,0.378,5.775,4.52e-06,71:8,15.2793
71:10,6,337.0553,14.7039,61.2334,114.2761,0.4082,46.653,3.648e-05,11:3,14.7039
71:11,4,168.0721,168.0721,168.0721,168.0721,0.5,84.0361,6.571e-05,11:52,168.0721
71:12,9,30.5586,15.2793,30.5586,30.5586,0.3333,10.1862,7.96e-06,57:28,15.2793
71:13,6,330.7495,54.6883,148.55,205.4874,0.4082,83.8899,6.559e-05,37:25,54.6883
71:14,3,0,0.0,0,0,0.5774,0.0,0.0,,0.0
71:15,8,218.0165,60.0955,116.5708,179.9743,0.3536,63.6305,4.975e-05,67:3,60.0955
71:16,7,0,0.0,0,0,0.378,0.0,0.0,,0.0
71:17,5,146.3807,12.1984,60.992,121.9839,0.4472,54.5529,4.266e-05,2:267,12.1984
71:18,5,0,0.0,0,0,0.4472,0.0,0.0,,0.0
71:19,5,519.2213,54.4687,268.3057,449.0467,0.4472,200.8198,0.00015702,16:72,54.4687
71:20,4,0,0.0,0,0,0.5,0.0,0.0,,0.0
71:21,13,59.9664,15.2793,59.9664,59.9664,0.2774,16.6317,1.3e-05,71:26,15.2793
71:22,3,15.2793,15.2793,15.2793,15.2793,0.5774,8.8215,6.9e-06,27:50,15.2793
71:23,13,29.4078,14.7039,29.4078,29.4078,0.2774,8.1563,6.38e-06,9:81,14.7039
71:24,8,182.2007,167.4968,182.2007,182.2007,0.3536,64.4177,5.037e-05,71:28,167.4968
71:25,12,3132.6146,131.5551,476.1391,653.4606,0.2887,188.6378,0.0001475,4:173,131.5551
71:26,10,243.0299,15.2793,73.3315,141.5841,0.3162,44.7728,3.501e-05,71:21,15.2793
71:27,10,0,0.0,0,0,0.3162,0.0,0.0,,0.0
71:28,15,387.6793,167.4968,358.7178,387.6793,0.2582,100.0984,7.827e-05,71:24,167.4968
72:1,13,200.3127,15.2793,75.2457,137.7792,0.2774,38.2131,2.988e-05,46:30,15.2793
72:2,9,29.4078,14.7039,29.4078,29.4078,0.3333,9.8026,7.66e-06,10:35,14.7039
72:3,9,58.0522,15.2793,58.0522,58.0522,0.3333,19.3507,1.513e-05,23:91,15.2793
72:4,7,625.8866,15.2793,51.1974,96.095,0.378,36.3205,2.84e-05,72:6,15.2793
72:5,10,1434.0687,165.2995,361.3236,587.1273,0.3162,185.6659,0.00014517,72:12,165.2995
72:6,11,155.6255,15.2793,68.0787,130.6121,0.3015,39.381,3.079e-05,72:4,15.2793
72:7,9,288.9234,60.5418,162.1055,226.3899,0.3333,75.4633,5.901e-05,40:34,60.5418
72:8,8,0,0.0,0,0,0.3536,0.0,0.0,,0.0
72:9,13,15.2793,15.2793,15.2793,15.2793,0.2774,4.2377,3.31e-06,4:123,15.2793
72:10,13,1345.3147,50.494,144.0533,180.0192,0.2774,49.9283,3.904e-05,13:33,50.494
72:11,9,106.8537,15.2793,67.6075,106.8537,0.3333,35.6179,2.785e-05,72:14,15.2793
72:12,11,1705.7766,165.2995,244.0729,306.6064,0.3015,92.4453,7.228e-05,72:5,165.2995
72:13,14,100.2591,15.2793,72.4731,100.2591,0.2673,26.7954,2.095e-05,20:112,15.2793
72:14,10,15.2793,15.2793,15.2793,15.2793,0.3162,4.8317,3.78e-06,72:11,15.2793
72:15,5,0,0.0,0,0,0.4472,0.0,0.0,,0.0
72:16,7,0,0.0,0,0,0.378,0.0,0.0,,0.0
72:17,10,139.8722,15.2793,73.284,139.8722,0.3162,44.2315,3.459e-05,12:42,15.2793
72:18,8,192.4305,15.2793,62.5196,121.57,0.3536,42.9815,3.361e-05,72:7,15.2793
72:19,10,15.2793,15.2793,15.2793,15.2793,0.3162,4.8317,3.78e-06,19:30,15.2793
72:20,8,312.3633,72.3519,170.6424,229.6928,0.3536,81.2087,6.35e-05,13:36,72.3519
72:21,8,320.4849,59.7308,175.4706,243.2569,0.3536,86.0043,6.725e-05,5:76,59.7308
72:22,12,1270.7695,56.0392,109.9325,174.2892,0.2887,50.313,3.934e-05,18:27,56.0392
72:23,16,3460.0735,615.5706,1231.8455,1590.2248,0.25,397.5562,0.00031086,9:63,615.5706
72:24,11,824.8018,406.2409,454.7585,504.7644,0.3015,152.1922,0.000119,19:75,406.2409
72:25,11,376.6717,29.1723,85.8382,146.5051,0.3015,44.1729,3.454e-05,21:109,29.1723
72:26,7,146.3807,12.1984,60.992,121.9839,0.378,46.1056,3.605e-05,6:73,12.1984
72:27,13,1534.0317,376.8042,833.0904,898.5007,0.2774,249.1993,0.00019485,13:11,376.8042
72:28,13,778.5121,14.7039,67.3835,110.2226,0.2774,30.5702,2.39e-05,5:113,14.7039
73:1,2,0,0.0,0,0,0.7071,0.0,0.0,,0.0
73:2,4,244.6488,11.1204,55.602,111.204,0.5,55.602,4.348e-05,2:83,11.1204
73:3,5,0,0.0,0,0,0.4472,0.0,0.0,,0.0
73:4,6,0,0.0,0,0,0.4082,0.0,0.0,,0.0
73:5,5,0,0.0,0,0,0.4472,0.0,0.0,,0.0
73:6,8,15.2793,15.2793,15.2793,15.2793,0.3536,5.402,4.22e-06,47:13,15.2793
73:7,6,98.482,15.2793,71.3126,98.482,0.4082,40.2051,3.144e-05,20:118,15.2793
73:8,6,88.6108,60.0955,88.6108,88.6108,0.4082,36.1752,2.829e-05,76:25,60.0955
73:9,9,3734.7539,115.1088,575.544,1151.0879,0.3333,383.696,0.00030002,2:163,115.1088
73:10,7,516.2284,56.2037,225.9856,277.8147,0.378,105.0041,8.21e-05,31:17,56.2037
73:11,6,0,0.0,0,0,0.4082,0.0,0.0,,0.0
73:12,4,0,0.0,0,0,0.5,0.0,0.0,,0.0
73:13,5,0,0.0,0,0,0.4472,0.0,0.0,,0.0
73:14,8,30.5586,15.2793,30.5586,30.5586,0.3536,10.8041,8.45e-06,69:14,15.2793
73:15,11,344.5365,26.189,107.1638,172.4131,0.3015,51.9845,4.065e-05,11:70,26.189
73:16,6,0,0.0,0,0,0.4082,0.0,0.0,,0.0
73:17,8,0,0.0,0,0,0.3536,0.0,0.0,,0.0
73:18,6,15.2793,15.2793,15.2793,15.2793,0.4082,6.2377,4.88e-06,19:61,15.2793
73:19,9,1802.5549,1294.8274,1761.8008,1802.5549,0.3333,600.8516,0.00046981,76:29,1294.8274
73:20,78,13930.0864,1256.3283,2760.3497,3529.1274,0.1132,399.595,0.00031245,2:110,1256.3283
74:1,2,0,0.0,0,0,0.7071,0.0,0.0,,0.0
74:2,2,0,0.0,0,0,0.7071,0.0,0.0,,0.0
74:3,2,0,0.0,0,0,0.7071,0.0,0.0,,0.0
74:4,2,0,0.0,0,0,0.7071,0.0,0.0,,0.0
74:5,2,0,0.0,0,0,0.7071,0.0,0.0,,0.0
74:6,3,0,0.0,0,0,0.5774,0.0,0.0,,0.0
74:7,2,0,0.0,0,0,0.7071,0.0,0.0,,0.0
74:8,4,0,0.0,0,0,0.5,0.0,0.0,,0.0
74:9,4,0,0.0,0,0,0.5,0.0,0.0,,0.0
74:10,4,114.1265,12.6807,63.4036,114.1265,0.5,57.0632,4.462e-05,2:89,12.6807
74:11,4,0,0.0,0,0,0.5,0.0,0.0,,0.0
74:12,4,0,0.0,0,0,0.5,0.0,0.0,,0.0
74:13,2,0,0.0,0,0,0.7071,0.0,0.0,,0.0
74:14,3,0,0.0,0,0,0.5774,0.0,0.0,,0.0
74:15,4,0,0.0,0,0,0.5,0.0,0.0,,0.0
74:16,5,322.9268,15.2793,57.7134,110.7561,0.4472,49.5316,3.873e-05,74:54,15.2793
74:17,2,0,0.0,0,0,0.7071,0.0,0.0,,0.0
74:18,3,0,0.0,0,0,0.5774,0.0,0.0,,0.0
74:19,3,15.2793,15.2793,15.2793,15.2793,0.5774,8.8215,6.9e-06,74:20,15.2793
74:20,4,15.2793,15.2793,15.2793,15.2793,0.5,7.6396,5.97e-06,74:19,15.2793
74:21,2,0,0.0,0,0,0.7071,0.0,0.0,,0.0
74:22,3,0,0.0,0,0,0.5774,0.0,0.0,,0.0
74:23,3,15.2793,15.2793,15.2793,15.2793,0.5774,8.8215,6.9e-06,79:22,15.2793
74:24,6,1420.7637,139.7964,698.9822,932.3417,0.4082,380.6269,0.00029762,5:110,139.7964
74:25,5,924.632,45.5048,227.524,455.048,0.4472,203.5037,0.00015912,5:110,45.5048
74:26,2,0,0.0,0,0,0.7071,0.0,0.0,,0.0
74:27,4,553.8189,49.2382,246.1911,492.3823,0.5,246.1911,0.0001925,69:3,49.2382
74:28,4,0,0.0,0,0,0.5,0.0,0.0,,0.0
74:29,2,0,0.0,0,0,0.7071,0.0,0.0,,0.0
74:30,3,0,0.0,0,0,0.5774,0.0,0.0,,0.0
74:31,57,7317.65,571.3503,1830.4649,2484.1909,0.1325,329.0391,0.00025728,14:4,571.3503
74:32,2,0,0.0,0,0,0.7071,0.0,0.0,,0.0
74:33,3,0,0.0,0,0,0.5774,0.0,0.0,,0.0
74:34,3,15.2793,15.2793,15.2793,15.2793,0.5774,8.8215,6.9e-06,81:18,15.2793
74:35,3,0,0.0,0,0,0.5774,0.0,0.0,,0.0
74:36,2,0,0.0,0,0,0.7071,0.0,0.0,,0.0
74:37,7,182.2007,167.4968,182.2007,182.2007,0.378,68.8654,5.385e-05,81:28,167.4968
74:38,5,767.0971,150.7992,559.7511,620.2696,0.4472,277.393,0.0002169,13:33,150.7992
74:39,3,42.7729,14.2576,42.7729,42.7729,0.5774,24.6949,1.931e-05,56:27,14.2576
74:40,3,156.7853,12.0604,60.302,120.6041,0.5774,69.6308,5.445e-05,9:72,12.0604
74:41,2,0,0.0,0,0,0.7071,0.0,0.0,,0.0
74:42,4,0,0.0,0,0,0.5,0.0,0.0,,0.0
74:43,5,0,0.0,0,0,0.4472,0.0,0.0,,0.0
74:44,4,0,0.0,0,0,0.5,0.0,0.0,,0.0
74:45,4,0,0.0,0,0,0.5,0.0,0.0,,0.0
74:46,4,29.4078,14.7039,29.4078,29.4078,0.5,14.7039,1.15e-05,70:26,14.7039
74:47,3,0,0.0,0,0,0.5774,0.0,0.0,,0.0
74:48,4,0,0.0,0,0,0.5,0.0,0.0,,0.0
74:49,5,15.2793,15.2793,15.2793,15.2793,0.4472,6.8331,5.34e-06,84:20,15.2793
74:50,3,0,0.0,0,0,0.5774,0.0,0.0,,0.0
74:51,3,0,0.0,0,0,0.5774,0.0,0.0,,0.0
74:52,9,316.548,164.2779,223.798,290.3839,0.3333,96.7946,7.569e-05,70:38,164.2779
74:53,5,154.054,58.0362,113.2999,154.054,0.4472,68.895,5.387e-05,89:17,58.0362
74:54,3,15.2793,15.2793,15.2793,15.2793,0.5774,8.8215,6.9e-06,74:16,15.2793
74:55,3,113.7613,59.4225,113.7613,113.7613,0.5774,65.6801,5.136e-05,80:12,59.4225
74:56,11,1658.964,141.0874,705.4371,940.762,0.3015,283.6504,0.00022179,6:111,141.0874
75:1,4,15.2793,15.2793,15.2793,15.2793,0.5,7.6396,5.97e-06,90:1,15.2793
75:2,4,0,0.0,0,0,0.5,0.0,0.0,,0.0
75:3,5,15.2793,15.2793,15.2793,15.2793,0.4472,6.8331,5.34e-06,75:36,15.2793
75:4,6,206.7308,11.485,57.4252,114.8504,0.4082,46.8875,3.666e-05,6:37,11.485
75:5,5,15.2793,15.2793,15.2793,15.2793,0.4472,6.8331,5.34e-06,74:52,15.2793
75:6,4,561.3102,15.2793,52.2983,98.5721,0.5,49.2861,3.854e-05,51:12,15.2793
75:7,3,0,0.0,0,0,0.5774,0.0,0.0,,0.0
75:8,2,0,0.0,0,0,0.7071,0.0,0.0,,0.0
75:9,3,91.5744,13.0821,65.4103,91.5744,0.5774,52.8705,4.134e-05,13:2,13.0821
75:10,5,15.2793,15.2793,15.2793,15.2793,0.4472,6.8331,5.34e-06,75:13,15.2793
75:11,3,15.2793,15.2793,15.2793,15.2793,0.5774,8.8215,6.9e-06,96:19,15.2793
75:12,4,181.6506,58.1845,107.5709,169.304,0.5,84.652,6.619e-05,75:30,58.1845
75:13,6,15.2793,15.2793,15.2793,15.2793,0.4082,6.2377,4.88e-06,75:10,15.2793
75:14,5,67.9234,13.5847,67.9234,67.9234,0.4472,30.3763,2.375e-05,3:93,13.5847
75:15,3,0,0.0,0,0,0.5774,0.0,0.0,,0.0
75:16,6,0,0.0,0,0,0.4082,0.0,0.0,,0.0
75:17,4,42.7729,14.2576,42.7729,42.7729,0.5,21.3864,1.672e-05,75:19,14.2576
75:18,4,0,0.0,0,0,0.5,0.0,0.0,,0.0
75:19,4,153.2372,58.1338,113.2843,153.2372,0.5,76.6186,5.991e-05,88:26,58.1338
75:20,4,67.9234,13.5847,67.9234,67.9234,0.5,33.9617,2.656e-05,34:27,13.5847
75:21,2,0,0.0,0,0,0.7071,0.0,0.0,,0.0
75:22,3,42.7729,14.2576,42.7729,42.7729,0.5774,24.6949,1.931e-05,80:38,14.2576
75:23,3,0,0.0,0,0,0.5774,0.0,0.0,,0.0
75:24,3,15.2793,15.2793,15.2793,15.2793,0.5774,8.8215,6.9e-06,80:40,15.2793
75:25,5,0,0.0,0,0,0.4472,0.0,0.0,,0.0
75:26,4,30.5586,15.2793,30.5586,30.5586,0.5,15.2793,1.195e-05,89:21,15.2793
75:27,3,0,0.0,0,0,0.5774,0.0,0.0,,0.0
75:28,3,0,0.0,0,0,0.5774,0.0,0.0,,0.0
75:29,3,0,0.0,0,0,0.5774,0.0,0.0,,0.0
75:30,4,181.6506,58.1845,107.5709,169.304,0.5,84.652,6.619e-05,75:12,58.1845
75:31,4,0,0.0,0,0,0.5,0.0,0.0,,0.0
75:32,3,42.7729,14.2576,42.7729,42.7729,0.5774,24.6949,1.931e-05,20:48,14.2576
75:33,5,42.7729,14.2576,42.7729,42.7729,0.4472,19.1286,1.496e-05,4:92,14.2576
75:34,3,61.1171,61.1171,61.1171,61.1171,0.5774,35.286,2.759e-05,75:35,61.1171
75:35,4,61.1171,61.1171,61.1171,61.1171,0.5,30.5586,2.389e-05,75:34,61.1171
75:36,5,15.2793,15.2793,15.2793,15.2793,0.4472,6.8331,5.34e-06,75:3,15.2793
75:37,6,0,0.0,0,0,0.4082,0.0,0.0,,0.0
75:38,5,29.4078,14.7039,29.4078,29.4078,0.4472,13.1516,1.028e-05,30:10,14.7039
75:39,5,75.2457,60.5418,75.2457,75.2457,0.4472,33.6509,2.631e-05,53:45,60.5418
75:40,7,631.0986,391.7411,481.793,539.2182,0.378,203.8053,0.00015936,46:33,391.7411
76:1,11,143.5343,14.7039,67.45,130.8536,0.3015,39.4538,3.085e-05,17:83,14.7039
76:2,10,407.9262,56.3012,198.0122,266.3415,0.3162,84.2246,6.586e-05,16:4,56.3012
76:3,7,0,0.0,0,0,0.378,0.0,0.0,,0.0
76:4,6,44.6871,15.2793,44.6871,44.6871,0.4082,18.2434,1.426e-05,48:13,15.2793
76:5,8,44.6871,15.2793,44.6871,44.6871,0.3536,15.7993,1.235e-05,76:17,15.2793
76:6,7,141.0229,61.1171,114.3876,141.0229,0.378,53.3016,4.168e-05,83:28,61.1171
76:7,7,0,0.0,0,0,0.378,0.0,0.0,,0.0
76:8,7,15.2793,15.2793,15.2793,15.2793,0.378,5.775,4.52e-06,2:177,15.2793
76:9,10,567.8421,9.1587,45.7937,91.5874,0.3162,28.9625,2.265e-05,2:26,9.1587
76:10,7,15.2793,15.2793,15.2793,15.2793,0.378,5.775,4.52e-06,28:53,15.2793
76:11,8,29.4078,14.7039,29.4078,29.4078,0.3536,10.3972,8.13e-06,70:44,14.7039
76:12,5,55.572,13.893,55.572,55.572,0.4472,24.8525,1.943e-05,7:137,13.893
76:13,10,222.4934,166.1105,222.4934,222.4934,0.3162,70.3586,5.501e-05,18:31,166.1105
76:14,6,0,0.0,0,0,0.4082,0.0,0.0,,0.0
76:15,8,42.7729,14.2576,42.7729,42.7729,0.3536,15.1225,1.182e-05,43:33,14.2576
76:16,5,42.7729,14.2576,42.7729,42.7729,0.4472,19.1286,1.496e-05,43:33,14.2576
76:17,6,30.5586,15.2793,30.5586,30.5586,0.4082,12.4755,9.75e-06,52:23,15.2793
76:18,4,0,0.0,0,0,0.5,0.0,0.0,,0.0
76:19,9,76.3964,61.1171,76.3964,76.3964,0.3333,25.4655,1.991e-05,56:17,61.1171
76:20,7,15.2793,15.2793,15.2793,15.2793,0.378,5.775,4.52e-06,6:68,15.2793
76:21,13,85.5458,14.2576,71.2882,85.5458,0.2774,23.7261,1.855e-05,18:31,14.2576
76:22,8,473.04,12.6807,63.4036,124.3811,0.3536,43.9754,3.439e-05,3:13,12.6807
76:23,6,146.0969,59.7308,118.311,146.0969,0.4082,59.6438,4.664e-05,15:9,59.7308
76:24,9,251.9012,166.9214,224.1152,251.9012,0.3333,83.9671,6.566e-05,68:48,166.9214
76:25,5,131.3837,60.0955,117.126,131.3837,0.4472,58.7566,4.594e-05,73:8,60.0955
76:26,7,42.7729,14.2576,42.7729,42.7729,0.378,16.1666,1.264e-05,17:79,14.2576
76:27,8,91.5744,13.0821,65.4103,91.5744,0.3536,32.3764,2.532e-05,7:139,13.0821
76:28,9,0,0.0,0,0,0.3333,0.0,0.0,,0.0
76:29,9,1802.5549,1294.8274,1761.8008,1802.5549,0.3333,600.8516,0.00046981,73:19,1294.8274
76:30,11,6910.2596,599.466,1995.9816,2696.8412,0.3015,813.1282,0.0006358,81:29,599.466
76:31,10,1250.5794,389.9862,587.5619,655.3007,0.3162,207.2243,0.00016203,42:8,389.9862
77:1,2,0,0.0,0,0,0.7071,0.0,0.0,,0.0
77:2,2,0,0.0,0,0,0.7071,0.0,0.0,,0.0
77:3,2,0,0.0,0,0,0.7071,0.0,0.0,,0.0
77:4,2,0,0.0,0,0,0.7071,0.0,0.0,,0.0
77:5,2,0,0.0,0,0,0.7071,0.0,0.0,,0.0
77:6,3,0,0.0,0,0,0.5774,0.0,0.0,,0.0
77:7,3,15.2793,15.2793,15.2793,15.2793,0.5774,8.8215,6.9e-06,51:5,15.2793
77:8,3,0,0.0,0,0,0.5774,0.0,0.0,,0.0
77:9,3,15.2793,15.2793,15.2793,15.2793,0.5774,8.8215,6.9e-06,81:11,15.2793
77:10,3,15.2793,15.2793,15.2793,15.2793,0.5774,8.8215,6.9e-06,81:3,15.2793
77:11,3,0,0.0,0,0,0.5774,0.0,0.0,,0.0
77:12,3,0,0.0,0,0,0.5774,0.0,0.0,,0.0
77:13,2,0,0.0,0,0,0.7071,0.0,0.0,,0.0
77:14,5,758.7315,154.4671,358.492,604.6831,0.4472,270.4225,0.00021145,82:17,154.4671
77:15,3,511.0136,49.8667,249.3335,498.667,0.5774,287.9055,0.00022512,77:19,49.8667
77:16,3,0,0.0,0,0,0.5774,0.0,0.0,,0.0
77:17,3,0,0.0,0,0,0.5774,0.0,0.0,,0.0
77:18,3,61.1171,61.1171,61.1171,61.1171,0.5774,35.286,2.759e-05,37:34,61.1171
77:19,3,511.0136,49.8667,249.3335,498.667,0.5774,287.9055,0.00022512,77:15,49.8667
77:20,5,125.7436,59.1555,112.426,125.7436,0.4472,56.2343,4.397e-05,32:8,59.1555
77:21,4,61.1171,61.1171,61.1171,61.1171,0.5,30.5586,2.389e-05,23:13,61.1171
77:22,3,0,0.0,0,0,0.5774,0.0,0.0,,0.0
77:23,3,0,0.0,0,0,0.5774,0.0,0.0,,0.0
77:24,3,511.0136,49.8667,249.3335,498.667,0.5774,287.9055,0.00022512,77:15,49.8667
77:25,4,75.2457,60.5418,75.2457,75.2457,0.5,37.6228,2.942e-05,78:6,60.5418
77:26,2,0,0.0,0,0,0.7071,0.0,0.0,,0.0
77:27,7,84.9798,14.7039,71.0868,84.9798,0.378,32.1193,2.511e-05,21:31,14.7039
77:28,3,511.0136,49.8667,249.3335,498.667,0.5774,287.9055,0.00022512,77:15,49.8667
77:29,6,624.5063,55.855,237.6052,302.2128,0.4082,123.3779,9.647e-05,32:20,55.855
77:30,6,15.2793,15.2793,15.2793,15.2793,0.4082,6.2377,4.88e-06,77:29,15.2793
77:31,6,116.1044,59.0738,116.1044,116.1044,0.4082,47.3994,3.706e-05,88:7,59.0738
77:32,4,0,0.0,0,0,0.5,0.0,0.0,,0.0
77:33,3,0,0.0,0,0,0.5774,0.0,0.0,,0.0
77:34,3,511.0136,49.8667,249.3335,498.667,0.5774,287.9055,0.00022512,77:15,49.8667
77:35,4,230.9978,15.2793,68.5498,132.2249,0.5,66.1124,5.169e-05,27:85,15.2793
77:36,4,0,0.0,0,0,0.5,0.0,0.0,,0.0
77:37,3,511.0136,49.8667,249.3335,498.667,0.5774,287.9055,0.00022512,77:15,49.8667
77:38,5,166.0363,57.7692,112.7658,166.0363,0.4472,74.2537,5.806e-05,37:21,57.7692
77:39,5,240.8656,55.6732,152.1006,215.5042,0.4472,96.3764,7.536e-05,4:12,55.6732
77:40,3,511.0136,49.8667,249.3335,498.667,0.5774,287.9055,0.00022512,77:15,49.8667
77:41,5,301.1016,54.3388,271.6938,301.1016,0.4472,134.6567,0.00010529,15:45,54.3388
77:42,3,29.4078,14.7039,29.4078,29.4078,0.5774,16.9786,1.328e-05,52:22,14.7039
77:43,6,1659.4113,603.7374,900.5715,1126.4671,0.4082,459.8783,0.00035959,52:19,603.7374
77:44,4,775.9855,149.33,649.7072,714.2525,0.5,357.1262,0.00027924,37:80,149.33
77:45,3,511.0136,49.8667,249.3335,498.667,0.5774,287.9055,0.00022512,77:15,49.8667
77:46,5,15.2793,15.2793,15.2793,15.2793,0.4472,6.8331,5.34e-06,44:15,15.2793
77:47,3,511.0136,49.8667,249.3335,498.667,0.5774,287.9055,0.00022512,77:15,49.8667
77:48,6,686.2745,47.5943,237.9717,475.9434,0.4082,194.3031,0.00015193,2:11,47.5943
77:49,3,511.0136,49.8667,249.3335,498.667,0.5774,287.9055,0.00022512,77:15,49.8667
77:50,4,182.2007,167.4968,182.2007,182.2007,0.5,91.1003,7.123e-05,7:185,167.4968
78:1,2,0,0.0,0,0,0.7071,0.0,0.0,,0.0
78:2,3,0,0.0,0,0,0.5774,0.0,0.0,,0.0
78:3,4,101.4098,59.7308,101.4098,101.4098,0.5,50.7049,3.965e-05,27:76,59.7308
78:4,2,15.2793,15.2793,15.2793,15.2793,0.7071,10.8041,8.45e-06,78:5,15.2793
78:5,3,30.5586,15.2793,30.5586,30.5586,0.5774,17.643,1.38e-05,78:4,15.2793
78:6,4,104.6535,60.5418,104.6535,104.6535,0.5,52.3268,4.092e-05,77:25,60.5418
78:7,2,0,0.0,0,0,0.7071,0.0,0.0,,0.0
78:8,2,0,0.0,0,0,0.7071,0.0,0.0,,0.0
78:9,3,0,0.0,0,0,0.5774,0.0,0.0,,0.0
78:10,3,30.5586,15.2793,30.5586,30.5586,0.5774,17.643,1.38e-05,25:47,15.2793
78:11,3,0,0.0,0,0,0.5774,0.0,0.0,,0.0
78:12,4,0,0.0,0,0,0.5,0.0,0.0,,0.0
78:13,3,0,0.0,0,0,0.5774,0.0,0.0,,0.0
78:14,5,42.7729,14.2576,42.7729,42.7729,0.4472,19.1286,1.496e-05,23:18,14.2576
78:15,4,0,0.0,0,0,0.5,0.0,0.0,,0.0
78:16,2,0,0.0,0,0,0.7071,0.0,0.0,,0.0
78:17,5,101.4098,59.7308,101.4098,101.4098,0.4472,45.3518,3.546e-05,44:40,59.7308
78:18,6,448.3001,158.3811,397.5772,448.3001,0.4082,183.0177,0.0001431,6:73,158.3811
78:19,4,15.2793,15.2793,15.2793,15.2793,0.5,7.6396,5.97e-06,55:37,15.2793
78:20,4,0,0.0,0,0,0.5,0.0,0.0,,0.0
78:21,4,0,0.0,0,0,0.5,0.0,0.0,,0.0
78:22,2,0,0.0,0,0,0.7071,0.0,0.0,,0.0
78:23,3,0,0.0,0,0,0.5774,0.0,0.0,,0.0
78:24,6,61.1171,61.1171,61.1171,61.1171,0.4082,24.951,1.951e-05,44:56,61.1171
78:25,3,0,0.0,0,0,0.5774,0.0,0.0,,0.0
78:26,2,0,0.0,0,0,0.7071,0.0,0.0,,0.0
78:27,5,439.3235,56.7475,110.018,174.821,0.4472,78.1823,6.113e-05,25:40,56.7475
78:28,3,91.5744,13.0821,65.4103,91.5744,0.5774,52.8705,4.134e-05,2:39,13.0821
78:29,4,101.4098,59.7308,101.4098,101.4098,0.5,50.7049,3.965e-05,36:12,59.7308
78:30,5,0,0.0,0,0,0.4472,0.0,0.0,,0.0
78:31,3,15.2793,15.2793,15.2793,15.2793,0.5774,8.8215,6.9e-06,68:34,15.2793
78:32,2,0,0.0,0,0,0.7071,0.0,0.0,,0.0
78:33,2,0,0.0,0,0,0.7071,0.0,0.0,,0.0
78:34,2,0,0.0,0,0,0.7071,0.0,0.0,,0.0
78:35,6,637.3941,388.9092,586.6713,637.3941,0.4082,260.2151,0.00020347,56:25,388.9092
78:36,5,400.124,15.2793,68.418,120.2471,0.4472,53.7761,4.205e-05,11:108,15.2793
78:37,10,4451.6803,322.0094,1610.0468,2218.9533,0.3162,701.6947,0.00054867,19:65,322.0094
78:38,14,879.5767,390.6076,449.4233,498.3044,0.2673,133.1774,0.00010413,20:109,390.6076
78:39,9,873.9707,380.3718,805.4307,873.9707,0.3333,291.3236,0.00022779,73:19,380.3718
78:40,15,116.6891,59.7308,116.6891,116.6891,0.2582,30.129,2.356e-05,18:57,59.7308
79:1,2,0,0.0,0,0,0.7071,0.0,0.0,,0.0
79:2,2,0,0.0,0,0,0.7071,0.0,0.0,,0.0
79:3,2,0,0.0,0,0,0.7071,0.0,0.0,,0.0
79:4,2,0,0.0,0,0,0.7071,0.0,0.0,,0.0
79:5,2,0,0.0,0,0,0.7071,0.0,0.0,,0.0
79:6,3,15.2793,15.2793,15.2793,15.2793,0.5774,8.8215,6.9e-06,73:14,15.2793
79:7,2,0,0.0,0,0,0.7071,0.0,0.0,,0.0
79:8,3,0,0.0,0,0,0.5774,0.0,0.0,,0.0
79:9,2,0,0.0,0,0,0.7071,0.0,0.0,,0.0
79:10,5,0,0.0,0,0,0.4472,0.0,0.0,,0.0
79:11,4,143.7955,58.0048,143.7955,143.7955,0.5,71.8977,5.622e-05,17:49,58.0048
79:12,5,15.2793,15.2793,15.2793,15.2793,0.4472,6.8331,5.34e-06,53:22,15.2793
79:13,4,168.0721,168.0721,168.0721,168.0721,0.5,84.0361,6.571e-05,37:19,168.0721
79:14,3,114.1265,12.6807,63.4036,114.1265,0.5774,65.8909,5.152e-05,6:44,12.6807
79:15,4,229.7285,59.7308,229.7285,229.7285,0.5,114.8643,8.981e-05,20:9,59.7308
79:16,6,61.1171,61.1171,61.1171,61.1171,0.4082,24.951,1.951e-05,20:12,61.1171
79:17,5,683.0135,387.9806,585.4263,646.4183,0.4472,289.087,0.00022604,20:24,387.9806
79:18,6,0,0.0,0,0,0.4082,0.0,0.0,,0.0
79:19,4,135.8127,12.3466,61.7331,123.4661,0.5,61.7331,4.827e-05,12:50,12.3466
79:20,3,0,0.0,0,0,0.5774,0.0,0.0,,0.0
79:21,2,0,0.0,0,0,0.7071,0.0,0.0,,0.0
79:22,3,15.2793,15.2793,15.2793,15.2793,0.5774,8.8215,6.9e-06,74:23,15.2793
79:23,2,0,0.0,0,0,0.7071,0.0,0.0,,0.0
79:24,4,0,0.0,0,0,0.5,0.0,0.0,,0.0
79:25,5,15.2793,15.2793,15.2793,15.2793,0.4472,6.8331,5.34e-06,53:25,15.2793
79:26,6,2173.4413,141.0447,396.4412,587.0275,0.4082,239.653,0.00018739,3:13,141.0447
79:27,6,61.1171,61.1171,61.1171,61.1171,0.4082,24.951,1.951e-05,37:11,61.1171
79:28,3,0,0.0,0,0,0.5774,0.0,0.0,,0.0
79:29,4,0,0.0,0,0,0.5,0.0,0.0,,0.0
79:30,4,244.6488,11.1204,55.602,111.204,0.5,55.602,4.348e-05,2:52,11.1204
79:31,4,15.2793,15.2793,15.2793,15.2793,0.5,7.6396,5.97e-06,7:18,15.2793
79:32,2,0,0.0,0,0,0.7071,0.0,0.0,,0.0
79:33,3,75.2457,60.5418,75.2457,75.2457,0.5774,43.4431,3.397e-05,80:32,60.5418
79:34,4,15.2793,15.2793,15.2793,15.2793,0.5,7.6396,5.97e-06,80:33,15.2793
79:35,5,86.1305,15.2793,72.2375,86.1305,0.4472,38.5187,3.012e-05,53:39,15.2793
79:36,4,15.2793,15.2793,15.2793,15.2793,0.5,7.6396,5.97e-06,26:91,15.2793
79:37,3,67.9234,13.5847,67.9234,67.9234,0.5774,39.2156,3.066e-05,28:67,13.5847
79:38,3,546.0309,9.2548,46.2738,92.5476,0.5774,53.4324,4.178e-05,2:85,9.2548
79:39,4,15.2793,15.2793,15.2793,15.2793,0.5,7.6396,5.97e-06,79:41,15.2793
79:40,9,156.3022,61.1171,116.3493,156.3022,0.3333,52.1007,4.074e-05,55:46,61.1171
79:41,4,15.2793,15.2793,15.2793,15.2793,0.5,7.6396,5.97e-06,79:39,15.2793
79:42,5,464.0341,394.9914,450.4494,464.0341,0.4472,207.5224,0.00016226,7:187,394.9914
79:43,4,42.7729,14.2576,42.7729,42.7729,0.5,21.3864,1.672e-05,21:55,14.2576
79:44,3,135.8127,12.3466,61.7331,123.4661,0.5774,71.2832,5.574e-05,12:50,12.3466
79:45,5,125.7436,59.1555,112.426,125.7436,0.4472,56.2343,4.397e-05,13:7,59.1555
79:46,9,132.9106,74.095,132.9106,132.9106,0.3333,44.3035,3.464e-05,46:35,74.095
80:1,2,0,0.0,0,0,0.7071,0.0,0.0,,0.0
80:2,3,0,0.0,0,0,0.5774,0.0,0.0,,0.0
80:3,4,29.4078,14.7039,29.4078,29.4078,0.5,14.7039,1.15e-05,33:63,14.7039
80:4,4,0,0.0,0,0,0.5,0.0,0.0,,0.0
80:5,3,15.2793,15.2793,15.2793,15.2793,0.5774,8.8215,6.9e-06,18:87,15.2793
80:6,3,0,0.0,0,0,0.5774,0.0,0.0,,0.0
80:7,4,15.2793,15.2793,15.2793,15.2793,0.5,7.6396,5.97e-06,42:48,15.2793
80:8,4,79.9058,13.3176,66.5881,79.9058,0.5,39.9529,3.124e-05,18:88,13.3176
80:9,2,0,0.0,0,0,0.7071,0.0,0.0,,0.0
80:10,3,0,0.0,0,0,0.5774,0.0,0.0,,0.0
80:11,3,29.4078,14.7039,29.4078,29.4078,0.5774,16.9786,1.328e-05,23:100,14.7039
80:12,3,113.7613,59.4225,113.7613,113.7613,0.5774,65.6801,5.136e-05,74:55,59.4225
80:13,3,15.2793,15.2793,15.2793,15.2793,0.5774,8.8215,6.9e-06,53:36,15.2793
80:14,2,0,0.0,0,0,0.7071,0.0,0.0,,0.0
80:15,2,0,0.0,0,0,0.7071,0.0,0.0,,0.0
80:16,2,0,0.0,0,0,0.7071,0.0,0.0,,0.0
80:17,4,55.572,13.893,55.572,55.572,0.5,27.786,2.173e-05,79:35,13.893
80:18,4,44.6871,15.2793,44.6871,44.6871,0.5,22.3436,1.747e-05,6:19,15.2793
80:19,4,102.9707,12.8713,64.3567,102.9707,0.5,51.4854,4.026e-05,16:4,12.8713
80:20,3,0,0.0,0,0,0.5774,0.0,0.0,,0.0
80:21,3,0,0.0,0,0,0.5774,0.0,0.0,,0.0
80:22,4,91.5744,13.0821,65.4103,91.5744,0.5,45.7872,3.58e-05,16:53,13.0821
80:23,5,15.2793,15.2793,15.2793,15.2793,0.4472,6.8331,5.34e-06,11:111,15.2793
80:24,4,15.2793,15.2793,15.2793,15.2793,0.5,7.6396,5.97e-06,86:5,15.2793
80:25,4,0,0.0,0,0,0.5,0.0,0.0,,0.0
80:26,4,0,0.0,0,0,0.5,0.0,0.0,,0.0
80:27,3,15.2793,15.2793,15.2793,15.2793,0.5774,8.8215,6.9e-06,31:10,15.2793
80:28,2,0,0.0,0,0,0.7071,0.0,0.0,,0.0
80:29,2,0,0.0,0,0,0.7071,0.0,0.0,,0.0
80:30,2,0,0.0,0,0,0.7071,0.0,0.0,,0.0
80:31,2,0,0.0,0,0,0.7071,0.0,0.0,,0.0
80:32,3,75.2457,60.5418,75.2457,75.2457,0.5774,43.4431,3.397e-05,79:33,60.5418
80:33,3,15.2793,15.2793,15.2793,15.2793,0.5774,8.8215,6.9e-06,79:34,15.2793
80:34,5,15.2793,15.2793,15.2793,15.2793,0.4472,6.8331,5.34e-06,2:178,15.2793
80:35,2,0,0.0,0,0,0.7071,0.0,0.0,,0.0
80:36,2,0,0.0,0,0,0.7071,0.0,0.0,,0.0
80:37,6,88.6108,60.0955,88.6108,88.6108,0.4082,36.1752,2.829e-05,24:11,60.0955
80:38,3,42.7729,14.2576,42.7729,42.7729,0.5774,24.6949,1.931e-05,75:22,14.2576
80:39,2,0,0.0,0,0,0.7071,0.0,0.0,,0.0
80:40,4,15.2793,15.2793,15.2793,15.2793,0.5,7.6396,5.97e-06,75:24,15.2793
80:41,2,0,0.0,0,0,0.7071,0.0,0.0,,0.0
80:42,4,216.3618,11.3875,56.9373,113.8746,0.5,56.9373,4.452e-05,2:27,11.3875
81:1,3,0,0.0,0,0,0.5774,0.0,0.0,,0.0
81:2,3,0,0.0,0,0,0.5774,0.0,0.0,,0.0
81:3,3,15.2793,15.2793,15.2793,15.2793,0.5774,8.8215,6.9e-06,77:10,15.2793
81:4,3,0,0.0,0,0,0.5774,0.0,0.0,,0.0
81:5,3,0,0.0,0,0,0.5774,0.0,0.0,,0.0
81:6,3,15.2793,15.2793,15.2793,15.2793,0.5774,8.8215,6.9e-06,82:3,15.2793
81:7,3,0,0.0,0,0,0.5774,0.0,0.0,,0.0
81:8,3,0,0.0,0,0,0.5774,0.0,0.0,,0.0
81:9,3,0,0.0,0,0,0.5774,0.0,0.0,,0.0
81:10,3,0,0.0,0,0,0.5774,0.0,0.0,,0.0
81:11,3,15.2793,15.2793,15.2793,15.2793,0.5774,8.8215,6.9e-06,77:9,15.2793
81:12,3,0,0.0,0,0,0.5774,0.0,0.0,,0.0
81:13,3,0,0.0,0,0,0.5774,0.0,0.0,,0.0
81:14,4,181.6506,58.1845,107.5709,169.304,0.5,84.652,6.619e-05,82:5,58.1845
81:15,3,55.572,13.893,55.572,55.572,0.5774,32.0845,2.509e-05,56:75,13.893
81:16,2,0,0.0,0,0,0.7071,0.0,0.0,,0.0
81:17,3,55.572,13.893,55.572,55.572,0.5774,32.0845,2.509e-05,89:4,13.893
81:18,3,15.2793,15.2793,15.2793,15.2793,0.5774,8.8215,6.9e-06,74:34,15.2793
81:19,4,196.3292,166.9214,196.3292,196.3292,0.5,98.1646,7.676e-05,69:40,166.9214
81:20,6,15.2793,15.2793,15.2793,15.2793,0.4082,6.2377,4.88e-06,17:42,15.2793
81:21,3,0,0.0,0,0,0.5774,0.0,0.0,,0.0
81:22,3,0,0.0,0,0,0.5774,0.0,0.0,,0.0
81:23,4,15.2793,15.2793,15.2793,15.2793,0.5,7.6396,5.97e-06,53:13,15.2793
81:24,5,147.6578,15.2793,70.4298,134.7865,0.4472,60.2784,4.713e-05,3:179,15.2793
81:25,5,164.0879,58.7092,112.6025,164.0879,0.4472,73.3823,5.738e-05,69:41,58.7092
81:26,2,0,0.0,0,0,0.7071,0.0,0.0,,0.0
81:27,5,1383.4941,366.011,1084.2939,1333.6274,0.4472,596.4163,0.00046635,12:104,366.011
81:28,5,182.2007,167.4968,182.2007,182.2007,0.4472,81.4826,6.371e-05,74:37,167.4968
81:29,8,2466.1515,599.466,1163.8156,1505.2355,0.3536,532.1811,0.00041612,76:30,599.466
82:1,3,15.2793,15.2793,15.2793,15.2793,0.5774,8.8215,6.9e-06,84:1,15.2793
82:2,3,0,0.0,0,0,0.5774,0.0,0.0,,0.0
82:3,3,15.2793,15.2793,15.2793,15.2793,0.5774,8.8215,6.9e-06,81:6,15.2793
82:4,3,0,0.0,0,0,0.5774,0.0,0.0,,0.0
82:5,5,267.7811,58.1845,156.6616,218.3947,0.4472,97.6691,7.637e-05,81:14,58.1845
82:6,6,70.8512,15.2793,70.8512,70.8512,0.4082,28.9249,2.262e-05,84:6,15.2793
82:7,4,0,0.0,0,0,0.5,0.0,0.0,,0.0
82:8,6,91.5744,13.0821,65.4103,91.5744,0.4082,37.3851,2.923e-05,6:128,13.0821
82:9,4,67.9234,13.5847,67.9234,67.9234,0.5,33.9617,2.656e-05,34:27,13.5847
82:10,3,0,0.0,0,0,0.5774,0.0,0.0,,0.0
82:11,2,0,0.0,0,0,0.7071,0.0,0.0,,0.0
82:12,3,29.4078,14.7039,29.4078,29.4078,0.5774,16.9786,1.328e-05,16:91,14.7039
82:13,4,196.3292,166.9214,196.3292,196.3292,0.5,98.1646,7.676e-05,83:22,166.9214
82:14,4,15.2793,15.2793,15.2793,15.2793,0.5,7.6396,5.97e-06,83:7,15.2793
82:15,3,114.1265,12.6807,63.4036,114.1265,0.5774,65.8909,5.152e-05,1:4,12.6807
82:16,4,129.4058,15.2793,66.0022,129.4058,0.5,64.7029,5.059e-05,37:47,15.2793
82:17,5,908.9617,160.6666,462.8484,709.0395,0.4472,317.0921,0.00024794,82:18,160.6666
82:18,6,440.4064,160.6666,255.0189,318.4225,0.4082,129.9954,0.00010165,82:17,160.6666
82:19,9,151.092,15.2793,64.6657,126.3988,0.3333,42.1329,3.294e-05,22:56,15.2793
83:1,2,0,0.0,0,0,0.7071,0.0,0.0,,0.0
83:2,6,182.0499,13.5847,67.9234,131.327,0.4082,53.614,4.192e-05,2:156,13.5847
83:3,5,0,0.0,0,0,0.4472,0.0,0.0,,0.0
83:4,5,0,0.0,0,0,0.4472,0.0,0.0,,0.0
83:5,2,0,0.0,0,0,0.7071,0.0,0.0,,0.0
83:6,5,72.1807,14.7039,72.1807,72.1807,0.4472,32.2802,2.524e-05,14:41,14.7039
83:7,6,131.3837,59.0738,117.126,131.3837,0.4082,53.6372,4.194e-05,83:18,59.0738
83:8,4,553.8189,49.2382,246.1911,492.3823,0.5,246.1911,0.0001925,69:3,49.2382
83:9,2,15.2793,15.2793,15.2793,15.2793,0.7071,10.8041,8.45e-06,83:20,15.2793
83:10,3,511.0136,49.8667,249.3335,498.667,0.5774,287.9055,0.00022512,77:15,49.8667
83:11,4,29.4078,14.7039,29.4078,29.4078,0.5,14.7039,1.15e-05,70:26,14.7039
83:12,7,73.3315,15.2793,73.3315,73.3315,0.378,27.7167,2.167e-05,68:12,15.2793
83:13,7,1027.3392,849.9089,950.1112,1014.4679,0.378,383.4328,0.00029981,68:15,849.9089
83:14,8,929.5868,50.3604,178.2506,243.6979,0.3536,86.1602,6.737e-05,15:84,50.3604
83:15,6,15.2793,15.2793,15.2793,15.2793,0.4082,6.2377,4.88e-06,26:212,15.2793
83:16,4,0,0.0,0,0,0.5,0.0,0.0,,0.0
83:17,7,784.6133,156.0413,679.4542,745.3671,0.378,281.7223,0.00022028,32:20,156.0413
83:18,6,145.5122,59.0738,116.9969,145.5122,0.4082,59.4051,4.645e-05,83:7,59.0738
83:19,4,553.8189,49.2382,246.1911,492.3823,0.5,246.1911,0.0001925,69:3,49.2382
83:20,2,15.2793,15.2793,15.2793,15.2793,0.7071,10.8041,8.45e-06,83:9,15.2793
83:21,2,0,0.0,0,0,0.7071,0.0,0.0,,0.0
83:22,4,196.3292,166.9214,196.3292,196.3292,0.5,98.1646,7.676e-05,82:13,166.9214
83:23,3,101.4098,59.7308,101.4098,101.4098,0.5774,58.549,4.578e-05,83:35,59.7308
83:24,5,30.5586,15.2793,30.5586,30.5586,0.4472,13.6662,1.069e-05,22:72,15.2793
83:25,4,0,0.0,0,0,0.5,0.0,0.0,,0.0
83:26,6,0,0.0,0,0,0.4082,0.0,0.0,,0.0
83:27,3,0,0.0,0,0,0.5774,0.0,0.0,,0.0
83:28,4,61.1171,61.1171,61.1171,61.1171,0.5,30.5586,2.389e-05,76:6,61.1171
83:29,8,2454.476,46.3849,182.5404,263.005,0.3536,92.9863,7.271e-05,2:212,46.3849
83:30,4,15.2793,15.2793,15.2793,15.2793,0.5,7.6396,5.97e-06,25:72,15.2793
83:31,6,75.2457,60.5418,75.2457,75.2457,0.4082,30.7189,2.402e-05,12:62,60.5418
83:32,6,227.3871,13.0821,65.4103,128.6143,0.4082,52.5065,4.106e-05,7:139,13.0821
83:33,4,0,0.0,0,0,0.5,0.0,0.0,,0.0
83:34,6,1352.6599,52.32,103.4758,138.7635,0.4082,56.65,4.43e-05,5:54,52.32
83:35,3,101.4098,59.7308,101.4098,101.4098,0.5774,58.549,4.578e-05,83:23,59.7308
83:36,6,567.2556,54.3147,101.8271,149.3198,0.4082,60.9596,4.767e-05,5:79,54.3147
84:1,3,15.2793,15.2793,15.2793,15.2793,0.5774,8.8215,6.9e-06,82:1,15.2793
84:2,3,61.1171,61.1171,61.1171,61.1171,0.5774,35.286,2.759e-05,84:5,61.1171
84:3,3,0,0.0,0,0,0.5774,0.0,0.0,,0.0
84:4,4,0,0.0,0,0,0.5,0.0,0.0,,0.0
84:5,3,61.1171,61.1171,61.1171,61.1171,0.5774,35.286,2.759e-05,84:2,61.1171
84:6,8,151.092,15.2793,64.6657,126.3988,0.3536,44.6887,3.494e-05,82:6,15.2793
84:7,5,615.0648,389.3895,574.3107,615.0648,0.4472,275.0653,0.00021508,69:19,389.3895
84:8,4,0,0.0,0,0,0.5,0.0,0.0,,0.0
84:9,4,58.0522,15.2793,58.0522,58.0522,0.5,29.0261,2.27e-05,84:13,15.2793
84:10,6,355.4721,161.6592,302.2016,355.4721,0.4082,145.1209,0.00011347,69:25,161.6592
84:11,3,0,0.0,0,0,0.5774,0.0,0.0,,0.0
84:12,2,0,0.0,0,0,0.7071,0.0,0.0,,0.0
84:13,5,437.0533,15.2793,66.0022,129.4058,0.4472,57.872,4.525e-05,84:9,15.2793
84:14,5,125.067,12.5067,62.5335,125.067,0.4472,55.9316,4.373e-05,21:87,12.5067
84:15,6,44.6871,15.2793,44.6871,44.6871,0.4082,18.2434,1.426e-05,4:127,15.2793
84:16,3,55.572,13.893,55.572,55.572,0.5774,32.0845,2.509e-05,56:75,13.893
84:17,3,0,0.0,0,0,0.5774,0.0,0.0,,0.0
84:18,3,15.2793,15.2793,15.2793,15.2793,0.5774,8.8215,6.9e-06,91:2,15.2793
84:19,4,0,0.0,0,0,0.5,0.0,0.0,,0.0
84:20,4,474.1936,15.2793,67.9603,117.501,0.5,58.7505,4.594e-05,74:49,15.2793
84:21,6,30.5586,15.2793,30.5586,30.5586,0.4082,12.4755,9.75e-06,7:204,15.2793
84:22,4,1098.2574,51.3916,132.493,171.1236,0.5,85.5618,6.69e-05,38:2,51.3916
84:23,4,445.5484,51.5258,257.6288,319.2129,0.5,159.6065,0.0001248,3:36,51.5258
84:24,3,168.1293,57.4294,154.8117,168.1293,0.5774,97.0695,7.59e-05,3:21,57.4294
84:25,9,8100.1788,995.5721,2305.3391,3502.517,0.3333,1167.5057,0.00091289,41:8,995.5721
85:1,3,29.4078,14.7039,29.4078,29.4078,0.5774,16.9786,1.328e-05,51:7,14.7039
85:2,2,0,0.0,0,0,0.7071,0.0,0.0,,0.0
85:3,2,0,0.0,0,0,0.7071,0.0,0.0,,0.0
85:4,3,0,0.0,0,0,0.5774,0.0,0.0,,0.0
85:5,3,0,0.0,0,0,0.5774,0.0,0.0,,0.0
85:6,4,15.2793,15.2793,15.2793,15.2793,0.5,7.6396,5.97e-06,5:11,15.2793
85:7,6,403.189,56.2037,102.5804,154.4095,0.4082,63.0374,4.929e-05,10:46,56.2037
85:8,9,648.7702,24.534,101.542,158.2679,0.3333,52.756,4.125e-05,9:74,24.534
85:9,10,7588.3936,788.8298,2169.5093,3021.3394,0.3162,955.4314,0.00074707,3:189,788.8298
85:10,14,1207.19,19.7116,98.558,176.3218,0.2673,47.124,3.685e-05,2:174,19.7116
85:11,14,17870.8168,722.4887,2803.1273,4821.9442,0.2673,1288.7188,0.00100767,31:8,722.4887
85:12,4,15.2793,15.2793,15.2793,15.2793,0.5,7.6396,5.97e-06,13:6,15.2793
85:13,4,206.7308,11.485,57.4252,114.8504,0.5,57.4252,4.49e-05,2:37,11.485
85:14,3,29.4078,14.7039,29.4078,29.4078,0.5774,16.9786,1.328e-05,10:107,14.7039
85:15,3,15.2793,15.2793,15.2793,15.2793,0.5774,8.8215,6.9e-06,40:15,15.2793
85:16,3,61.1171,61.1171,61.1171,61.1171,0.5774,35.286,2.759e-05,11:107,61.1171
85:17,4,183.8907,56.6659,183.8907,183.8907,0.5,91.9453,7.189e-05,51:24,56.6659
85:18,2,0,0.0,0,0,0.7071,0.0,0.0,,0.0
85:19,5,1326.0904,154.1877,353.7945,398.9566,0.4472,178.4188,0.00013951,38:2,154.1877
85:20,4,15.2793,15.2793,15.2793,15.2793,0.5,7.6396,5.97e-06,45:10,15.2793
85:21,4,102.9707,12.8713,64.3567,102.9707,0.5,51.4854,4.026e-05,3:180,12.8713
85:22,3,0,0.0,0,0,0.5774,0.0,0.0,,0.0
86:1,2,0,0.0,0,0,0.7071,0.0,0.0,,0.0
86:2,4,553.8189,49.2382,246.1911,492.3823,0.5,246.1911,0.0001925,69:3,49.2382
86:3,2,0,0.0,0,0,0.7071,0.0,0.0,,0.0
86:4,6,255.2963,14.7039,63.2911,119.7632,0.4082,48.8931,3.823e-05,19:93,14.7039
86:5,4,15.2793,15.2793,15.2793,15.2793,0.5,7.6396,5.97e-06,80:24,15.2793
86:6,4,95.185,15.2793,68.5498,95.185,0.5,47.5925,3.721e-05,25:54,15.2793
86:7,5,158.5427,13.893,68.4433,132.8,0.4472,59.39,4.644e-05,4:100,13.893
86:8,4,55.572,13.893,55.572,55.572,0.5,27.786,2.173e-05,41:39,13.893
86:9,3,0,0.0,0,0,0.5774,0.0,0.0,,0.0
86:10,6,665.3062,48.6507,243.2535,453.1355,0.4082,184.9918,0.00014465,13:33,48.6507
86:11,3,29.4078,14.7039,29.4078,29.4078,0.5774,16.9786,1.328e-05,51:7,14.7039
86:12,3,0,0.0,0,0,0.5774,0.0,0.0,,0.0
86:13,3,29.4078,14.7039,29.4078,29.4078,0.5774,16.9786,1.328e-05,69:40,14.7039
86:14,3,102.9707,12.8713,64.3567,102.9707,0.5774,59.4502,4.648e-05,2:96,12.8713
86:15,3,0,0.0,0,0,0.5774,0.0,0.0,,0.0
86:16,2,0,0.0,0,0,0.7071,0.0,0.0,,0.0
86:17,4,0,0.0,0,0,0.5,0.0,0.0,,0.0
87:1,4,42.7729,14.2576,42.7729,42.7729,0.5,21.3864,1.672e-05,55:78,14.2576
87:2,3,225.8885,11.2944,56.4721,112.9442,0.5774,65.2084,5.099e-05,2:29,11.2944
87:3,3,0,0.0,0,0,0.5774,0.0,0.0,,0.0
87:4,3,0,0.0,0,0,0.5774,0.0,0.0,,0.0
87:5,3,0,0.0,0,0,0.5774,0.0,0.0,,0.0
87:6,3,0,0.0,0,0,0.5774,0.0,0.0,,0.0
87:7,9,1309.2643,146.1895,551.3658,693.9311,0.3333,231.3104,0.00018086,6:128,146.1895
87:8,2,0,0.0,0,0,0.7071,0.0,0.0,,0.0
87:9,4,0,0.0,0,0,0.5,0.0,0.0,,0.0
87:10,3,0,0.0,0,0,0.5774,0.0,0.0,,0.0
87:11,2,0,0.0,0,0,0.7071,0.0,0.0,,0.0
87:12,4,15.2793,15.2793,15.2793,15.2793,0.5,7.6396,5.97e-06,33:43,15.2793
87:13,6,680.3959,394.9914,450.4494,509.584,0.4082,208.0368,0.00016267,20:74,394.9914
87:14,4,90.525,60.5418,90.525,90.525,0.5,45.2625,3.539e-05,91:9,60.5418
87:15,4,0,0.0,0,0,0.5,0.0,0.0,,0.0
87:16,4,546.0309,9.2548,46.2738,92.5476,0.5,46.2738,3.618e-05,2:85,9.2548
87:17,3,70.8512,15.2793,70.8512,70.8512,0.5774,40.906,3.199e-05,4:77,15.2793
87:18,5,374.1929,15.2793,56.298,107.5713,0.4472,48.1074,3.762e-05,20:133,15.2793
87:19,3,15.2793,15.2793,15.2793,15.2793,0.5774,8.8215,6.9e-06,42:13,15.2793
88:1,4,183.8907,56.6659,183.8907,183.8907,0.5,91.9453,7.189e-05,51:24,56.6659
88:2,3,42.7729,14.2576,42.7729,42.7729,0.5774,24.6949,1.931e-05,75:22,14.2576
88:3,2,0,0.0,0,0,0.7071,0.0,0.0,,0.0
88:4,3,0,0.0,0,0,0.5774,0.0,0.0,,0.0
88:5,4,0,0.0,0,0,0.5,0.0,0.0,,0.0
88:6,6,528.5404,55.6141,108.1632,157.0443,0.4082,64.113,5.013e-05,69:36,55.6141
88:7,6,131.3837,59.0738,117.126,131.3837,0.4082,53.6372,4.194e-05,77:31,59.0738
88:8,3,42.7729,14.2576,42.7729,42.7729,0.5774,24.6949,1.931e-05,75:22,14.2576
88:9,2,0,0.0,0,0,0.7071,0.0,0.0,,0.0
88:10,3,61.1171,61.1171,61.1171,61.1171,0.5774,35.286,2.759e-05,69:22,61.1171
88:11,4,29.4078,14.7039,29.4078,29.4078,0.5,14.7039,1.15e-05,27:80,14.7039
88:12,3,0,0.0,0,0,0.5774,0.0,0.0,,0.0
88:13,3,0,0.0,0,0,0.5774,0.0,0.0,,0.0
88:14,2,0,0.0,0,0,0.7071,0.0,0.0,,0.0
88:15,2,0,0.0,0,0,0.7071,0.0,0.0,,0.0
88:16,2,0,0.0,0,0,0.7071,0.0,0.0,,0.0
88:17,6,0,0.0,0,0,0.4082,0.0,0.0,,0.0
88:18,4,15.2793,15.2793,15.2793,15.2793,0.5,7.6396,5.97e-06,30:48,15.2793
88:19,4,0,0.0,0,0,0.5,0.0,0.0,,0.0
88:20,4,0,0.0,0,0,0.5,0.0,0.0,,0.0
88:21,4,79.9058,13.3176,66.5881,79.9058,0.5,39.9529,3.124e-05,11:12,13.3176
88:22,3,0,0.0,0,0,0.5774,0.0,0.0,,0.0
88:23,4,455.2089,15.2793,54.3841,103.2652,0.5,51.6326,4.037e-05,53:29,15.2793
88:24,4,15.2793,15.2793,15.2793,15.2793,0.5,7.6396,5.97e-06,32:21,15.2793
88:25,3,0,0.0,0,0,0.5774,0.0,0.0,,0.0
88:26,4,153.2372,58.1338,113.2843,153.2372,0.5,76.6186,5.991e-05,75:19,58.1338
89:1,1,0,0.0,0,0,1.0,0.0,0.0,,0.0
89:2,2,0,0.0,0,0,0.7071,0.0,0.0,,0.0
89:3,2,0,0.0,0,0,0.7071,0.0,0.0,,0.0
89:4,3,55.572,13.893,55.572,55.572,0.5774,32.0845,2.509e-05,81:17,13.893
89:5,6,486.3322,9.5359,47.6796,95.3593,0.4082,38.9303,3.044e-05,2:228,9.5359
89:6,6,740.7189,390.8011,477.093,529.8182,0.4082,216.2974,0.00016913,105:1,390.8011
89:7,3,0,0.0,0,0,0.5774,0.0,0.0,,0.0
89:8,6,55.572,13.893,55.572,55.572,0.4082,22.6872,1.774e-05,3:196,13.893
89:9,5,0,0.0,0,0,0.4472,0.0,0.0,,0.0
89:10,3,0,0.0,0,0,0.5774,0.0,0.0,,0.0
89:11,4,55.572,13.893,55.572,55.572,0.5,27.786,2.173e-05,3:196,13.893
89:12,3,0,0.0,0,0,0.5774,0.0,0.0,,0.0
89:13,5,0,0.0,0,0,0.4472,0.0,0.0,,0.0
89:14,3,272.1209,10.8848,54.4242,108.8484,0.5774,62.8436,4.914e-05,6:83,10.8848
89:15,11,152.6916,74.1992,126.5274,152.6916,0.3015,46.0382,3.6e-05,89:16,74.1992
89:16,10,167.9708,74.1992,128.7247,167.9708,0.3162,53.117,4.153e-05,89:15,74.1992
89:17,5,154.054,58.0362,113.2999,154.054,0.4472,68.895,5.387e-05,74:53,58.0362
89:18,5,130.9964,58.3694,130.9964,130.9964,0.4472,58.5834,4.581e-05,69:34,58.3694
89:19,4,0,0.0,0,0,0.5,0.0,0.0,,0.0
89:20,4,0,0.0,0,0,0.5,0.0,0.0,,0.0
89:21,6,15.2793,15.2793,15.2793,15.2793,0.4082,6.2377,4.88e-06,75:26,15.2793
89:22,5,0,0.0,0,0,0.4472,0.0,0.0,,0.0
89:23,9,15.2793,15.2793,15.2793,15.2793,0.3333,5.0931,3.98e-06,79:35,15.2793
89:24,4,15.2793,15.2793,15.2793,15.2793,0.5,7.6396,5.97e-06,25:27,15.2793
89:25,5,29.4078,14.7039,29.4078,29.4078,0.4472,13.1516,1.028e-05,30:57,14.7039
89:26,4,0,0.0,0,0,0.5,0.0,0.0,,0.0
89:27,3,0,0.0,0,0,0.5774,0.0,0.0,,0.0
89:28,5,135.8127,12.3466,61.7331,123.4661,0.4472,55.2157,4.317e-05,12:50,12.3466
89:29,3,0,0.0,0,0,0.5774,0.0,0.0,,0.0
89:30,2,0,0.0,0,0,0.7071,0.0,0.0,,0.0
90:1,4,30.5586,15.2793,30.5586,30.5586,0.5,15.2793,1.195e-05,75:1,15.2793
90:2,4,15.2793,15.2793,15.2793,15.2793,0.5,7.6396,5.97e-06,90:1,15.2793
90:3,3,0,0.0,0,0,0.5774,0.0,0.0,,0.0
90:4,5,220.7163,166.3775,220.7163,220.7163,0.4472,98.7073,7.718e-05,95:4,166.3775
90:5,6,140.3462,15.2793,65.3061,127.8395,0.4082,52.1903,4.081e-05,90:7,15.2793
90:6,4,0,0.0,0,0,0.5,0.0,0.0,,0.0
90:7,5,70.8512,15.2793,70.8512,70.8512,0.4472,31.6856,2.478e-05,90:5,15.2793
90:8,4,44.6871,15.2793,44.6871,44.6871,0.5,22.3436,1.747e-05,19:7,15.2793
90:9,2,0,0.0,0,0,0.7071,0.0,0.0,,0.0
90:10,2,0,0.0,0,0,0.7071,0.0,0.0,,0.0
90:11,3,0,0.0,0,0,0.5774,0.0,0.0,,0.0
90:12,4,553.8189,49.2382,246.1911,492.3823,0.5,246.1911,0.0001925,69:3,49.2382
90:13,2,0,0.0,0,0,0.7071,0.0,0.0,,0.0
90:14,6,55.572,13.893,55.572,55.572,0.4082,22.6872,1.774e-05,14:18,13.893
90:15,3,0,0.0,0,0,0.5774,0.0,0.0,,0.0
90:16,4,0,0.0,0,0,0.5,0.0,0.0,,0.0
90:17,9,1933.4105,46.3849,179.3612,248.8795,0.3333,82.9598,6.487e-05,2:212,46.3849
90:18,3,192.4305,15.2793,62.5196,121.57,0.5774,70.1885,5.488e-05,56:8,15.2793
90:19,6,276.3282,15.2793,71.3539,128.2912,0.4082,52.3747,4.095e-05,40:43,15.2793
90:20,3,0,0.0,0,0,0.5774,0.0,0.0,,0.0
91:1,2,0,0.0,0,0,0.7071,0.0,0.0,,0.0
91:2,3,15.2793,15.2793,15.2793,15.2793,0.5774,8.8215,6.9e-06,84:18,15.2793
91:3,3,15.2793,15.2793,15.2793,15.2793,0.5774,8.8215,6.9e-06,92:2,15.2793
91:4,3,55.572,13.893,55.572,55.572,0.5774,32.0845,2.509e-05,81:17,13.893
91:5,3,0,0.0,0,0,0.5774,0.0,0.0,,0.0
91:6,3,281.1146,10.8121,54.0605,108.121,0.5774,62.4237,4.881e-05,2:107,10.8121
91:7,3,0,0.0,0,0,0.5774,0.0,0.0,,0.0
91:8,3,0,0.0,0,0,0.5774,0.0,0.0,,0.0
91:9,4,75.2457,60.5418,75.2457,75.2457,0.5,37.6228,2.942e-05,87:14,60.5418
91:10,4,117.6314,58.8157,117.6314,117.6314,0.5,58.8157,4.599e-05,20:61,58.8157
91:11,3,42.7729,14.2576,42.7729,42.7729,0.5774,24.6949,1.931e-05,26:141,14.2576
91:12,3,0,0.0,0,0,0.5774,0.0,0.0,,0.0
91:13,7,231.8194,15.2793,68.0787,126.5575,0.378,47.8342,3.74e-05,2:243,15.2793
91:14,7,0,0.0,0,0,0.378,0.0,0.0,,0.0
91:15,3,0,0.0,0,0,0.5774,0.0,0.0,,0.0
92:1,3,55.572,13.893,55.572,55.572,0.5774,32.0845,2.509e-05,81:17,13.893
92:2,3,15.2793,15.2793,15.2793,15.2793,0.5774,8.8215,6.9e-06,91:3,15.2793
92:3,4,58.8157,14.7039,58.8157,58.8157,0.5,29.4078,2.299e-05,7:185,14.7039
92:4,3,0,0.0,0,0,0.5774,0.0,0.0,,0.0
92:5,4,67.9234,13.5847,67.9234,67.9234,0.5,33.9617,2.656e-05,28:67,13.5847
92:6,2,0,0.0,0,0,0.7071,0.0,0.0,,0.0
92:7,2,0,0.0,0,0,0.7071,0.0,0.0,,0.0
92:8,4,79.9058,13.3176,66.5881,79.9058,0.5,39.9529,3.124e-05,18:88,13.3176
92:9,2,0,0.0,0,0,0.7071,0.0,0.0,,0.0
92:10,2,0,0.0,0,0,0.7071,0.0,0.0,,0.0
92:11,6,15.2793,15.2793,15.2793,15.2793,0.4082,6.2377,4.88e-06,111:2,15.2793
92:12,3,42.7729,14.2576,42.7729,42.7729,0.5774,24.6949,1.931e-05,75:17,14.2576
92:13,4,0,0.0,0,0,0.5,0.0,0.0,,0.0
92:14,3,0,0.0,0,0,0.5774,0.0,0.0,,0.0
92:15,4,0,0.0,0,0,0.5,0.0,0.0,,0.0
92:16,3,42.7729,14.2576,42.7729,42.7729,0.5774,24.6949,1.931e-05,20:48,14.2576
92:17,2,0,0.0,0,0,0.7071,0.0,0.0,,0.0
92:18,4,0,0.0,0,0,0.5,0.0,0.0,,0.0
92:19,6,30.5586,15.2793,30.5586,30.5586,0.4082,12.4755,9.75e-06,2:140,15.2793
92:20,5,89.3743,59.9664,89.3743,89.3743,0.4472,39.9694,3.125e-05,2:272,59.9664
92:21,2,0,0.0,0,0,0.7071,0.0,0.0,,0.0
93:1,1,0,0.0,0,0,1.0,0.0,0.0,,0.0
93:2,3,55.572,13.893,55.572,55.572,0.5774,32.0845,2.509e-05,81:17,13.893
93:3,5,67.9234,13.5847,67.9234,67.9234,0.4472,30.3763,2.375e-05,2:149,13.5847
93:4,5,91.5744,13.0821,65.4103,91.5744,0.4472,40.9533,3.202e-05,2:120,13.0821
93:5,4,0,0.0,0,0,0.5,0.0,0.0,,0.0
93:6,4,0,0.0,0,0,0.5,0.0,0.0,,0.0
93:7,3,0,0.0,0,0,0.5774,0.0,0.0,,0.0
93:8,3,0,0.0,0,0,0.5774,0.0,0.0,,0.0
93:9,4,0,0.0,0,0,0.5,0.0,0.0,,0.0
93:10,4,0,0.0,0,0,0.5,0.0,0.0,,0.0
93:11,4,15.2793,15.2793,15.2793,15.2793,0.5,7.6396,5.97e-06,68:2,15.2793
94:1,4,0,0.0,0,0,0.5,0.0,0.0,,0.0
94:2,3,0,0.0,0,0,0.5774,0.0,0.0,,0.0
94:3,3,0,0.0,0,0,0.5774,0.0,0.0,,0.0
94:4,3,0,0.0,0,0,0.5774,0.0,0.0,,0.0
94:5,4,61.1171,61.1171,61.1171,61.1171,0.5,30.5586,2.389e-05,94:6,61.1171
94:6,4,76.3964,61.1171,76.3964,76.3964,0.5,38.1982,2.987e-05,94:5,61.1171
94:7,3,0,0.0,0,0,0.5774,0.0,0.0,,0.0
94:8,3,0,0.0,0,0,0.5774,0.0,0.0,,0.0
95:1,2,0,0.0,0,0,0.7071,0.0,0.0,,0.0
95:2,2,0,0.0,0,0,0.7071,0.0,0.0,,0.0
95:3,3,0,0.0,0,0,0.5774,0.0,0.0,,0.0
95:4,6,220.7163,166.3775,220.7163,220.7163,0.4082,90.107,7.046e-05,90:4,166.3775
95:5,4,0,0.0,0,0,0.5,0.0,0.0,,0.0
95:6,9,6684.8728,371.2188,1645.9164,2239.0861,0.3333,746.362,0.00058359,84:25,371.2188
95:7,4,0,0.0,0,0,0.5,0.0,0.0,,0.0
95:8,4,42.7729,14.2576,42.7729,42.7729,0.5,21.3864,1.672e-05,6:53,14.2576
96:1,5,268.6614,14.2576,65.3617,121.8339,0.4472,54.4858,4.26e-05,56:74,14.2576
96:2,4,282.0381,54.242,230.5527,282.0381,0.5,141.019,0.00011026,16:4,54.242
96:3,3,0,0.0,0,0,0.5774,0.0,0.0,,0.0
96:4,3,0,0.0,0,0,0.5774,0.0,0.0,,0.0
96:5,5,271.9338,13.893,66.9594,123.8967,0.4472,55.4083,4.332e-05,79:35,13.893
96:6,4,122.6787,14.2576,69.4082,122.6787,0.5,61.3393,4.796e-05,26:62,14.2576
96:7,3,0,0.0,0,0,0.5774,0.0,0.0,,0.0
96:8,4,135.8127,12.3466,61.7331,123.4661,0.5,61.7331,4.827e-05,12:50,12.3466
96:9,3,15.2793,15.2793,15.2793,15.2793,0.5774,8.8215,6.9e-06,107:1,15.2793
96:10,3,0,0.0,0,0,0.5774,0.0,0.0,,0.0
96:11,5,344.6476,15.2793,70.4298,134.7865,0.4472,60.2784,4.713e-05,96:13,15.2793
96:12,3,15.2793,15.2793,15.2793,15.2793,0.5774,8.8215,6.9e-06,5:52,15.2793
96:13,4,73.3315,15.2793,73.3315,73.3315,0.5,36.6657,2.867e-05,96:11,15.2793
96:14,5,91.5744,13.0821,65.4103,91.5744,0.4472,40.9533,3.202e-05,2:176,13.0821
96:15,6,137.4123,58.9199,111.2482,137.4123,0.4082,56.0983,4.386e-05,33:60,58.9199
96:16,3,0,0.0,0,0,0.5774,0.0,0.0,,0.0
96:17,2,0,0.0,0,0,0.7071,0.0,0.0,,0.0
96:18,2,0,0.0,0,0,0.7071,0.0,0.0,,0.0
96:19,5,15.2793,15.2793,15.2793,15.2793,0.4472,6.8331,5.34e-06,75:11,15.2793
97:1,5,211.6085,167.4968,211.6085,211.6085,0.4472,94.6342,7.4e-05,44:3,167.4968
97:2,5,583.2267,49.2382,246.1911,492.3823,0.4472,220.2,0.00017218,69:3,49.2382
97:3,6,120.9823,14.7039,68.654,120.9823,0.4082,49.3908,3.862e-05,97:1,14.7039
97:4,9,504.8361,60.5418,121.0835,171.5773,0.3333,57.1924,4.472e-05,14:23,60.5418
97:5,5,0,0.0,0,0,0.4472,0.0,0.0,,0.0
98:1,12,3460.6133,571.4348,1646.4099,1887.6033,0.2887,544.9041,0.00042607,98:6,571.4348
98:2,6,807.357,13.5847,67.9234,110.4196,0.4082,45.0786,3.525e-05,2:101,13.5847
98:3,3,0,0.0,0,0,0.5774,0.0,0.0,,0.0
98:4,11,4111.2704,805.6589,1360.8838,1723.6578,0.3015,519.7024,0.00040636,3:19,805.6589
98:5,16,899.7638,168.0721,768.3727,899.7638,0.25,224.941,0.00017588,9:31,168.0721
98:6,16,5653.9028,571.4348,1749.2683,2114.3361,0.25,528.584,0.00041331,98:1,571.4348
98:7,9,8351.7543,330.7829,1496.1432,2952.8436,0.3333,984.2812,0.00076962,34:4,330.7829
98:8,21,14885.1615,2000.4813,5074.8507,8014.3571,0.2182,1748.8761,0.00136747,5:119,2000.4813
99:1,4,0,0.0,0,0,0.5,0.0,0.0,,0.0
99:2,3,0,0.0,0,0,0.5774,0.0,0.0,,0.0
99:3,4,84.9798,14.7039,71.0868,84.9798,0.5,42.4899,3.322e-05,14:26,14.7039
99:4,3,0,0.0,0,0,0.5774,0.0,0.0,,0.0
99:5,4,0,0.0,0,0,0.5,0.0,0.0,,0.0
99:6,6,0,0.0,0,0,0.4082,0.0,0.0,,0.0
99:7,6,129.0406,59.4225,115.4559,129.0406,0.4082,52.6806,4.119e-05,99:8,59.4225
99:8,6,156.5342,59.4225,115.7801,156.5342,0.4082,63.9048,4.997e-05,99:7,59.4225
100:1,2,0,0.0,0,0,0.7071,0.0,0.0,,0.0
100:2,2,0,0.0,0,0,0.7071,0.0,0.0,,0.0
100:3,2,0,0.0,0,0,0.7071,0.0,0.0,,0.0
100:4,3,0,0.0,0,0,0.5774,0.0,0.0,,0.0
100:5,3,0,0.0,0,0,0.5774,0.0,0.0,,0.0
100:6,4,79.9058,13.3176,66.5881,79.9058,0.5,39.9529,3.124e-05,14:34,13.3176
100:7,4,30.5586,15.2793,30.5586,30.5586,0.5,15.2793,1.195e-05,4:133,15.2793
100:8,4,0,0.0,0,0,0.5,0.0,0.0,,0.0
100:9,7,604.4551,14.7039,56.791,102.4297,0.378,38.7148,3.027e-05,22:7,14.7039
100:10,4,604.4551,14.7039,56.791,102.4297,0.5,51.2149,4.005e-05,10:57,14.7039
100:11,5,0,0.0,0,0,0.4472,0.0,0.0,,0.0
101:1,1,0,0.0,0,0,1.0,0.0,0.0,,0.0
101:2,2,15.2793,15.2793,15.2793,15.2793,0.7071,10.8041,8.45e-06,101:3,15.2793
101:3,4,569.0982,49.2382,246.1911,492.3823,0.5,246.1911,0.0001925,69:3,49.2382
101:4,5,15.2793,15.2793,15.2793,15.2793,0.4472,6.8331,5.34e-06,43:33,15.2793
101:5,4,61.1171,61.1171,61.1171,61.1171,0.5,30.5586,2.389e-05,70:9,61.1171
101:6,4,97.3313,14.7039,70.1619,97.3313,0.5,48.6656,3.805e-05,7:8,14.7039
101:7,4,182.2007,167.4968,182.2007,182.2007,0.5,91.1003,7.123e-05,69:21,167.4968
101:8,4,109.3136,14.7039,69.3607,109.3136,0.5,54.6568,4.274e-05,7:9,14.7039
101:9,2,0,0.0,0,0,0.7071,0.0,0.0,,0.0
101:10,4,553.8189,49.2382,246.1911,492.3823,0.5,246.1911,0.0001925,69:3,49.2382
101:11,2,0,0.0,0,0,0.7071,0.0,0.0,,0.0
102:1,2,0,0.0,0,0,0.7071,0.0,0.0,,0.0
102:2,3,0,0.0,0,0,0.5774,0.0,0.0,,0.0
102:3,3,75.2457,60.5418,75.2457,75.2457,0.5774,43.4431,3.397e-05,102:4,60.5418
102:4,4,90.525,60.5418,90.525,90.525,0.5,45.2625,3.539e-05,102:3,60.5418
102:5,5,15.2793,15.2793,15.2793,15.2793,0.4472,6.8331,5.34e-06,56:76,15.2793
102:6,2,0,0.0,0,0,0.7071,0.0,0.0,,0.0
102:7,4,0,0.0,0,0,0.5,0.0,0.0,,0.0
102:8,5,0,0.0,0,0,0.4472,0.0,0.0,,0.0
103:1,1,0,0.0,0,0,1.0,0.0,0.0,,0.0
103:2,4,79.9058,13.3176,66.5881,79.9058,0.5,39.9529,3.124e-05,14:34,13.3176
103:3,9,6339.9664,312.8494,1358.3577,1893.1581,0.3333,631.0527,0.00049343,26:227,312.8494
104:1,4,15.2793,15.2793,15.2793,15.2793,0.5,7.6396,5.97e-06,45:7,15.2793
104:2,4,0,0.0,0,0,0.5,0.0,0.0,,0.0
104:3,4,0,0.0,0,0,0.5,0.0,0.0,,0.0
104:4,4,0,0.0,0,0,0.5,0.0,0.0,,0.0
104:5,4,553.8189,49.2382,246.1911,492.3823,0.5,246.1911,0.0001925,69:3,49.2382
104:6,3,0,0.0,0,0,0.5774,0.0,0.0,,0.0
104:7,4,29.4078,14.7039,29.4078,29.4078,0.5,14.7039,1.15e-05,5:13,14.7039
104:8,3,0,0.0,0,0,0.5774,0.0,0.0,,0.0
104:9,3,0,0.0,0,0,0.5774,0.0,0.0,,0.0
105:1,7,740.7189,390.8011,477.093,529.8182,0.378,200.2524,0.00015658,89:6,390.8011
105:2,5,0,0.0,0,0,0.4472,0.0,0.0,,0.0
105:3,4,0,0.0,0,0,0.5,0.0,0.0,,0.0
105:4,4,29.4078,14.7039,29.4078,29.4078,0.5,14.7039,1.15e-05,11:82,14.7039
105:5,3,0,0.0,0,0,0.5774,0.0,0.0,,0.0
106:1,2,0,0.0,0,0,0.7071,0.0,0.0,,0.0
106:2,4,0,0.0,0,0,0.5,0.0,0.0,,0.0
106:3,4,0,0.0,0,0,0.5,0.0,0.0,,0.0
106:4,7,15.2793,15.2793,15.2793,15.2793,0.378,5.775,4.52e-06,88:7,15.2793
107:1,4,15.2793,15.2793,15.2793,15.2793,0.5,7.6396,5.97e-06,96:9,15.2793
107:2,4,0,0.0,0,0,0.5,0.0,0.0,,0.0
107:3,5,467.1407,394.5137,467.1407,467.1407,0.4472,208.9117,0.00016335,69:34,394.5137
107:4,2,0,0.0,0,0,0.7071,0.0,0.0,,0.0
107:5,5,145.7436,14.2576,68.5156,132.8723,0.4472,59.4223,4.646e-05,10:7,14.2576
107:6,3,102.9707,12.8713,64.3567,102.9707,0.5774,59.4502,4.648e-05,11:27,12.8713
107:7,2,0,0.0,0,0,0.7071,0.0,0.0,,0.0
108:1,3,0,0.0,0,0,0.5774,0.0,0.0,,0.0
108:2,3,0,0.0,0,0,0.5774,0.0,0.0,,0.0
108:3,4,0,0.0,0,0,0.5,0.0,0.0,,0.0
109:1,3,67.9234,13.5847,67.9234,67.9234,0.5774,39.2156,3.066e-05,7:158,13.5847
109:2,4,58.0522,15.2793,58.0522,58.0522,0.5,29.0261,2.27e-05,36:22,15.2793
109:3,5,424.755,396.2397,424.755,424.755,0.4472,189.9562,0.00014853,109:5,396.2397
109:4,5,0,0.0,0,0,0.4472,0.0,0.0,,0.0
109:5,5,424.755,396.2397,424.755,424.755,0.4472,189.9562,0.00014853,109:3,396.2397
109:6,4,15.2793,15.2793,15.2793,15.2793,0.5,7.6396,5.97e-06,5:3,15.2793
110:1,5,110.4643,15.2793,70.5114,110.4643,0.4472,49.4011,3.863e-05,2:214,15.2793
110:2,7,89.3743,59.9664,89.3743,89.3743,0.378,33.7803,2.641e-05,24:2,59.9664
110:3,7,436.6881,59.4225,115.4559,171.4747,0.378,64.8114,5.068e-05,15:98,59.4225
111:1,5,0,0.0,0,0,0.4472,0.0,0.0,,0.0
111:2,6,58.0522,15.2793,58.0522,58.0522,0.4082,23.6997,1.853e-05,92:11,15.2793
111:3,4,0,0.0,0,0,0.5,0.0,0.0,,0.0
111:4,3,0,0.0,0,0,0.5774,0.0,0.0,,0.0
111:5,5,0,0.0,0,0,0.4472,0.0,0.0,,0.0
112:1,4,209.3115,15.2793,68.5498,133.2272,0.5,66.6136,5.209e-05,72:22,15.2793
112:2,2,0,0.0,0,0,0.7071,0.0,0.0,,0.0
112:3,4,0,0.0,0,0,0.5,0.0,0.0,,0.0
112:4,5,182.3111,56.8855,155.1417,182.3111,0.4472,81.532,6.375e-05,17:111,56.8855
113:1,4,61.1171,61.1171,61.1171,61.1171,0.5,30.5586,2.389e-05,114:1,61.1171
113:2,4,83.2027,15.2793,69.618,83.2027,0.5,41.6014,3.253e-05,114:4,15.2793
113:3,5,29.4078,14.7039,29.4078,29.4078,0.4472,13.1516,1.028e-05,113:4,14.7039
113:4,5,29.4078,14.7039,29.4078,29.4078,0.4472,13.1516,1.028e-05,113:3,14.7039
113:5,5,29.4078,14.7039,29.4078,29.4078,0.4472,13.1516,1.028e-05,113:3,14.7039
114:1,4,61.1171,61.1171,61.1171,61.1171,0.5,30.5586,2.389e-05,113:1,61.1171
114:2,2,0,0.0,0,0,0.7071,0.0,0.0,,0.0
114:3,2,0,0.0,0,0,0.7071,0.0,0.0,,0.0
114:4,4,15.2793,15.2793,15.2793,15.2793,0.5,7.6396,5.97e-06,113:2,15.2793
114:5,5,29.4078,14.7039,29.4078,29.4078,0.4472,13.1516,1.028e-05,29:10,14.7039
114:6,3,168.1293,57.4294,154.8117,168.1293,0.5774,97.0695,7.59e-05,11:119,57.4294
